date,value
2002-07-30,36.69029235839844
2002-07-31,36.91472244262695
2002-08-01,37.27665710449219
2002-08-02,37.352638244628906
2002-08-05,37.26215744018555
2002-08-06,37.13547897338867
2002-08-07,37.24043273925781
2002-08-08,37.1318359375
2002-08-09,37.28023147583008
2002-08-12,37.3309440612793
2002-08-13,37.63859558105469
2002-08-14,37.653053283691406
2002-08-15,37.54087829589844
2002-08-16,37.35988998413086
2002-08-19,37.569793701171875
2002-08-20,37.971588134765625
2002-08-21,38.02225112915039
2002-08-22,37.967960357666016
2002-08-23,38.0765380859375
2002-08-26,38.1163444519043
2002-08-27,38.02225112915039
2002-08-28,38.09462356567383
2002-08-29,38.23579788208008
2002-08-30,38.25751495361328
2002-09-03,38.43906784057617
2002-09-04,38.58091735839844
2002-09-05,38.69009780883789
2002-09-06,38.428157806396484
2002-09-09,38.453636169433594
2002-09-10,38.617374420166016
2002-09-11,38.5664176940918
2002-09-12,38.76654052734375
2002-09-13,38.83201599121094
2002-09-16,38.984806060791016
2002-09-17,39.013919830322266
2002-09-18,38.96663284301758
2002-09-19,38.96663284301758
2002-09-20,38.984806060791016
2002-09-23,38.8647575378418
2002-09-24,38.85748291015625
2002-09-25,38.777427673339844
2002-09-26,38.82109451293945
2002-09-27,39.130348205566406
2002-09-30,39.05754470825195
2002-10-01,39.030906677246094
2002-10-02,39.01995086669922
2002-10-03,39.00166702270508
2002-10-04,38.91032409667969
2002-10-07,38.72766876220703
2002-10-08,38.365936279296875
2002-10-09,38.22348403930664
2002-10-10,38.216163635253906
2002-10-11,38.325782775878906
2002-10-14,38.39521026611328
2002-10-15,37.942134857177734
2002-10-16,37.85081481933594
2002-10-17,37.56582260131836
2002-10-18,37.66447448730469
2002-10-21,37.441654205322266
2002-10-22,37.59504318237305
2002-10-23,37.66814422607422
2002-10-24,37.810611724853516
2002-10-25,38.07000732421875
2002-10-28,38.17596435546875
2002-10-29,38.39885330200195
2002-10-30,38.406150817871094
2002-10-31,38.81901550292969
2002-11-01,38.54253387451172
2002-11-04,38.623321533203125
2002-11-05,38.58293914794922
2002-11-06,38.700401306152344
2002-11-07,39.24748611450195
2002-11-08,39.298858642578125
2002-11-11,39.405330657958984
2002-11-12,39.0786018371582
2002-11-13,39.22909927368164
2002-11-14,38.96844482421875
2002-11-15,39.1923713684082
2002-11-18,39.464073181152344
2002-11-19,39.390621185302734
2002-11-20,39.262142181396484
2002-11-21,39.262142181396484
2002-11-22,39.1005973815918
2002-11-25,39.09691619873047
2002-11-26,39.31721878051758
2002-11-27,39.09691619873047
2002-11-29,39.09691619873047
2002-12-02,39.161441802978516
2002-12-03,39.23152160644531
2002-12-04,39.23152160644531
2002-12-05,39.31999206542969
2002-12-06,39.34211349487305
2002-12-09,39.34211349487305
2002-12-10,39.41588592529297
2002-12-11,39.581817626953125
2002-12-12,39.581817626953125
2002-12-13,39.379024505615234
2002-12-16,39.360565185546875
2002-12-17,39.50807571411133
2002-12-18,39.7071418762207
2002-12-19,39.96157455444336
2002-12-20,39.97260284423828
2002-12-23,39.97998046875
2002-12-24,40.064796447753906
2002-12-26,40.19755935668945
2002-12-27,40.42982864379883
2002-12-30,40.55153274536133
2002-12-31,40.632633209228516
2003-01-02,39.75840377807617
2003-01-03,39.98438262939453
2003-01-06,39.96589279174805
2003-01-07,40.11775588989258
2003-01-08,40.158451080322266
2003-01-09,39.83623123168945
2003-01-10,39.93992233276367
2003-01-13,39.895511627197266
2003-01-14,40.006649017333984
2003-01-15,40.006649017333984
2003-01-16,39.914031982421875
2003-01-17,40.099212646484375
2003-01-21,40.12517547607422
2003-01-22,40.206634521484375
2003-01-23,40.2252197265625
2003-01-24,40.40669250488281
2003-01-27,40.16960906982422
2003-01-28,40.29185485839844
2003-01-29,40.054771423339844
2003-01-30,40.19182586669922
2003-01-31,40.303001403808594
2003-02-03,40.34201431274414
2003-02-04,40.42013931274414
2003-02-05,40.360595703125
2003-02-06,40.431278228759766
2003-02-07,40.520565032958984
2003-02-10,40.27134323120117
2003-02-11,40.42013931274414
2003-02-12,40.36433792114258
2003-02-13,40.36433792114258
2003-02-14,40.34577941894531
2003-02-18,40.47222900390625
2003-02-19,40.6024284362793
2003-02-20,40.70657730102539
2003-02-21,40.5949821472168
2003-02-24,40.728885650634766
2003-02-25,40.803279876708984
2003-02-26,40.91486740112305
2003-02-27,41.08598709106445
2003-02-28,41.1008415222168
2003-03-03,41.33726501464844
2003-03-04,41.35965347290039
2003-03-05,41.33726501464844
2003-03-06,41.266300201416016
2003-03-07,41.27751159667969
2003-03-10,41.39326477050781
2003-03-11,41.299903869628906
2003-03-12,41.22521209716797
2003-03-13,40.96384048461914
2003-03-14,40.91531753540039
2003-03-17,40.702449798583984
2003-03-18,40.54188537597656
2003-03-19,40.32902145385742
2003-03-20,40.39999008178711
2003-03-21,40.19459915161133
2003-03-24,40.51571273803711
2003-03-25,40.56052017211914
2003-03-26,40.73976516723633
2003-03-27,40.79581832885742
2003-03-28,40.96009063720703
2003-03-31,41.150550842285156
2003-04-01,41.37269973754883
2003-04-02,41.25239562988281
2003-04-03,41.25617218017578
2003-04-04,41.15465545654297
2003-04-07,41.079498291015625
2003-04-08,41.229862213134766
2003-04-09,41.36520767211914
2003-04-10,41.21484375
2003-04-11,41.06825637817383
2003-04-14,41.09081268310547
2003-04-15,41.16595458984375
2003-04-16,41.44412612915039
2003-04-17,41.3576545715332
2003-04-21,41.44412612915039
2003-04-22,41.462921142578125
2003-04-23,41.70349884033203
2003-04-24,41.947845458984375
2003-04-25,41.95158767700195
2003-04-28,41.974159240722656
2003-04-29,41.823760986328125
2003-04-30,42.12075424194336
2003-05-01,42.35673904418945
2003-05-02,42.21281814575195
2003-05-05,42.402198791503906
2003-05-06,42.625648498535156
2003-05-07,42.90972137451172
2003-05-08,42.91353225708008
2003-05-09,42.83778381347656
2003-05-12,42.98545837402344
2003-05-13,42.98923873901367
2003-05-14,43.17862319946289
2003-05-15,43.16348648071289
2003-05-16,43.451358795166016
2003-05-19,43.2733154296875
2003-05-20,43.40590286254883
2003-05-21,43.40590286254883
2003-05-22,43.6975212097168
2003-05-23,43.758140563964844
2003-05-27,43.606624603271484
2003-05-28,43.43241882324219
2003-05-29,43.74675750732422
2003-05-30,43.765716552734375
2003-06-02,43.580142974853516
2003-06-03,43.980289459228516
2003-06-04,44.037445068359375
2003-06-05,43.965065002441406
2003-06-06,44.037445068359375
2003-06-09,44.13274002075195
2003-06-10,44.47575378417969
2003-06-11,44.426204681396484
2003-06-12,44.58626937866211
2003-06-13,44.77299880981445
2003-06-16,44.6091194152832
2003-06-17,44.46812438964844
2003-06-18,44.05649948120117
2003-06-19,44.13274002075195
2003-06-20,43.923118591308594
2003-06-23,44.1441535949707
2003-06-24,44.20893096923828
2003-06-25,43.98408126831055
2003-06-26,43.59921646118164
2003-06-27,43.48481750488281
2003-06-30,43.686832427978516
2003-07-01,43.45027160644531
2003-07-02,43.603668212890625
2003-07-03,43.33533477783203
2003-07-07,43.12451934814453
2003-07-08,43.162818908691406
2003-07-09,43.31612777709961
2003-07-10,43.40431213378906
2003-07-11,43.45798110961914
2003-07-14,43.342960357666016
2003-07-15,42.84848403930664
2003-07-16,42.83315658569336
2003-07-17,42.63382339477539
2003-07-18,42.81398010253906
2003-07-21,42.296512603759766
2003-07-22,42.26201248168945
2003-07-23,42.54178237915039
2003-07-24,42.35784149169922
2003-07-25,42.26201248168945
2003-07-28,41.8403205871582
2003-07-29,41.45699691772461
2003-07-30,41.6678466796875
2003-07-31,41.15034484863281
2003-08-01,41.27266311645508
2003-08-04,41.515785217285156
2003-08-05,41.326698303222656
2003-08-06,41.48491668701172
2003-08-07,41.712589263916016
2003-08-08,41.7357292175293
2003-08-11,41.573665618896484
2003-08-12,41.52738952636719
2003-08-13,41.06044006347656
2003-08-14,41.114437103271484
2003-08-15,41.19550704956055
2003-08-18,41.33054733276367
2003-08-19,41.69718933105469
2003-08-20,41.569828033447266
2003-08-21,41.369140625
2003-08-22,41.569828033447266
2003-08-25,41.38459396362305
2003-08-26,41.46564483642578
2003-08-27,41.45793151855469
2003-08-28,41.76277542114258
2003-08-29,41.74732208251953
2003-09-02,41.6478385925293
2003-09-03,41.768310546875
2003-09-04,41.912086486816406
2003-09-05,42.23078536987305
2003-09-08,42.075382232666016
2003-09-09,42.2075080871582
2003-09-10,42.5456657409668
2003-09-11,42.324100494384766
2003-09-12,42.63505172729492
2003-09-15,42.65056610107422
2003-09-16,42.743831634521484
2003-09-17,43.00425338745117
2003-09-18,42.945953369140625
2003-09-19,42.98866653442383
2003-09-22,42.82935333251953
2003-09-23,42.89155960083008
2003-09-24,43.054771423339844
2003-09-25,43.20245361328125
2003-09-26,43.47063446044922
2003-09-29,43.35404586791992
2003-09-30,43.64161682128906
2003-10-01,43.767189025878906
2003-10-02,43.59898376464844
2003-10-03,42.99261474609375
2003-10-06,43.035675048828125
2003-10-07,42.8908805847168
2003-10-08,43.04741668701172
2003-10-09,42.89875411987305
2003-10-10,43.1099739074707
2003-10-13,43.08260726928711
2003-10-14,42.90657043457031
2003-10-15,42.91047668457031
2003-10-16,42.7735481262207
2003-10-17,43.00828170776367
2003-10-20,43.04741668701172
2003-10-21,43.06303024291992
2003-10-22,43.188236236572266
2003-10-23,42.95352554321289
2003-10-24,43.26649475097656
2003-10-27,43.168701171875
2003-10-28,43.45423889160156
2003-10-29,43.14909744262695
2003-10-30,43.09041213989258
2003-10-31,43.09041213989258
2003-11-03,43.112815856933594
2003-11-04,43.17958450317383
2003-11-05,42.877166748046875
2003-11-06,42.64152908325195
2003-11-07,42.72402572631836
2003-11-10,42.59836196899414
2003-11-11,42.78290557861328
2003-11-12,42.806461334228516
2003-11-13,43.21098327636719
2003-11-14,43.446617126464844
2003-11-17,43.52909851074219
2003-11-18,43.72153091430664
2003-11-19,43.3366813659668
2003-11-20,43.5447998046875
2003-11-21,43.69008255004883
2003-11-24,43.395565032958984
2003-11-25,43.533016204833984
2003-11-26,43.43875503540039
2003-11-28,43.2227668762207
2003-12-01,43.132877349853516
2003-12-02,43.25117111206055
2003-12-03,43.17626953125
2003-12-04,43.21173858642578
2003-12-05,43.66123962402344
2003-12-08,43.333961486816406
2003-12-09,43.19596481323242
2003-12-10,43.294578552246094
2003-12-11,43.491676330566406
2003-12-12,43.60997009277344
2003-12-15,43.51142501831055
2003-12-16,44.164276123046875
2003-12-17,44.264102935791016
2003-12-18,44.51966094970703
2003-12-19,44.547607421875
2003-12-22,44.4637565612793
2003-12-23,44.208221435546875
2003-12-24,44.47175216674805
2003-12-26,44.4837532043457
2003-12-29,44.3958854675293
2003-12-30,44.224159240722656
2003-12-31,44.33441925048828
2004-01-02,44.01768493652344
2004-01-05,44.06581115722656
2004-01-06,44.46274948120117
2004-01-07,44.49884033203125
2004-01-08,44.57100296020508
2004-01-09,44.931861877441406
2004-01-12,45.00807571411133
2004-01-13,45.128395080566406
2004-01-14,45.22453308105469
2004-01-15,45.429100036621094
2004-01-16,45.22856903076172
2004-01-20,45.1363410949707
2004-01-21,45.240604400634766
2004-01-22,45.46916961669922
2004-01-23,45.10831832885742
2004-01-26,44.85969924926758
2004-01-27,45.132347106933594
2004-01-28,44.775489807128906
2004-01-29,44.76746368408203
2004-01-30,44.87575149536133
2004-02-02,44.86366653442383
2004-02-03,44.956275939941406
2004-02-04,44.92003631591797
2004-02-05,44.84357452392578
2004-02-06,44.97635269165039
2004-02-09,45.16558837890625
2004-02-10,45.032737731933594
2004-02-11,45.30651092529297
2004-02-12,45.225948333740234
2004-02-13,45.48356246948242
2004-02-17,45.35070037841797
2004-02-18,45.2460823059082
2004-02-19,45.407081604003906
2004-02-20,45.18570327758789
2004-02-23,45.31047821044922
2004-02-24,45.354759216308594
2004-02-25,45.3869514465332
2004-02-26,45.41914749145508
2004-02-27,45.5520133972168
2004-03-01,45.53784942626953
2004-03-02,45.44896697998047
2004-03-03,45.428749084472656
2004-03-04,45.50147247314453
2004-03-05,45.98642349243164
2004-03-08,46.1157341003418
2004-03-09,46.20868682861328
2004-03-10,46.35822296142578
2004-03-11,46.16016387939453
2004-03-12,46.10764694213867
2004-03-15,46.16016387939453
2004-03-16,46.370338439941406
2004-03-17,46.39456558227539
2004-03-18,46.20058822631836
2004-03-19,46.12785720825195
2004-03-22,46.30564880371094
2004-03-23,46.39052200317383
2004-03-24,46.34611892700195
2004-03-25,46.22077941894531
2004-03-26,45.8773193359375
2004-03-29,45.95003890991211
2004-03-30,45.83693313598633
2004-03-31,46.002601623535156
2004-04-01,45.98268508911133
2004-04-02,45.26473617553711
2004-04-05,45.0375862121582
2004-04-06,45.24851989746094
2004-04-07,45.26070022583008
2004-04-08,45.305294036865234
2004-04-12,45.02945327758789
2004-04-13,44.74553680419922
2004-04-14,44.6847038269043
2004-04-15,44.49813461303711
2004-04-16,44.7536735534668
2004-04-19,44.6724853515625
2004-04-20,44.380496978759766
2004-04-21,44.4169807434082
2004-04-22,44.660335540771484
2004-04-23,44.469703674316406
2004-04-26,44.47378158569336
2004-04-27,44.6847038269043
2004-04-28,44.41290283203125
2004-04-29,44.21417236328125
2004-04-30,44.21417236328125
2004-05-03,44.27197265625
2004-05-04,44.1253547668457
2004-05-05,44.06019973754883
2004-05-06,43.86066818237305
2004-05-07,43.290489196777344
2004-05-10,42.96879959106445
2004-05-11,43.054290771484375
2004-05-12,43.070594787597656
2004-05-13,42.84255599975586
2004-05-14,43.10316467285156
2004-05-17,43.310855865478516
2004-05-18,43.371944427490234
2004-05-19,43.22942352294922
2004-05-20,43.46969985961914
2004-05-21,43.43302917480469
2004-05-24,43.60818862915039
2004-05-25,43.65300369262695
2004-05-26,43.84841537475586
2004-05-27,44.048011779785156
2004-05-28,43.982826232910156
2004-06-01,43.748130798339844
2004-06-02,43.63360595703125
2004-06-03,43.748130798339844
2004-06-04,43.59272384643555
2004-06-07,43.64999771118164
2004-06-08,43.6540641784668
2004-06-09,43.46189498901367
2004-06-10,43.48640823364258
2004-06-14,43.265621185302734
2004-06-15,43.75628662109375
2004-06-16,43.760379791259766
2004-06-17,43.84626007080078
2004-06-18,43.793128967285156
2004-06-21,43.870819091796875
2004-06-22,43.8094596862793
2004-06-23,43.78084182739258
2004-06-24,43.92396545410156
2004-06-25,43.956668853759766
2004-06-28,43.64999771118164
2004-06-29,43.956668853759766
2004-06-30,44.038455963134766
2004-07-01,44.25850296020508
2004-07-02,44.56641387939453
2004-07-06,44.46381378173828
2004-07-07,44.50071716308594
2004-07-08,44.52535629272461
2004-07-09,44.541778564453125
2004-07-12,44.63212966918945
2004-07-13,44.5458869934082
2004-07-14,44.56641387939453
2004-07-15,44.4760856628418
2004-07-16,44.907196044921875
2004-07-19,44.935935974121094
2004-07-20,44.62800598144531
2004-07-21,44.61979293823242
2004-07-22,44.517127990722656
2004-07-23,44.710105895996094
2004-07-26,44.68547821044922
2004-07-27,44.37346267700195
2004-07-28,44.24208068847656
2004-07-29,44.4103889465332
2004-07-30,44.726539611816406
2004-08-02,44.81846618652344
2004-08-03,44.76899337768555
2004-08-04,44.888553619384766
2004-08-05,44.970985412597656
2004-08-06,45.37494659423828
2004-08-09,45.38318634033203
2004-08-10,45.23479461669922
2004-08-11,45.20182418823242
2004-08-12,45.26359176635742
2004-08-13,45.44502258300781
2004-08-16,45.39967346191406
2004-08-17,45.64698791503906
2004-08-18,45.515079498291016
2004-08-19,45.67584228515625
2004-08-20,45.51095962524414
2004-08-23,45.424339294433594
2004-08-24,45.38318634033203
2004-08-25,45.59754180908203
2004-08-26,45.626365661621094
2004-08-27,45.73355484008789
2004-08-30,45.9107666015625
2004-08-31,46.10454177856445
2004-09-01,46.016380310058594
2004-09-02,45.82189178466797
2004-09-03,45.46184158325195
2004-09-07,45.71843719482422
2004-09-08,45.91294479370117
2004-09-09,46.00808334350586
2004-09-10,45.98326110839844
2004-09-13,46.1405029296875
2004-09-14,46.152915954589844
2004-09-15,46.152915954589844
2004-09-16,46.41778564453125
2004-09-17,46.24401092529297
2004-09-20,46.496368408203125
2004-09-21,46.51298522949219
2004-09-22,46.67850112915039
2004-09-23,46.49229431152344
2004-09-24,46.475711822509766
2004-09-27,46.637123107910156
2004-09-28,46.6039924621582
2004-09-29,46.38465118408203
2004-09-30,46.248111724853516
2004-10-01,46.0433235168457
2004-10-04,46.01426315307617
2004-10-05,46.205326080322266
2004-10-06,46.07242965698242
2004-10-07,45.972660064697266
2004-10-08,46.4213752746582
2004-10-11,46.46290588378906
2004-10-12,46.487796783447266
2004-10-13,46.666419982910156
2004-10-14,46.8575325012207
2004-10-15,46.649776458740234
2004-10-18,46.7287483215332
2004-10-19,46.72042465209961
2004-10-20,46.874149322509766
2004-10-21,46.832603454589844
2004-10-22,46.79521560668945
2004-10-25,46.8990364074707
2004-10-26,46.84921646118164
2004-10-27,46.56671905517578
2004-10-28,46.64564895629883
2004-10-29,46.79521560668945
2004-11-01,46.59965515136719
2004-11-02,46.6705322265625
2004-11-03,46.57881164550781
2004-11-04,46.778961181640625
2004-11-05,46.57881164550781
2004-11-08,46.38277816772461
2004-11-09,46.39114761352539
2004-11-10,46.34939956665039
2004-11-11,46.35362243652344
2004-11-12,46.58710479736328
2004-11-15,46.60379409790039
2004-11-16,46.57881164550781
2004-11-17,46.83732986450195
2004-11-18,46.91234588623047
2004-11-19,46.66633987426758
2004-11-22,46.645484924316406
2004-11-23,46.703880310058594
2004-11-24,46.699703216552734
2004-11-26,46.53288650512695
2004-11-29,46.16596984863281
2004-11-30,46.224361419677734
2004-12-01,46.19667434692383
2004-12-02,46.05022048950195
2004-12-03,46.30976104736328
2004-12-06,46.439517974853516
2004-12-07,46.54832458496094
2004-12-08,46.70741271972656
2004-12-09,46.81622314453125
2004-12-10,46.837158203125
2004-12-13,46.92927169799805
2004-12-14,46.95014572143555
2004-12-15,47.20137405395508
2004-12-16,46.795291900634766
2004-12-17,46.845550537109375
2004-12-20,46.81203079223633
2004-12-21,46.83297348022461
2004-12-22,46.883235931396484
2004-12-23,46.96694564819336
2004-12-27,46.71574401855469
2004-12-28,46.7660026550293
2004-12-29,46.694820404052734
2004-12-30,46.86226272583008
2004-12-31,46.86733627319336
2005-01-03,47.16987609863281
2005-01-04,46.90512466430664
2005-01-05,46.942996978759766
2005-01-06,46.97657012939453
2005-01-07,46.9555778503418
2005-01-10,46.875736236572266
2005-01-11,46.9849739074707
2005-01-12,47.031211853027344
2005-01-13,47.15727233886719
2005-01-14,47.2119255065918
2005-01-18,47.23713302612305
2005-01-19,47.308563232421875
2005-01-20,47.22454071044922
2005-01-21,47.32960891723633
2005-01-24,47.41357421875
2005-01-25,47.253929138183594
2005-01-26,47.27073287963867
2005-01-27,47.16987609863281
2005-01-28,47.443031311035156
2005-01-31,47.443031311035156
2005-02-01,47.43333435058594
2005-02-02,47.39116668701172
2005-02-03,47.450191497802734
2005-02-04,47.602046966552734
2005-02-07,47.618919372558594
2005-02-08,47.791873931884766
2005-02-09,47.96059799194336
2005-02-10,47.791873931884766
2005-02-11,47.652687072753906
2005-02-14,47.73284149169922
2005-02-15,47.66109848022461
2005-02-16,47.43333435058594
2005-02-17,47.3278923034668
2005-02-18,47.247703552246094
2005-02-22,47.20551681518555
2005-02-23,47.27305603027344
2005-02-24,47.18020248413086
2005-02-25,47.26460647583008
2005-02-28,46.998844146728516
2005-03-01,46.989967346191406
2005-03-02,47.006900787353516
2005-03-03,47.0026741027832
2005-03-04,47.155094146728516
2005-03-07,47.29061508178711
2005-03-08,47.07889938354492
2005-03-09,46.630008697509766
2005-03-10,46.693511962890625
2005-03-11,46.613094329833984
2005-03-14,46.60884094238281
2005-03-15,46.41830825805664
2005-03-16,46.57924270629883
2005-03-17,46.47334289550781
2005-03-18,46.33362579345703
2005-03-21,46.27857208251953
2005-03-22,45.8805046081543
2005-03-23,46.016021728515625
2005-03-24,46.11341094970703
2005-03-28,46.045684814453125
2005-03-29,46.12612533569336
2005-03-30,46.24469757080078
2005-03-31,46.40557861328125
2005-04-01,46.448097229003906
2005-04-04,46.16325759887695
2005-04-05,46.30357360839844
2005-04-06,46.27804946899414
2005-04-07,46.04420471191406
2005-04-08,46.19306564331055
2005-04-11,46.32059860229492
2005-04-12,46.50761795043945
2005-04-13,46.61817169189453
2005-04-14,46.448097229003906
2005-04-15,46.66068649291992
2005-04-18,46.66916275024414
2005-04-19,46.864768981933594
2005-04-20,46.89028549194336
2005-04-21,46.643699645996094
2005-04-22,46.864768981933594
2005-04-25,46.97955322265625
2005-04-26,46.903038024902344
2005-04-27,47.13261795043945
2005-04-28,47.328216552734375
2005-04-29,47.15814208984375
2005-05-02,47.1743278503418
2005-05-03,47.199913024902344
2005-05-04,47.093231201171875
2005-05-05,47.16152572631836
2005-05-06,46.90545654296875
2005-05-09,46.743289947509766
2005-05-10,46.73472213745117
2005-05-11,46.77741241455078
2005-05-12,46.628013610839844
2005-05-13,46.88835525512695
2005-05-16,46.815826416015625
2005-05-17,46.841434478759766
2005-05-18,47.00788116455078
2005-05-19,46.939579010009766
2005-05-20,46.926841735839844
2005-05-23,47.12311935424805
2005-05-24,47.22559356689453
2005-05-25,47.22129821777344
2005-05-26,47.25117111206055
2005-05-27,47.24687957763672
2005-05-31,47.45178985595703
2005-06-01,47.777809143066406
2005-06-02,47.96207046508789
2005-06-03,47.70927429199219
2005-06-06,47.84212112426758
2005-06-07,47.94066619873047
2005-06-08,47.84212112426758
2005-06-09,47.75212097167969
2005-06-10,47.53784942626953
2005-06-13,47.42649841308594
2005-06-14,47.375064849853516
2005-06-15,47.28512191772461
2005-06-16,47.33223342895508
2005-06-17,47.323631286621094
2005-06-20,47.26792907714844
2005-06-21,47.42649841308594
2005-06-22,47.76493835449219
2005-06-23,47.794979095458984
2005-06-24,47.91496276855469
2005-06-27,47.98350143432617
2005-06-28,47.83353805541992
2005-06-29,47.85923767089844
2005-06-30,48.03062057495117
2005-07-01,47.80995559692383
2005-07-05,47.6551513671875
2005-07-06,47.75835037231445
2005-07-07,47.88307189941406
2005-07-08,47.7884635925293
2005-07-11,47.52610778808594
2005-07-12,47.41857147216797
2005-07-13,47.52610778808594
2005-07-14,47.569122314453125
2005-07-15,47.590614318847656
2005-07-18,47.55192565917969
2005-07-19,47.590614318847656
2005-07-20,47.64221954345703
2005-07-21,47.39704132080078
2005-07-22,47.616451263427734
2005-07-25,47.61213684082031
2005-07-26,47.62071990966797
2005-07-27,47.56052017211914
2005-07-28,47.74116516113281
2005-07-29,47.63360595703125
2005-08-01,47.520484924316406
2005-08-02,47.43408966064453
2005-08-03,47.546356201171875
2005-08-04,47.546356201171875
2005-08-05,47.46437072753906
2005-08-08,47.248435974121094
2005-08-09,47.326171875
2005-08-10,47.36501693725586
2005-08-11,47.5118408203125
2005-08-12,47.74074935913086
2005-08-15,47.671592712402344
2005-08-16,47.796871185302734
2005-08-17,47.671592712402344
2005-08-18,47.80552291870117
2005-08-19,47.7623291015625
2005-08-22,47.74074935913086
2005-08-23,47.779579162597656
2005-08-24,47.7623291015625
2005-08-25,47.85303497314453
2005-08-26,47.930755615234375
2005-08-29,47.935054779052734
2005-08-30,48.01280975341797
2005-08-31,48.34965133666992
2005-09-01,48.21304702758789
2005-09-02,48.226070404052734
2005-09-06,48.126338958740234
2005-09-07,47.95286178588867
2005-09-08,47.96588134765625
2005-09-09,47.98756790161133
2005-09-12,47.86613082885742
2005-09-13,47.94850540161133
2005-09-14,47.831459045410156
2005-09-15,47.662391662597656
2005-09-16,47.53229522705078
2005-09-19,47.662391662597656
2005-09-20,47.5886344909668
2005-09-21,47.80113983154297
2005-09-22,47.775123596191406
2005-09-23,47.6363410949707
2005-09-26,47.484580993652344
2005-09-27,47.52793502807617
2005-09-28,47.62762451171875
2005-09-29,47.6103401184082
2005-09-30,47.44990158081055
2005-10-03,47.30447769165039
2005-10-04,47.365421295166016
2005-10-05,47.43073654174805
2005-10-06,47.326263427734375
2005-10-07,47.404598236083984
2005-10-10,47.3741340637207
2005-10-11,47.29581069946289
2005-10-12,47.09552001953125
2005-10-13,47.01714324951172
2005-10-14,46.9213752746582
2005-10-17,46.9866828918457
2005-10-18,47.04763412475586
2005-10-19,47.09552001953125
2005-10-20,46.97796630859375
2005-10-21,47.22614669799805
2005-10-24,47.04763412475586
2005-10-25,46.81689453125
2005-10-26,46.67758560180664
2005-10-27,46.71242141723633
2005-10-28,46.71242141723633
2005-10-31,46.69938278198242
2005-11-01,46.682777404785156
2005-11-02,46.5909538269043
2005-11-03,46.429298400878906
2005-11-04,46.46422576904297
2005-11-07,46.5123176574707
2005-11-08,46.79202651977539
2005-11-09,46.54290771484375
2005-11-10,46.787654876708984
2005-11-11,46.82692337036133
2005-11-14,46.5909538269043
2005-11-15,46.713348388671875
2005-11-16,46.91000747680664
2005-11-17,46.988677978515625
2005-11-18,46.896873474121094
2005-11-21,47.049869537353516
2005-11-22,47.137290954589844
2005-11-23,47.09357452392578
2005-11-25,47.15474319458008
2005-11-28,47.31206512451172
2005-11-29,47.09357452392578
2005-11-30,47.006168365478516
2005-12-01,46.91098403930664
2005-12-02,46.924129486083984
2005-12-05,46.80133819580078
2005-12-06,46.897823333740234
2005-12-07,46.8408203125
2005-12-08,46.93728256225586
2005-12-09,46.85397720336914
2005-12-12,46.75307083129883
2005-12-13,46.79256057739258
2005-12-14,47.033782958984375
2005-12-15,46.994300842285156
2005-12-16,47.19166946411133
2005-12-19,47.11273193359375
2005-12-20,47.1522331237793
2005-12-21,47.16975402832031
2005-12-22,47.17417526245117
2005-12-23,47.35837173461914
2005-12-27,47.573299407958984
2005-12-28,47.59575653076172
2005-12-29,47.46809387207031
2005-12-30,47.410850524902344
2006-01-03,47.67060470581055
2006-01-04,47.67060470581055
2006-01-05,47.710208892822266
2006-01-06,47.635398864746094
2006-01-09,47.6441650390625
2006-01-10,47.5164909362793
2006-01-11,47.4372444152832
2006-01-12,47.58694076538086
2006-01-13,47.72783279418945
2006-01-17,47.72783279418945
2006-01-18,47.71460723876953
2006-01-19,47.70585632324219
2006-01-20,47.745445251464844
2006-01-23,47.855491638183594
2006-01-24,47.74983596801758
2006-01-25,47.48566436767578
2006-01-26,47.41522216796875
2006-01-27,47.48566436767578
2006-01-30,47.3095817565918
2006-01-31,47.20392990112305
2006-02-01,47.21672058105469
2006-02-02,47.17696762084961
2006-02-03,47.252098083496094
2006-02-06,47.33164596557617
2006-02-07,47.212337493896484
2006-02-08,47.212337493896484
2006-02-09,47.28741455078125
2006-02-10,47.19908905029297
2006-02-13,47.26979064941406
2006-02-14,47.22114944458008
2006-02-15,47.252098083496094
2006-02-16,47.31838607788086
2006-02-17,47.473026275634766
2006-02-21,47.45096969604492
2006-02-22,47.62774658203125
2006-02-23,47.52168273925781
2006-02-24,47.499576568603516
2006-02-27,47.47747039794922
2006-02-28,47.526084899902344
2006-03-01,47.34286117553711
2006-03-02,47.12539291381836
2006-03-03,47.03664016723633
2006-03-06,46.79258346557617
2006-03-07,46.770416259765625
2006-03-08,46.79258346557617
2006-03-09,46.78370666503906
2006-03-10,46.90351486206055
2006-03-13,46.84138870239258
2006-03-14,47.143157958984375
2006-03-15,47.07215118408203
2006-03-16,47.32951354980469
2006-03-17,47.28514862060547
2006-03-20,47.33841323852539
2006-03-21,47.16089630126953
2006-03-22,47.15202713012695
2006-03-23,47.12539291381836
2006-03-24,47.24076843261719
2006-03-27,47.24076843261719
2006-03-28,47.01887512207031
2006-03-29,46.974483489990234
2006-03-30,46.8325309753418
2006-03-31,46.726036071777344
2006-04-03,46.76522445678711
2006-04-04,46.80976867675781
2006-04-05,46.965782165527344
2006-04-06,46.79644775390625
2006-04-07,46.61371994018555
2006-04-10,46.51126480102539
2006-04-11,46.64492416381836
2006-04-12,46.49787902832031
2006-04-13,46.40876388549805
2006-04-17,46.39982604980469
2006-04-18,46.58700942993164
2006-04-19,46.555850982666016
2006-04-20,46.53350830078125
2006-04-21,46.622650146484375
2006-04-24,46.71623992919922
2006-04-25,46.49342727661133
2006-04-26,46.43996810913086
2006-04-27,46.52463912963867
2006-04-28,46.63157272338867
2006-05-01,46.395259857177734
2006-05-02,46.466861724853516
2006-05-03,46.466861724853516
2006-05-04,46.44894027709961
2006-05-05,46.50262451171875
2006-05-08,46.56086349487305
2006-05-09,46.57876968383789
2006-05-10,46.610069274902344
2006-05-11,46.529502868652344
2006-05-12,46.41316604614258
2006-05-15,46.45341110229492
2006-05-16,46.623512268066406
2006-05-17,46.47581481933594
2006-05-18,46.771202087402344
2006-05-19,46.74885559082031
2006-05-22,46.775699615478516
2006-05-23,46.74435806274414
2006-05-24,46.7935905456543
2006-05-25,46.73094940185547
2006-05-26,46.73539733886719
2006-05-30,46.63246536254883
2006-05-31,46.54296112060547
2006-06-01,46.6242790222168
2006-06-02,46.91642761230469
2006-06-05,46.77260971069336
2006-06-06,46.87601852416992
2006-06-07,46.75013732910156
2006-06-08,46.90292739868164
2006-06-09,46.952354431152344
2006-06-12,46.82655334472656
2006-06-13,46.87601852416992
2006-06-14,46.67373275756836
2006-06-15,46.579322814941406
2006-06-16,46.51642990112305
2006-06-19,46.45798110961914
2006-06-20,46.42207336425781
2006-06-21,46.36362075805664
2006-06-22,46.2557487487793
2006-06-23,46.179359436035156
2006-06-26,46.179359436035156
2006-06-27,46.10742950439453
2006-06-28,46.004085540771484
2006-06-29,46.24677658081055
2006-06-30,46.50297927856445
2006-07-03,46.445621490478516
2006-07-05,46.15219497680664
2006-07-06,46.382415771484375
2006-07-07,46.55846405029297
2006-07-10,46.61713790893555
2006-07-11,46.689361572265625
2006-07-12,46.76612854003906
2006-07-13,46.761619567871094
2006-07-14,46.80219650268555
2006-07-17,46.851871490478516
2006-07-18,46.608116149902344
2006-07-19,46.82029724121094
2006-07-20,47.0234375
2006-07-21,46.9872932434082
2006-07-24,47.000823974609375
2006-07-25,46.96473693847656
2006-07-26,47.064064025878906
2006-07-27,46.99186325073242
2006-07-28,47.17239761352539
2006-07-31,47.1814079284668
2006-08-01,47.247596740722656
2006-08-02,47.3292350769043
2006-08-03,47.333736419677734
2006-08-04,47.5196647644043
2006-08-07,47.478851318359375
2006-08-08,47.50604248046875
2006-08-09,47.48336410522461
2006-08-10,47.478851318359375
2006-08-11,47.38363265991211
2006-08-14,47.324684143066406
2006-08-15,47.56951141357422
2006-08-16,47.76898956298828
2006-08-17,47.74635314941406
2006-08-18,47.84157180786133
2006-08-21,47.909523010253906
2006-08-22,47.9412956237793
2006-08-23,47.92314529418945
2006-08-24,47.92314529418945
2006-08-25,47.99113464355469
2006-08-28,48.00475311279297
2006-08-29,48.03650665283203
2006-08-30,48.06821823120117
2006-08-31,48.23146057128906
2006-09-01,48.17409896850586
2006-09-05,48.02836227416992
2006-09-06,48.02836227416992
2006-09-07,48.07841873168945
2006-09-08,48.1285400390625
2006-09-11,48.11033630371094
2006-09-12,48.1832160949707
2006-09-13,48.31070327758789
2006-09-14,48.18770980834961
2006-09-15,48.155860900878906
2006-09-18,48.16499710083008
2006-09-19,48.35169219970703
2006-09-20,48.429107666015625
2006-09-21,48.720550537109375
2006-09-22,48.747928619384766
2006-09-25,48.82078552246094
2006-09-26,48.684146881103516
2006-09-27,48.661376953125
2006-09-28,48.675018310546875
2006-09-29,48.652278900146484
2006-10-02,48.73231506347656
2006-10-03,48.76436233520508
2006-10-04,48.997684478759766
2006-10-05,48.83751678466797
2006-10-06,48.56305694580078
2006-10-09,48.599647521972656
2006-10-10,48.38465881347656
2006-10-11,48.27487564086914
2006-10-12,48.38924789428711
2006-10-13,48.21082305908203
2006-10-16,48.32973861694336
2006-10-17,48.4212532043457
2006-10-18,48.521888732910156
2006-10-19,48.366390228271484
2006-10-20,48.38465881347656
2006-10-23,48.27487564086914
2006-10-24,48.35722732543945
2006-10-25,48.56305694580078
2006-10-26,48.71860885620117
2006-10-27,48.8741340637207
2006-10-30,48.91989517211914
2006-10-31,49.13947677612305
2006-11-01,49.301639556884766
2006-11-02,49.24189376831055
2006-11-03,48.89735412597656
2006-11-06,48.95246887207031
2006-11-07,49.127037048339844
2006-11-08,49.18677520751953
2006-11-09,49.237266540527344
2006-11-10,49.37057113647461
2006-11-13,49.338401794433594
2006-11-14,49.41651153564453
2006-11-15,49.28784942626953
2006-11-16,49.21894836425781
2006-11-17,49.37972640991211
2006-11-20,49.41651153564453
2006-11-21,49.48538589477539
2006-11-22,49.540550231933594
2006-11-24,49.618648529052734
2006-11-27,49.62325668334961
2006-11-28,49.71512985229492
2006-11-29,49.669185638427734
2006-11-30,49.85757064819336
2006-12-01,49.91613006591797
2006-12-04,50.03150177001953
2006-12-05,50.008392333984375
2006-12-06,49.883846282958984
2006-12-07,49.90692901611328
2006-12-08,49.722373962402344
2006-12-11,49.83310317993164
2006-12-12,49.939178466796875
2006-12-13,49.69007873535156
2006-12-14,49.643924713134766
2006-12-15,49.63473129272461
2006-12-18,49.63933181762695
2006-12-19,49.63011169433594
2006-12-20,49.666996002197266
2006-12-21,49.79618835449219
2006-12-22,49.63933181762695
2006-12-26,49.69468307495117
2006-12-27,49.535850524902344
2006-12-28,49.43392562866211
2006-12-29,49.410770416259766
2007-01-03,49.304237365722656
2007-01-04,49.67477798461914
2007-01-05,49.6423454284668
2007-01-08,49.628475189208984
2007-01-09,49.637725830078125
2007-01-10,49.5728759765625
2007-01-11,49.42003631591797
2007-01-12,49.369110107421875
2007-01-16,49.42465591430664
2007-01-17,49.355224609375
2007-01-18,49.498775482177734
2007-01-19,49.47095489501953
2007-01-22,49.50339126586914
2007-01-23,49.369110107421875
2007-01-24,49.39225387573242
2007-01-25,49.23477554321289
2007-01-26,49.20234680175781
2007-01-29,49.1791877746582
2007-01-30,49.248661041259766
2007-01-31,49.45709228515625
2007-02-01,49.437095642089844
2007-02-02,49.483638763427734
2007-02-05,49.5487174987793
2007-02-06,49.67896270751953
2007-02-07,49.74873352050781
2007-02-08,49.80455017089844
2007-02-09,49.59520721435547
2007-02-12,49.60450744628906
2007-02-13,49.57200241088867
2007-02-14,49.855709075927734
2007-02-15,49.94877243041992
2007-02-16,49.99998474121094
2007-02-20,50.0789909362793
2007-02-21,50.046470642089844
2007-02-22,49.976680755615234
2007-02-23,50.13949203491211
2007-02-26,50.34416198730469
2007-02-27,50.53950500488281
2007-02-28,50.44651412963867
2007-03-01,50.45631408691406
2007-03-02,50.596458435058594
2007-03-05,50.52167510986328
2007-03-06,50.33015441894531
2007-03-07,50.37689208984375
2007-03-08,50.442283630371094
2007-03-09,50.31150817871094
2007-03-12,50.41890335083008
2007-03-13,50.44694137573242
2007-03-14,50.40027618408203
2007-03-15,50.409603118896484
2007-03-16,50.213401794433594
2007-03-19,50.11996841430664
2007-03-20,50.25545120239258
2007-03-21,50.40493392944336
2007-03-22,50.26482391357422
2007-03-23,50.134002685546875
2007-03-26,50.2274284362793
2007-03-27,50.21807861328125
2007-03-28,50.185386657714844
2007-03-29,50.12468719482422
2007-03-30,50.10598373413086
2007-04-02,50.13508605957031
2007-04-03,50.106937408447266
2007-04-04,50.14914321899414
2007-04-05,50.045902252197266
2007-04-09,49.88168716430664
2007-04-10,49.98491668701172
2007-04-11,49.891075134277344
2007-04-12,49.96612548828125
2007-04-13,49.88168716430664
2007-04-16,49.92390060424805
2007-04-17,50.19609069824219
2007-04-18,50.21011734008789
2007-04-19,50.242950439453125
2007-04-20,50.22893524169922
2007-04-23,50.37435531616211
2007-04-24,50.50109100341797
2007-04-25,50.43070983886719
2007-04-26,50.32274627685547
2007-04-27,50.30869674682617
2007-04-30,50.55270767211914
2007-05-01,50.524436950683594
2007-05-02,50.5102653503418
2007-05-03,50.43959426879883
2007-05-04,50.56215286254883
2007-05-07,50.6234130859375
2007-05-08,50.595088958740234
2007-05-09,50.514991760253906
2007-05-10,50.53855895996094
2007-05-11,50.486698150634766
2007-05-14,50.43484878540039
2007-05-15,50.32173156738281
2007-05-16,50.43959426879883
2007-05-17,50.288753509521484
2007-05-18,50.14735794067383
2007-05-21,50.21333312988281
2007-05-22,50.05307388305664
2007-05-23,50.00593185424805
2007-05-24,50.06719207763672
2007-05-25,50.03422546386719
2007-05-29,49.935245513916016
2007-05-30,49.97291946411133
2007-05-31,49.93050765991211
2007-06-01,49.73920822143555
2007-06-04,49.819698333740234
2007-06-05,49.658695220947266
2007-06-06,49.70131301879883
2007-06-07,49.1708984375
2007-06-08,49.194580078125
2007-06-11,49.04304504394531
2007-06-12,48.77787780761719
2007-06-13,48.990970611572266
2007-06-14,48.97675323486328
2007-06-15,49.1708984375
2007-06-18,49.166175842285156
2007-06-19,49.48347091674805
2007-06-20,49.24667739868164
2007-06-21,49.118804931640625
2007-06-22,49.25141525268555
2007-06-25,49.308284759521484
2007-06-26,49.298744201660156
2007-06-27,49.298744201660156
2007-06-28,49.24667739868164
2007-06-29,49.526084899902344
2007-07-02,49.40332794189453
2007-07-03,49.41287612915039
2007-07-05,49.09416198730469
2007-07-06,48.99899673461914
2007-07-09,49.09890365600586
2007-07-10,49.436676025390625
2007-07-11,49.213043212890625
2007-07-12,49.018009185791016
2007-07-13,49.23213195800781
2007-07-16,49.360530853271484
2007-07-17,49.255855560302734
2007-07-18,49.3985710144043
2007-07-19,49.293949127197266
2007-07-20,49.431854248046875
2007-07-23,49.37480545043945
2007-07-24,49.31292724609375
2007-07-25,49.35102844238281
2007-07-26,49.24638748168945
2007-07-27,49.06557083129883
2007-07-30,49.141719818115234
2007-07-31,49.117942810058594
2007-08-01,49.27661895751953
2007-08-02,49.209651947021484
2007-08-03,49.453487396240234
2007-08-06,49.281402587890625
2007-08-07,49.415225982666016
2007-08-08,49.46785354614258
2007-08-09,49.42479705810547
2007-08-10,49.20491409301758
2007-08-13,49.37700653076172
2007-08-14,49.68767166137695
2007-08-15,49.55387878417969
2007-08-16,49.071075439453125
2007-08-17,49.157127380371094
2007-08-20,49.510826110839844
2007-08-21,49.611209869384766
2007-08-22,49.711605072021484
2007-08-23,49.7354736328125
2007-08-24,49.84537124633789
2007-08-27,49.711605072021484
2007-08-28,50.13700485229492
2007-08-29,49.907562255859375
2007-08-30,50.05575942993164
2007-08-31,50.28996276855469
2007-09-04,50.17858123779297
2007-09-05,50.37545394897461
2007-09-06,50.260189056396484
2007-09-07,50.53389358520508
2007-09-10,50.68281936645508
2007-09-11,50.38987350463867
2007-09-12,50.183372497558594
2007-09-13,50.111324310302734
2007-09-14,50.2506103515625
2007-09-17,50.23137664794922
2007-09-18,50.35141372680664
2007-09-19,50.072914123535156
2007-09-20,49.98163604736328
2007-09-21,50.21697998046875
2007-09-24,50.46669006347656
2007-09-25,50.437862396240234
2007-09-26,50.562740325927734
2007-09-27,50.692386627197266
2007-09-28,50.65874099731445
2007-10-01,50.33219528198242
2007-10-02,50.283939361572266
2007-10-03,50.510677337646484
2007-10-04,50.91107177734375
2007-10-05,50.70363235473633
2007-10-08,50.882144927978516
2007-10-09,50.660213470458984
2007-10-10,50.83871841430664
2007-10-11,50.944854736328125
2007-10-12,50.6650390625
2007-10-15,50.824256896972656
2007-10-16,50.91107177734375
2007-10-17,51.152305603027344
2007-10-18,51.157127380371094
2007-10-19,51.4900016784668
2007-10-22,51.4900016784668
2007-10-23,51.18603515625
2007-10-24,51.499656677246094
2007-10-25,51.3790397644043
2007-10-26,51.297054290771484
2007-10-29,51.41761779785156
2007-10-30,51.41283416748047
2007-10-31,51.14750671386719
2007-11-01,51.53807830810547
2007-11-02,51.21821975708008
2007-11-05,51.34426498413086
2007-11-06,51.02924346923828
2007-11-07,50.99529266357422
2007-11-08,51.077674865722656
2007-11-09,51.30547332763672
2007-11-12,51.286102294921875
2007-11-13,51.02924346923828
2007-11-14,50.81114959716797
2007-11-15,51.00502014160156
2007-11-16,51.00986099243164
2007-11-19,51.40241241455078
2007-11-20,51.077674865722656
2007-11-21,51.436317443847656
2007-11-23,51.17946243286133
2007-11-26,52.02751541137695
2007-11-27,51.58168411254883
2007-11-28,51.22305679321289
2007-11-29,51.41688919067383
2007-11-30,51.668949127197266
2007-12-03,51.68693161010742
2007-12-04,51.711273193359375
2007-12-05,51.51660919189453
2007-12-06,51.136966705322266
2007-12-07,50.698944091796875
2007-12-10,50.73299789428711
2007-12-11,51.22455596923828
2007-12-12,51.06394958496094
2007-12-13,50.77195358276367
2007-12-14,50.1976203918457
2007-12-17,50.68431091308594
2007-12-18,50.8400764465332
2007-12-19,51.23912811279297
2007-12-20,50.990962982177734
2007-12-21,50.937400817871094
2007-12-24,50.679447174072266
2007-12-26,50.69407653808594
2007-12-27,50.99474334716797
2007-12-28,51.156044006347656
2007-12-31,51.25381851196289
2008-01-02,51.860076904296875
2008-01-03,51.68889617919922
2008-01-04,52.114219665527344
2008-01-07,52.05070877075195
2008-01-08,51.952919006347656
2008-01-09,51.845394134521484
2008-01-10,51.693843841552734
2008-01-11,52.070289611816406
2008-01-14,51.85515594482422
2008-01-15,52.133792877197266
2008-01-16,52.05558776855469
2008-01-17,52.300048828125
2008-01-18,52.212066650390625
2008-01-22,52.324432373046875
2008-01-23,52.392940521240234
2008-01-24,51.94801330566406
2008-01-25,52.510257720947266
2008-01-28,52.49561309814453
2008-01-29,52.40758514404297
2008-01-30,52.39781951904297
2008-01-31,52.568885803222656
2008-02-01,52.79187774658203
2008-02-04,52.649471282958984
2008-02-05,52.83120346069336
2008-02-06,52.546329498291016
2008-02-07,51.94221878051758
2008-02-08,52.13867950439453
2008-02-11,52.29582595825195
2008-02-12,52.22216796875
2008-02-13,51.696678161621094
2008-02-14,51.58367919921875
2008-02-15,51.75069046020508
2008-02-19,51.23988342285156
2008-02-20,51.35285186767578
2008-02-21,51.706478118896484
2008-02-22,51.505126953125
2008-02-25,51.176055908203125
2008-02-26,51.54442596435547
2008-02-27,51.49528121948242
2008-02-28,51.868526458740234
2008-02-29,52.19758987426758
2008-03-03,52.1966438293457
2008-03-04,51.890838623046875
2008-03-05,51.525882720947266
2008-03-06,51.456809997558594
2008-03-07,51.348304748535156
2008-03-10,51.33842849731445
2008-03-11,50.751502990722656
2008-03-12,51.36309051513672
2008-03-13,50.805816650390625
2008-03-14,50.77616882324219
2008-03-17,51.190486907958984
2008-03-18,51.09677505493164
2008-03-19,51.31873321533203
2008-03-20,51.589988708496094
2008-03-24,51.49135208129883
2008-03-25,51.72315979003906
2008-03-26,51.787261962890625
2008-03-27,51.47161102294922
2008-03-28,51.747802734375
2008-03-31,51.88589859008789
2008-04-01,51.80315017700195
2008-04-02,51.892356872558594
2008-04-03,51.91712951660156
2008-04-04,52.546592712402344
2008-04-07,52.606075286865234
2008-04-08,52.41771697998047
2008-04-09,52.26407241821289
2008-04-10,52.31364822387695
2008-04-11,52.36320495605469
2008-04-14,52.04105758666992
2008-04-15,51.9320182800293
2008-04-16,51.63459396362305
2008-04-17,51.768436431884766
2008-04-18,51.99641799926758
2008-04-21,51.827919006347656
2008-04-22,51.71391677856445
2008-04-23,51.8725471496582
2008-04-24,51.80315017700195
2008-04-25,51.827919006347656
2008-04-28,52.075714111328125
2008-04-29,52.23924255371094
2008-04-30,52.531742095947266
2008-05-01,52.84185028076172
2008-05-02,52.53322219848633
2008-05-05,52.607872009277344
2008-05-06,52.26939392089844
2008-05-07,52.408721923828125
2008-05-08,52.64271545410156
2008-05-09,52.64271545410156
2008-05-12,52.59295654296875
2008-05-13,52.29428482055664
2008-05-14,52.32407760620117
2008-05-15,52.672584533691406
2008-05-16,52.60285949707031
2008-05-19,52.61284255981445
2008-05-20,52.63273620605469
2008-05-21,52.40380859375
2008-05-22,51.82633972167969
2008-05-23,52.06526565551758
2008-05-27,51.75166320800781
2008-05-28,51.41811752319336
2008-05-29,51.169219970703125
2008-05-30,51.373313903808594
2008-06-02,51.549835205078125
2008-06-03,51.74988555908203
2008-06-04,51.5898551940918
2008-06-05,51.31482696533203
2008-06-06,51.569847106933594
2008-06-09,51.52488708496094
2008-06-10,51.229793548583984
2008-06-11,51.20981216430664
2008-06-12,50.77471923828125
2008-06-13,50.50967025756836
2008-06-16,50.689701080322266
2008-06-17,50.8547248840332
2008-06-18,51.109779357910156
2008-06-19,50.844722747802734
2008-06-20,50.874725341796875
2008-06-23,50.8547248840332
2008-06-24,50.8247184753418
2008-06-25,50.86471939086914
2008-06-26,50.90474319458008
2008-06-27,50.8547248840332
2008-06-30,50.709712982177734
2008-07-01,50.68657302856445
2008-07-02,50.651451110839844
2008-07-03,50.586151123046875
2008-07-07,50.82222366333008
2008-07-08,51.098426818847656
2008-07-09,51.13359069824219
2008-07-10,50.84226989746094
2008-07-11,50.45051956176758
2008-07-14,50.47566604614258
2008-07-15,50.46559524536133
2008-07-16,50.068851470947266
2008-07-17,49.89806365966797
2008-07-18,49.80766296386719
2008-07-21,49.862876892089844
2008-07-22,50.184364318847656
2008-07-23,50.008583068847656
2008-07-24,50.45051956176758
2008-07-25,50.184364318847656
2008-07-28,50.47566604614258
2008-07-29,50.350067138671875
2008-07-30,50.591182708740234
2008-07-31,50.9075927734375
2008-08-01,50.723915100097656
2008-08-04,50.7290153503418
2008-08-05,50.50695037841797
2008-08-06,50.58263397216797
2008-08-07,51.00143814086914
2008-08-08,51.051902770996094
2008-08-11,50.8198127746582
2008-08-12,51.127567291259766
2008-08-13,50.86017608642578
2008-08-14,51.006465911865234
2008-08-15,51.122528076171875
2008-08-18,51.14271926879883
2008-08-19,51.062007904052734
2008-08-20,51.0670166015625
2008-08-21,50.764259338378906
2008-08-22,50.78445053100586
2008-08-25,51.1124267578125
2008-08-26,51.172969818115234
2008-08-27,51.0922737121582
2008-08-28,51.0821647644043
2008-08-29,50.98122787475586
2008-09-02,51.18247604370117
2008-09-03,51.283851623535156
2008-09-04,51.29902267456055
2008-09-05,51.248390197753906
2008-09-08,51.33454895019531
2008-09-09,51.511924743652344
2008-09-10,51.491634368896484
2008-09-11,51.091224670410156
2008-09-12,50.70094299316406
2008-09-15,50.325862884521484
2008-09-16,47.13269805908203
2008-09-17,44.97347640991211
2008-09-18,45.586761474609375
2008-09-19,47.01102066040039
2008-09-22,47.289798736572266
2008-09-23,46.80320739746094
2008-09-24,46.68157196044922
2008-09-25,46.88430404663086
2008-09-26,45.617164611816406
2008-09-29,41.46095657348633
2008-09-30,45.51074981689453
2008-10-01,45.930782318115234
2008-10-02,45.26383590698242
2008-10-03,45.2434196472168
2008-10-06,44.71901321411133
2008-10-07,45.55400848388672
2008-10-08,45.228172302246094
2008-10-09,44.021446228027344
2008-10-10,41.59788513183594
2008-10-13,43.88907241821289
2008-10-14,43.20170211791992
2008-10-15,43.20170211791992
2008-10-16,43.65489196777344
2008-10-17,43.28317642211914
2008-10-20,44.601898193359375
2008-10-21,45.04483413696289
2008-10-22,44.525516510009766
2008-10-23,44.805538177490234
2008-10-24,44.9837532043457
2008-10-27,44.69356155395508
2008-10-28,44.398216247558594
2008-10-29,45.146636962890625
2008-10-30,44.810638427734375
2008-10-31,44.62737274169922
2008-11-03,44.99320602416992
2008-11-04,45.30020523071289
2008-11-05,46.18035125732422
2008-11-06,46.497615814208984
2008-11-07,46.17015075683594
2008-11-10,46.19055938720703
2008-11-11,46.3390007019043
2008-11-12,46.3287239074707
2008-11-13,46.01150894165039
2008-11-14,46.001251220703125
2008-11-17,46.3338508605957
2008-11-18,46.390132904052734
2008-11-19,46.46174621582031
2008-11-20,45.955204010009766
2008-11-21,46.48735809326172
2008-11-24,46.28268814086914
2008-11-25,46.502685546875
2008-11-26,46.25707244873047
2008-11-28,46.124046325683594
2008-12-01,46.84508514404297
2008-12-02,47.19993209838867
2008-12-03,47.52903747558594
2008-12-04,47.5753288269043
2008-12-05,47.2513542175293
2008-12-08,47.739906311035156
2008-12-09,48.063873291015625
2008-12-10,48.177024841308594
2008-12-11,48.341583251953125
2008-12-12,48.60386276245117
2008-12-15,48.58845520019531
2008-12-16,49.586158752441406
2008-12-17,50.32154083251953
2008-12-18,51.54035568237305
2008-12-19,50.77410888671875
2008-12-22,51.386112213134766
2008-12-23,51.555824279785156
2008-12-24,51.68436813354492
2008-12-26,51.78208923339844
2008-12-29,51.9432258605957
2008-12-30,52.39767837524414
2008-12-31,52.49578857421875
2009-01-02,51.958683013916016
2009-01-05,52.31505584716797
2009-01-06,52.40280532836914
2009-01-07,51.96391296386719
2009-01-08,52.33572006225586
2009-01-09,52.9864387512207
2009-01-12,52.71271514892578
2009-01-13,52.59910202026367
2009-01-14,52.36672592163086
2009-01-15,52.469974517822266
2009-01-16,52.469974517822266
2009-01-20,51.6953239440918
2009-01-21,51.43712615966797
2009-01-22,51.246009826660156
2009-01-23,50.90516662597656
2009-01-26,50.4506950378418
2009-01-27,51.40095901489258
2009-01-28,51.8089599609375
2009-01-29,51.189212799072266
2009-01-30,51.55074691772461
2009-02-02,51.3021240234375
2009-02-03,51.130859375
2009-02-04,51.15163803100586
2009-02-05,50.705299377441406
2009-02-06,51.00629425048828
2009-02-09,51.09971237182617
2009-02-10,51.34886169433594
2009-02-11,51.52528381347656
2009-02-12,51.56681823730469
2009-02-13,51.1723518371582
2009-02-17,51.452640533447266
2009-02-18,51.19832229614258
2009-02-19,50.77790832519531
2009-02-20,50.56513214111328
2009-02-23,50.39387512207031
2009-02-24,50.212242126464844
2009-02-25,49.52716064453125
2009-02-26,49.21060562133789
2009-02-27,48.86804962158203
2009-03-02,48.87431335449219
2009-03-03,48.60826873779297
2009-03-04,48.592620849609375
2009-03-05,48.46220397949219
2009-03-06,48.566551208496094
2009-03-09,47.2310791015625
2009-03-10,47.91446304321289
2009-03-11,47.93012237548828
2009-03-12,47.888370513916016
2009-03-13,48.331809997558594
2009-03-16,48.39959716796875
2009-03-17,48.26922607421875
2009-03-18,49.2968864440918
2009-03-19,49.40121078491211
2009-03-20,48.90040588378906
2009-03-23,49.05168914794922
2009-03-24,48.566551208496094
2009-03-25,48.331809997558594
2009-03-26,48.582210540771484
2009-03-27,48.73350143432617
2009-03-30,48.69695281982422
2009-03-31,49.098663330078125
2009-04-01,49.02464294433594
2009-04-02,49.040409088134766
2009-04-03,48.736175537109375
2009-04-06,48.7099494934082
2009-04-07,48.68898010253906
2009-04-08,49.17680740356445
2009-04-09,49.50727844238281
2009-04-13,49.984596252441406
2009-04-14,50.1157341003418
2009-04-15,50.50387954711914
2009-04-16,50.71897888183594
2009-04-17,50.655982971191406
2009-04-20,50.37802505493164
2009-04-21,50.535396575927734
2009-04-22,50.409488677978516
2009-04-23,50.36753463745117
2009-04-24,50.477699279785156
2009-04-27,50.414737701416016
2009-04-28,50.252159118652344
2009-04-29,50.493438720703125
2009-04-30,50.46198272705078
2009-05-01,50.587398529052734
2009-05-04,50.70867156982422
2009-05-05,50.87205505371094
2009-05-06,51.09866714477539
2009-05-07,50.608482360839844
2009-05-08,50.930057525634766
2009-05-11,51.082862854003906
2009-05-12,51.22519302368164
2009-05-13,51.130340576171875
2009-05-14,51.246307373046875
2009-05-15,51.23578643798828
2009-05-18,51.16195297241211
2009-05-19,51.367523193359375
2009-05-20,51.662757873535156
2009-05-21,51.135597229003906
2009-05-22,51.06707763671875
2009-05-26,51.045989990234375
2009-05-27,50.69285202026367
2009-05-28,50.882606506347656
2009-05-29,51.63108825683594
2009-06-01,51.61416244506836
2009-06-02,51.99555969238281
2009-06-03,52.26042556762695
2009-06-04,52.03262710571289
2009-06-05,51.7572021484375
2009-06-08,51.65126419067383
2009-06-09,52.043216705322266
2009-06-10,51.88962173461914
2009-06-11,52.06975555419922
2009-06-12,52.456424713134766
2009-06-15,52.472347259521484
2009-06-16,52.4405632019043
2009-06-17,52.50410842895508
2009-06-18,51.83662033081055
2009-06-19,52.228660583496094
2009-06-22,52.41938018798828
2009-06-23,52.843196868896484
2009-06-24,52.758445739746094
2009-06-25,53.171630859375
2009-06-26,53.198150634765625
2009-06-29,53.13985824584961
2009-06-30,53.12395095825195
2009-07-01,53.0521240234375
2009-07-02,53.05745315551758
2009-07-06,53.1851692199707
2009-07-07,52.9723014831543
2009-07-08,53.456504821777344
2009-07-09,53.477821350097656
2009-07-10,53.690673828125
2009-07-13,53.6587028503418
2009-07-14,53.54167175292969
2009-07-15,53.04677963256836
2009-07-16,53.41395568847656
2009-07-17,53.248992919921875
2009-07-20,53.46719741821289
2009-07-21,54.22279357910156
2009-07-22,54.0791015625
2009-07-23,53.98859786987305
2009-07-24,54.13765335083008
2009-07-27,54.01522445678711
2009-07-28,54.22279357910156
2009-07-29,54.5633544921875
2009-07-30,54.86130905151367
2009-07-31,55.584957122802734
2009-08-03,55.067474365234375
2009-08-04,54.78944396972656
2009-08-05,54.80014419555664
2009-08-06,54.650482177734375
2009-08-07,54.63976287841797
2009-08-10,54.81085968017578
2009-08-11,55.09421157836914
2009-08-12,54.61305618286133
2009-08-13,55.14228057861328
2009-08-14,55.13161087036133
2009-08-17,55.22251510620117
2009-08-18,55.083518981933594
2009-08-19,55.25995635986328
2009-08-20,55.52190399169922
2009-08-21,55.27063751220703
2009-08-24,55.553977966308594
2009-08-25,55.65020751953125
2009-08-26,56.01910400390625
2009-08-27,55.76247024536133
2009-08-28,56.040470123291016
2009-08-31,56.31318283081055
2009-09-01,56.03062057495117
2009-09-02,56.1971435546875
2009-09-03,56.293861389160156
2009-09-04,56.3314323425293
2009-09-08,56.186424255371094
2009-09-09,56.1702995300293
2009-09-10,56.54092025756836
2009-09-11,57.051204681396484
2009-09-14,56.76116180419922
2009-09-15,56.72893524169922
2009-09-16,56.906227111816406
2009-09-17,57.18547058105469
2009-09-18,56.82563400268555
2009-09-21,56.95989990234375
2009-09-22,57.094173431396484
2009-09-23,57.12102127075195
2009-09-24,57.212371826171875
2009-09-25,57.43260192871094
2009-09-28,57.577640533447266
2009-09-29,57.35205841064453
2009-09-30,57.3037109375
2009-10-01,56.71669006347656
2009-10-02,56.34977340698242
2009-10-05,56.65190124511719
2009-10-06,56.5332145690918
2009-10-07,56.89472198486328
2009-10-08,56.576377868652344
2009-10-09,56.08002853393555
2009-10-12,56.27423858642578
2009-10-13,56.382137298583984
2009-10-14,56.112396240234375
2009-10-15,56.10159683227539
2009-10-16,56.144752502441406
2009-10-19,56.43067932128906
2009-10-20,56.792179107666016
2009-10-21,56.55479431152344
2009-10-22,56.889339447021484
2009-10-23,56.576377868652344
2009-10-26,56.33897399902344
2009-10-27,56.8245849609375
2009-10-28,56.441532135009766
2009-10-29,56.51160430908203
2009-10-30,57.01881408691406
2009-11-02,56.93425369262695
2009-11-03,56.674072265625
2009-11-04,56.89628982543945
2009-11-05,56.93425369262695
2009-11-06,57.08602523803711
2009-11-09,57.11854553222656
2009-11-10,57.080604553222656
2009-11-11,57.29198455810547
2009-11-12,57.29198455810547
2009-11-13,57.46000289916992
2009-11-16,57.73102569580078
2009-11-17,57.817745208740234
2009-11-18,57.6280517578125
2009-11-19,57.698490142822266
2009-11-20,57.42746353149414
2009-11-23,57.42746353149414
2009-11-24,57.64970779418945
2009-11-25,57.86111068725586
2009-11-27,57.84488296508789
2009-11-30,58.13212203979492
2009-12-01,57.8414421081543
2009-12-02,57.85235595703125
2009-12-03,57.835994720458984
2009-12-04,57.596466064453125
2009-12-07,57.56929016113281
2009-12-08,57.81425094604492
2009-12-09,57.48216247558594
2009-12-10,57.531158447265625
2009-12-11,57.259010314941406
2009-12-14,57.57473373413086
2009-12-15,57.16105270385742
2009-12-16,57.37874221801758
2009-12-17,57.62368392944336
2009-12-18,57.531158447265625
2009-12-21,57.253597259521484
2009-12-22,57.01405715942383
2009-12-23,57.19368362426758
2009-12-24,56.926979064941406
2009-12-28,56.7745361328125
2009-12-29,56.946720123291016
2009-12-30,57.01231002807617
2009-12-31,56.930320739746094
2010-01-04,57.2309684753418
2010-01-05,57.50425720214844
2010-01-06,57.33481216430664
2010-01-07,57.405860900878906
2010-01-08,57.5316276550293
2010-01-11,57.59172821044922
2010-01-12,57.701026916503906
2010-01-13,57.460548400878906
2010-01-14,57.66824722290039
2010-01-15,57.64636993408203
2010-01-19,57.69560623168945
2010-01-20,57.65734100341797
2010-01-21,57.81040954589844
2010-01-22,57.72292709350586
2010-01-25,57.71746063232422
2010-01-26,57.564430236816406
2010-01-27,57.356693267822266
2010-01-28,57.27469253540039
2010-01-29,57.64091873168945
2010-02-01,57.38398361206055
2010-02-02,57.56516647338867
2010-02-03,57.50480651855469
2010-02-04,57.499298095703125
2010-02-05,57.32359313964844
2010-02-08,57.37852096557617
2010-02-09,57.24674606323242
2010-02-10,56.80207443237305
2010-02-11,56.93385696411133
2010-02-12,56.99972152709961
2010-02-16,57.22476577758789
2010-02-17,57.032711029052734
2010-02-18,56.99425506591797
2010-02-19,57.197364807128906
2010-02-22,57.230289459228516
2010-02-23,57.3675651550293
2010-02-24,57.61460494995117
2010-02-25,57.55418014526367
2010-02-26,57.93299865722656
2010-03-01,58.007423400878906
2010-03-02,58.128692626953125
2010-03-03,58.24997329711914
2010-03-04,58.277549743652344
2010-03-05,58.20585632324219
2010-03-08,58.299564361572266
2010-03-09,58.24445343017578
2010-03-10,58.299564361572266
2010-03-11,58.277549743652344
2010-03-12,58.39885330200195
2010-03-15,58.38779830932617
2010-03-16,58.65793991088867
2010-03-17,58.87293243408203
2010-03-18,58.75714111328125
2010-03-19,58.713050842285156
2010-03-22,58.806766510009766
2010-03-23,58.76820373535156
2010-03-24,58.3326416015625
2010-03-25,58.123165130615234
2010-03-26,58.299564361572266
2010-03-29,58.24997329711914
2010-03-30,58.283050537109375
2010-03-31,58.31064224243164
2010-04-01,58.43743133544922
2010-04-05,57.900291442871094
2010-04-06,58.038726806640625
2010-04-07,58.33219909667969
2010-04-08,58.22147750854492
2010-04-09,58.26023483276367
2010-04-12,58.42633819580078
2010-04-13,58.63677215576172
2010-04-14,58.5869255065918
2010-04-15,58.68662643432617
2010-04-16,58.825077056884766
2010-04-19,58.675559997558594
2010-04-20,58.80288314819336
2010-04-21,59.007808685302734
2010-04-22,58.8748893737793
2010-04-23,58.86385726928711
2010-04-26,58.89149856567383
2010-04-27,58.93028259277344
2010-04-28,59.02995300292969
2010-04-29,59.1794319152832
2010-04-30,59.423133850097656
2010-05-03,59.440921783447266
2010-05-04,59.51321029663086
2010-05-05,59.25736618041992
2010-05-06,58.27866744995117
2010-05-07,58.46775817871094
2010-05-10,58.834774017333984
2010-05-11,58.89591979980469
2010-05-12,58.87367248535156
2010-05-13,59.046077728271484
2010-05-14,59.02936553955078
2010-05-17,59.129493713378906
2010-05-18,59.31854248046875
2010-05-19,59.35191345214844
2010-05-20,59.21845245361328
2010-05-21,59.11837387084961
2010-05-24,59.274078369140625
2010-05-25,58.990455627441406
2010-05-26,59.02936553955078
2010-05-27,58.72352600097656
2010-05-28,58.645687103271484
2010-06-01,58.59713363647461
2010-06-02,58.80375671386719
2010-06-03,58.61387634277344
2010-06-04,58.971275329589844
2010-06-07,59.21696090698242
2010-06-08,59.21696090698242
2010-06-09,59.23929977416992
2010-06-10,58.9936408996582
2010-06-11,59.2114143371582
2010-06-14,59.09967041015625
2010-06-15,59.027061462402344
2010-06-16,59.08850860595703
2010-06-17,59.47943115234375
2010-06-18,59.473846435546875
2010-06-21,59.62462615966797
2010-06-22,59.91504669189453
2010-06-23,60.16629409790039
2010-06-24,59.926185607910156
2010-06-25,60.02670669555664
2010-06-28,60.356178283691406
2010-06-29,60.32825469970703
2010-06-30,60.568389892578125
2010-07-01,60.63566207885742
2010-07-02,60.46186065673828
2010-07-06,60.7142333984375
2010-07-07,60.75342559814453
2010-07-08,60.60201644897461
2010-07-09,60.529136657714844
2010-07-12,60.60201644897461
2010-07-13,60.63566207885742
2010-07-14,60.90478515625
2010-07-15,61.01131820678711
2010-07-16,61.11790084838867
2010-07-19,61.106685638427734
2010-07-20,61.173973083496094
2010-07-21,61.47114944458008
2010-07-22,61.3926887512207
2010-07-23,61.47114944458008
2010-07-26,61.52720642089844
2010-07-27,61.31979751586914
2010-07-28,61.5384635925293
2010-07-29,61.5609245300293
2010-07-30,61.84684753417969
2010-08-02,61.71564483642578
2010-08-03,61.86768341064453
2010-08-04,61.676265716552734
2010-08-05,61.78886413574219
2010-08-06,62.1435432434082
2010-08-09,62.346187591552734
2010-08-10,62.267356872558594
2010-08-11,62.261749267578125
2010-08-12,62.04221725463867
2010-08-13,62.28425979614258
2010-08-16,62.97101974487305
2010-08-17,62.86970520019531
2010-08-18,62.925968170166016
2010-08-19,62.99358367919922
2010-08-20,63.10614013671875
2010-08-23,63.24123001098633
2010-08-24,63.38760757446289
2010-08-25,63.50581359863281
2010-08-26,63.562103271484375
2010-08-27,62.98790740966797
2010-08-30,63.39888000488281
2010-08-31,63.612789154052734
2010-09-01,63.13472366333008
2010-09-02,63.05567169189453
2010-09-03,62.58099365234375
2010-09-07,63.044334411621094
2010-09-08,62.92000961303711
2010-09-09,62.59225845336914
2010-09-10,62.637454986572266
2010-09-13,62.72226333618164
2010-09-14,63.01603698730469
2010-09-15,62.914363861083984
2010-09-16,62.716575622558594
2010-09-17,62.92000961303711
2010-09-20,62.99911117553711
2010-09-21,63.47940444946289
2010-09-22,63.43987274169922
2010-09-23,63.48508071899414
2010-09-24,63.34379577636719
2010-09-27,63.671546936035156
2010-09-28,63.78455352783203
2010-09-29,63.72246551513672
2010-09-30,63.90324020385742
2010-10-01,63.59355545043945
2010-10-04,63.69560241699219
2010-10-05,63.82610321044922
2010-10-06,64.24012756347656
2010-10-07,64.2231674194336
2010-10-08,64.16075134277344
2010-10-11,64.21752166748047
2010-10-12,64.12106323242188
2010-10-13,64.08699035644531
2010-10-14,63.570770263671875
2010-10-15,63.16808319091797
2010-10-18,63.6048469543457
2010-10-19,63.61057662963867
2010-10-20,63.72393798828125
2010-10-21,63.55377197265625
2010-10-22,63.633209228515625
2010-10-25,63.860107421875
2010-10-26,63.51979446411133
2010-10-27,63.35525131225586
2010-10-28,63.61057662963867
2010-10-29,63.735313415527344
2010-11-01,63.71365737915039
2010-11-02,64.00980377197266
2010-11-03,63.799102783203125
2010-11-04,64.40269470214844
2010-11-05,64.19772338867188
2010-11-08,64.23188781738281
2010-11-09,63.753509521484375
2010-11-10,63.61687088012695
2010-11-11,63.33789825439453
2010-11-12,62.893699645996094
2010-11-15,62.204689025878906
2010-11-16,62.534969329833984
2010-11-17,62.534969329833984
2010-11-18,62.580543518066406
2010-11-19,62.79692840576172
2010-11-22,63.14423751831055
2010-11-23,63.17844009399414
2010-11-24,62.66020584106445
2010-11-26,62.73994827270508
2010-11-29,62.80260467529297
2010-11-30,62.70575714111328
2010-12-01,62.56631088256836
2010-12-02,62.42909622192383
2010-12-03,62.25188446044922
2010-12-06,62.686363220214844
2010-12-07,62.103267669677734
2010-12-08,61.70313262939453
2010-12-09,61.851783752441406
2010-12-10,61.5659294128418
2010-12-13,61.79459762573242
2010-12-14,61.41727828979492
2010-12-15,61.03429412841797
2010-12-16,61.33157730102539
2010-12-17,61.891761779785156
2010-12-20,61.851783752441406
2010-12-21,61.983192443847656
2010-12-22,61.931785583496094
2010-12-23,61.9603385925293
2010-12-27,62.08043670654297
2010-12-28,61.585723876953125
2010-12-29,62.05054473876953
2010-12-30,62.07926559448242
2010-12-31,62.234230041503906
2011-01-03,62.47525405883789
2011-01-04,62.55562973022461
2011-01-05,62.096500396728516
2011-01-06,62.18832778930664
2011-01-07,62.50397491455078
2011-01-10,62.61301040649414
2011-01-11,62.584312438964844
2011-01-12,62.54410934448242
2011-01-13,62.81386184692383
2011-01-14,62.51545333862305
2011-01-18,62.48101806640625
2011-01-19,62.43513107299805
2011-01-20,62.16535186767578
2011-01-21,62.257179260253906
2011-01-24,62.285911560058594
2011-01-25,62.5958137512207
2011-01-26,62.245723724365234
2011-01-27,62.349021911621094
2011-01-28,62.429325103759766
2011-01-31,62.257179260253906
2011-02-01,62.17479705810547
2011-02-02,62.053794860839844
2011-02-03,61.903968811035156
2011-02-04,61.71384811401367
2011-02-07,61.78300476074219
2011-02-08,61.55826187133789
2011-02-09,61.95583724975586
2011-02-10,61.65046691894531
2011-02-11,61.990379333496094
2011-02-14,62.03076171875
2011-02-15,62.169029235839844
2011-02-16,62.09413528442383
2011-02-17,62.20940017700195
2011-02-18,62.301544189453125
2011-02-22,62.474395751953125
2011-02-23,62.39950180053711
2011-02-24,62.46860122680664
2011-02-25,62.76249313354492
2011-02-28,62.92955017089844
2011-03-01,62.930728912353516
2011-03-02,62.59523391723633
2011-03-03,62.3291015625
2011-03-04,62.566287994384766
2011-03-07,62.41014099121094
2011-03-08,62.3291015625
2011-03-09,62.65305709838867
2011-03-10,62.90758514404297
2011-03-11,62.84974670410156
2011-03-14,62.91914367675781
2011-03-15,62.913387298583984
2011-03-16,63.28934860229492
2011-03-17,63.2488899230957
2011-03-18,63.28934860229492
2011-03-21,63.0869140625
2011-03-22,63.20262145996094
2011-03-23,63.16213607788086
2011-03-24,62.95384979248047
2011-03-25,62.861297607421875
2011-03-28,62.884456634521484
2011-03-29,62.577884674072266
2011-03-30,62.791900634765625
2011-03-31,62.58942794799805
2011-04-01,62.88505554199219
2011-04-04,63.03023910522461
2011-04-05,63.065093994140625
2011-04-06,62.86182403564453
2011-04-07,62.76888656616211
2011-04-08,62.73406982421875
2011-04-11,62.73987579345703
2011-04-12,62.96055221557617
2011-04-13,63.070884704589844
2011-04-14,62.914100646972656
2011-04-15,63.245147705078125
2011-04-18,63.33219909667969
2011-04-19,63.46580505371094
2011-04-20,63.494834899902344
2011-04-21,63.55293273925781
2011-04-25,63.6168098449707
2011-04-26,63.91297149658203
2011-04-27,63.83169937133789
2011-04-28,64.03497314453125
2011-04-29,64.15691375732422
2011-05-02,64.3067398071289
2011-05-03,64.27759552001953
2011-05-04,64.37088012695312
2011-05-05,64.59244537353516
2011-05-06,64.59244537353516
2011-05-09,64.65656280517578
2011-05-10,64.39420318603516
2011-05-11,64.4991455078125
2011-05-12,64.34760284423828
2011-05-13,64.54000091552734
2011-05-16,64.72652435302734
2011-05-17,64.81402587890625
2011-05-18,64.65074157714844
2011-05-19,64.761474609375
2011-05-20,64.71488189697266
2011-05-23,64.6740493774414
2011-05-24,64.75563049316406
2011-05-25,64.6274185180664
2011-05-26,64.90729522705078
2011-05-27,64.97722625732422
2011-05-31,64.97138214111328
2011-06-01,65.29618835449219
2011-06-02,64.70504760742188
2011-06-03,64.8455581665039
2011-06-06,64.73443603515625
2011-06-07,64.95677947998047
2011-06-08,64.99776458740234
2011-06-09,64.82217407226562
2011-06-10,64.74606323242188
2011-06-13,64.81632232666016
2011-06-14,64.62315368652344
2011-06-15,64.98015594482422
2011-06-16,64.85722351074219
2011-06-17,64.88065338134766
2011-06-20,64.89237976074219
2011-06-21,64.8748550415039
2011-06-22,64.96257781982422
2011-06-23,65.13238525390625
2011-06-24,65.16744232177734
2011-06-27,64.95677947998047
2011-06-28,64.506103515625
2011-06-29,64.35980987548828
2011-06-30,64.45343780517578
2011-07-01,64.45702362060547
2011-07-05,64.68608856201172
2011-07-06,64.82123565673828
2011-07-07,64.83885192871094
2011-07-08,65.25599670410156
2011-07-11,65.47343444824219
2011-07-12,65.52627563476562
2011-07-13,65.69075775146484
2011-07-14,65.28541564941406
2011-07-15,65.43225860595703
2011-07-18,65.17964935302734
2011-07-19,65.49687957763672
2011-07-20,65.34410858154297
2011-07-21,65.24423217773438
2011-07-22,65.50867462158203
2011-07-25,65.1972427368164
2011-07-26,65.485107421875
2011-07-27,65.29125213623047
2011-07-28,65.43225860595703
2011-07-29,66.01978302001953
2011-08-01,66.21499633789062
2011-08-02,66.76936340332031
2011-08-03,66.74573516845703
2011-08-04,67.22935485839844
2011-08-05,66.39781188964844
2011-08-08,65.76676940917969
2011-08-09,66.35652923583984
2011-08-10,66.95211791992188
2011-08-11,65.578125
2011-08-12,66.32705688476562
2011-08-15,66.45088958740234
2011-08-16,66.69264221191406
2011-08-17,66.87547302246094
2011-08-18,66.96394348144531
2011-08-19,66.8813247680664
2011-08-22,66.6336898803711
2011-08-23,65.87294006347656
2011-08-24,65.0945053100586
2011-08-25,65.45426940917969
2011-08-26,65.48370361328125
2011-08-29,65.696044921875
2011-08-30,66.04395294189453
2011-08-31,66.2444839477539
2011-09-01,66.2935791015625
2011-09-02,66.70199584960938
2011-09-06,67.09265899658203
2011-09-07,67.22288513183594
2011-09-08,67.16368865966797
2011-09-09,67.23472595214844
2011-09-12,66.82628631591797
2011-09-13,66.81446838378906
2011-09-14,66.78492736816406
2011-09-15,66.55402374267578
2011-09-16,66.55402374267578
2011-09-19,66.92098236083984
2011-09-20,66.95063018798828
2011-09-21,67.10452270507812
2011-09-22,67.23472595214844
2011-09-23,66.82039642333984
2011-09-26,66.69609832763672
2011-09-27,66.48299407958984
2011-09-28,66.21665954589844
2011-09-29,66.14563751220703
2011-09-30,66.47708892822266
2011-10-03,66.60065460205078
2011-10-04,66.01848602294922
2011-10-05,66.2917251586914
2011-10-06,66.02436828613281
2011-10-07,65.96491241455078
2011-10-10,66.0896987915039
2011-10-11,66.26791381835938
2011-10-12,66.36895751953125
2011-10-13,66.4283676147461
2011-10-14,66.3868179321289
2011-10-17,66.3392333984375
2011-10-18,66.5709457397461
2011-10-19,66.74321746826172
2011-10-20,66.8917465209961
2011-10-21,67.1115951538086
2011-10-24,67.45619201660156
2011-10-25,67.78890228271484
2011-10-26,67.74136352539062
2011-10-27,67.72947692871094
2011-10-28,67.99090576171875
2011-10-31,68.14533996582031
2011-11-01,68.48641204833984
2011-11-02,68.73681640625
2011-11-03,68.77259826660156
2011-11-04,68.90967559814453
2011-11-07,68.63549041748047
2011-11-08,68.21215057373047
2011-11-09,68.03328704833984
2011-11-10,67.6934585571289
2011-11-11,67.5741958618164
2011-11-14,67.56822967529297
2011-11-15,67.5026626586914
2011-11-16,67.28804779052734
2011-11-17,66.75740814208984
2011-11-18,66.86473846435547
2011-11-21,66.59049987792969
2011-11-22,66.41757202148438
2011-11-23,66.07772064208984
2011-11-25,65.81536102294922
2011-11-28,65.84521484375
2011-11-29,65.69611358642578
2011-11-30,65.99427032470703
2011-12-01,66.1474609375
2011-12-02,66.70982360839844
2011-12-05,67.2063980102539
2011-12-06,66.84746551513672
2011-12-07,67.26628112792969
2011-12-08,67.03887939453125
2011-12-09,66.78164672851562
2011-12-12,66.78760528564453
2011-12-13,67.01496887207031
2011-12-14,67.12862396240234
2011-12-15,67.23634338378906
2011-12-16,67.61322784423828
2011-12-19,67.8525390625
2011-12-20,67.80470275878906
2011-12-21,67.51746368408203
2011-12-22,67.87052154541016
2011-12-23,67.66109466552734
2011-12-27,67.91807556152344
2011-12-28,68.04415893554688
2011-12-29,68.00814819335938
2011-12-30,68.29627990722656
2012-01-03,68.24227142333984
2012-01-04,68.29627990722656
2012-01-05,68.00210571289062
2012-01-06,68.2662353515625
2012-01-09,68.16422271728516
2012-01-10,68.3563003540039
2012-01-11,68.34430694580078
2012-01-12,68.5003890991211
2012-01-13,68.74655151367188
2012-01-17,68.95664978027344
2012-01-18,68.81857299804688
2012-01-19,68.80056762695312
2012-01-20,68.62647247314453
2012-01-23,68.52436828613281
2012-01-24,68.77053833007812
2012-01-25,69.00471496582031
2012-01-26,69.54501342773438
2012-01-27,69.64704132080078
2012-01-30,69.55702209472656
2012-01-31,69.76116943359375
2012-02-01,70.03883361816406
2012-02-02,70.1834716796875
2012-02-03,70.08096313476562
2012-02-06,70.26172637939453
2012-02-07,70.12920379638672
2012-02-08,70.20148468017578
2012-02-09,69.97859954833984
2012-02-10,69.91234588623047
2012-02-13,70.15328216552734
2012-02-14,70.20748138427734
2012-02-15,70.11107635498047
2012-02-16,69.9905776977539
2012-02-17,69.8821792602539
2012-02-21,69.76781463623047
2012-02-22,70.20148468017578
2012-02-23,70.29785919189453
2012-02-24,70.35205841064453
2012-02-27,70.61106872558594
2012-02-28,70.83399200439453
2012-02-29,70.90020751953125
2012-03-01,70.73283386230469
2012-03-02,70.75697326660156
2012-03-05,70.63004302978516
2012-03-06,70.52125549316406
2012-03-07,70.49104309082031
2012-03-08,70.50312805175781
2012-03-09,70.46683502197266
2012-03-12,70.32781219482422
2012-03-13,70.13438415527344
2012-03-14,69.30028533935547
2012-03-15,69.14916229248047
2012-03-16,69.25190734863281
2012-03-19,69.1552505493164
2012-03-20,69.1128921508789
2012-03-21,69.42724609375
2012-03-22,69.3123550415039
2012-03-23,69.36677551269531
2012-03-26,69.51788330078125
2012-03-27,70.05582427978516
2012-03-28,69.92286682128906
2012-03-29,70.06184387207031
2012-03-30,69.892578125
2012-04-02,70.07276153564453
2012-04-03,69.40560913085938
2012-04-04,69.5390396118164
2012-04-05,69.65428161621094
2012-04-09,70.10913848876953
2012-04-10,70.06670379638672
2012-04-11,69.99393463134766
2012-04-12,70.02423095703125
2012-04-13,70.35782623291016
2012-04-16,70.35782623291016
2012-04-17,70.4488525390625
2012-04-18,70.4366455078125
2012-04-19,70.48523712158203
2012-04-20,70.46699523925781
2012-04-23,70.47913360595703
2012-04-24,70.35181427001953
2012-04-25,70.47308349609375
2012-04-26,70.58837127685547
2012-04-27,70.6914291381836
2012-04-30,70.64897155761719
2012-05-01,70.51448059082031
2012-05-02,70.74571228027344
2012-05-03,70.7883529663086
2012-05-04,70.86746978759766
2012-05-07,70.98918914794922
2012-05-08,71.1656723022461
2012-05-09,71.04396057128906
2012-05-10,70.89788055419922
2012-05-11,71.11085510253906
2012-05-14,71.1291275024414
2012-05-15,71.03784942626953
2012-05-16,71.07435607910156
2012-05-17,70.54495239257812
2012-05-18,70.27102661132812
2012-05-21,70.35012817382812
2012-05-22,70.16148376464844
2012-05-23,70.33189392089844
2012-05-24,70.34408569335938
2012-05-25,70.5205307006836
2012-05-29,70.62403106689453
2012-05-30,70.68489837646484
2012-05-31,71.18388366699219
2012-06-01,71.62110137939453
2012-06-04,71.07762145996094
2012-06-05,70.92501831054688
2012-06-06,70.71736907958984
2012-06-07,70.86394500732422
2012-06-08,71.12648010253906
2012-06-11,71.11431884765625
2012-06-12,70.90666961669922
2012-06-13,71.1631088256836
2012-06-14,71.07762145996094
2012-06-15,71.37074279785156
2012-06-18,71.34021759033203
2012-06-19,71.27304077148438
2012-06-20,71.30359649658203
2012-06-21,71.41348266601562
2012-06-22,71.35859680175781
2012-06-25,71.54178619384766
2012-06-26,71.6150131225586
2012-06-27,71.71271514892578
2012-06-28,71.8226089477539
2012-06-29,71.80429077148438
2012-07-02,72.18539428710938
2012-07-03,72.24662780761719
2012-07-05,72.43045806884766
2012-07-06,72.61425018310547
2012-07-09,72.66327667236328
2012-07-10,72.64491271972656
2012-07-11,72.76744842529297
2012-07-12,73.135009765625
2012-07-13,73.15955352783203
2012-07-16,73.36175537109375
2012-07-17,73.36175537109375
2012-07-18,73.76609802246094
2012-07-19,73.894775390625
2012-07-20,73.94986724853516
2012-07-23,73.71096801757812
2012-07-24,73.82732391357422
2012-07-25,73.96825408935547
2012-07-26,74.08470916748047
2012-07-27,73.73544311523438
2012-07-30,73.92537689208984
2012-07-31,74.30523681640625
2012-08-01,74.22228240966797
2012-08-02,74.27147674560547
2012-08-03,74.09323120117188
2012-08-06,74.1915283203125
2012-08-07,73.8043212890625
2012-08-08,73.59536743164062
2012-08-09,73.54621124267578
2012-08-10,73.75516510009766
2012-08-13,73.60154724121094
2012-08-14,73.26956176757812
2012-08-15,72.92548370361328
2012-08-16,72.71027374267578
2012-08-17,72.80862426757812
2012-08-20,73.01148986816406
2012-08-21,73.13435363769531
2012-08-22,73.55233764648438
2012-08-23,73.60765838623047
2012-08-24,73.68755340576172
2012-08-27,73.77970123291016
2012-08-28,73.88423156738281
2012-08-29,73.73056030273438
2012-08-30,73.75516510009766
2012-08-31,74.26529693603516
2012-09-04,74.08956146240234
2012-09-05,74.12039184570312
2012-09-06,73.7936019897461
2012-09-07,73.94776916503906
2012-09-10,73.94158935546875
2012-09-11,74.00326538085938
2012-09-12,73.85523223876953
2012-09-13,74.24986267089844
2012-09-14,73.805908203125
2012-09-17,74.05873107910156
2012-09-18,74.28685760498047
2012-09-19,74.41023254394531
2012-09-20,74.34850311279297
2012-09-21,74.484130859375
2012-09-24,74.59515380859375
2012-09-25,74.74313354492188
2012-09-26,74.95279693603516
2012-09-27,74.91584014892578
2012-09-28,75.08223724365234
2012-10-01,75.2826919555664
2012-10-02,75.30746459960938
2012-10-03,75.35692596435547
2012-10-04,75.29502868652344
2012-10-05,75.17748260498047
2012-10-08,75.37544250488281
2012-10-09,75.45585632324219
2012-10-10,75.59195709228516
2012-10-11,75.8393783569336
2012-10-12,75.9260025024414
2012-10-15,76.16101837158203
2012-10-16,76.11151123046875
2012-10-17,75.96307373046875
2012-10-18,75.82088470458984
2012-10-19,75.95692443847656
2012-10-22,75.77750396728516
2012-10-23,75.90740203857422
2012-10-24,75.70325469970703
2012-10-25,75.48677062988281
2012-10-26,75.85794067382812
2012-10-31,76.09298706054688
2012-11-01,75.75897216796875
2012-11-02,75.61045837402344
2012-11-05,75.64759826660156
2012-11-06,75.2826919555664
2012-11-07,75.43733978271484
2012-11-08,75.36306762695312
2012-11-09,75.17748260498047
2012-11-12,75.18993377685547
2012-11-13,75.2208023071289
2012-11-14,75.37544250488281
2012-11-15,75.22698211669922
2012-11-16,75.25177764892578
2012-11-19,75.48677062988281
2012-11-20,75.25177764892578
2012-11-21,75.30746459960938
2012-11-23,75.33834075927734
2012-11-26,75.46208190917969
2012-11-27,75.50534057617188
2012-11-28,75.49293518066406
2012-11-29,75.54869079589844
2012-11-30,75.54247283935547
2012-12-03,75.62625122070312
2012-12-04,75.69451141357422
2012-12-05,75.84957122802734
2012-12-06,75.83715057373047
2012-12-07,75.65724182128906
2012-12-10,75.72547149658203
2012-12-11,75.4463882446289
2012-12-12,75.21672821044922
2012-12-13,75.09886932373047
2012-12-14,75.1546630859375
2012-12-17,74.91271209716797
2012-12-18,74.72660827636719
2012-12-19,75.01824951171875
2012-12-20,75.0926513671875
2012-12-21,75.22296142578125
2012-12-24,75.17332458496094
2012-12-26,75.28038787841797
2012-12-27,75.52307891845703
2012-12-28,75.69107055664062
2012-12-31,75.29276275634766
2013-01-02,75.467041015625
2013-01-03,75.05634307861328
2013-01-04,75.01900482177734
2013-01-07,75.14348602294922
2013-01-08,75.21189880371094
2013-01-09,75.18701171875
2013-01-10,75.22432708740234
2013-01-11,75.36122131347656
2013-01-14,75.21189880371094
2013-01-15,75.1496353149414
2013-01-16,75.1496353149414
2013-01-17,75.01900482177734
2013-01-18,75.09364318847656
2013-01-22,75.09364318847656
2013-01-23,75.18701171875
2013-01-24,75.0811996459961
2013-01-25,74.73895263671875
2013-01-28,74.67671203613281
2013-01-29,74.50868225097656
2013-01-30,74.259765625
2013-01-31,74.3157958984375
2013-02-01,74.12288665771484
2013-02-04,74.37255859375
2013-02-05,74.22271728515625
2013-02-06,74.41622161865234
2013-02-07,74.44121551513672
2013-02-08,74.60355377197266
2013-02-11,74.56609344482422
2013-02-12,74.49116516113281
2013-02-13,74.3163833618164
2013-02-14,74.52237701416016
2013-02-15,74.49116516113281
2013-02-19,74.47248077392578
2013-02-20,74.5972900390625
2013-02-21,74.71590423583984
2013-02-22,74.765869140625
2013-02-25,75.20905303955078
2013-02-26,75.11541748046875
2013-02-27,75.09049224853516
2013-02-28,75.11541748046875
2013-03-01,75.28703308105469
2013-03-04,75.23062896728516
2013-03-05,75.10541534423828
2013-03-06,74.88626098632812
2013-03-07,74.64202880859375
2013-03-08,74.37904357910156
2013-03-11,74.42913818359375
2013-03-12,74.57939147949219
2013-03-13,74.51055908203125
2013-03-14,74.54181671142578
2013-03-15,74.64202880859375
2013-03-18,74.82363891601562
2013-03-19,74.94886016845703
2013-03-20,74.72972106933594
2013-03-21,74.80487060546875
2013-03-22,74.8111343383789
2013-03-25,74.8111343383789
2013-03-26,74.86122131347656
2013-03-27,75.12421417236328
2013-03-28,75.08037567138672
2013-04-01,74.97235870361328
2013-04-02,74.96601104736328
2013-04-03,75.26750946044922
2013-04-04,75.66959381103516
2013-04-05,75.90191650390625
2013-04-08,75.97100067138672
2013-04-09,76.0464096069336
2013-04-10,75.84539031982422
2013-04-11,75.89570617675781
2013-04-12,76.27252960205078
2013-04-15,76.29764556884766
2013-04-16,76.15946960449219
2013-04-17,76.26628875732422
2013-04-18,76.33535766601562
2013-04-19,76.44844818115234
2013-04-22,76.47354888916016
2013-04-23,76.57398986816406
2013-04-24,76.60545349121094
2013-04-25,76.5615005493164
2013-04-26,76.83782958984375
2013-04-29,76.84412384033203
2013-04-30,76.7122573852539
2013-05-01,77.05364227294922
2013-05-02,77.05364227294922
2013-05-03,76.32919311523438
2013-05-06,76.31657409667969
2013-05-07,76.25988006591797
2013-05-08,76.32919311523438
2013-05-09,76.1654052734375
2013-05-10,75.76850891113281
2013-05-13,75.57317352294922
2013-05-14,75.37163543701172
2013-05-15,75.6362075805664
2013-05-16,75.98268127441406
2013-05-17,75.6551284790039
2013-05-20,75.56690979003906
2013-05-21,75.85040283203125
2013-05-22,75.25189208984375
2013-05-23,75.32750701904297
2013-05-24,75.277099609375
2013-05-28,74.5526123046875
2013-05-29,74.52114868164062
2013-05-30,74.61563110351562
2013-05-31,74.24392700195312
2013-06-03,74.04869842529297
2013-06-04,73.75798797607422
2013-06-05,73.65055084228516
2013-06-06,73.96649169921875
2013-06-07,73.67582702636719
2013-06-10,73.44834899902344
2013-06-11,73.30928802490234
2013-06-12,73.05654907226562
2013-06-13,73.84011840820312
2013-06-14,73.78958892822266
2013-06-17,73.68216705322266
2013-06-18,73.53679656982422
2013-06-19,72.49411010742188
2013-06-20,71.49571990966797
2013-06-21,70.90804290771484
2013-06-24,70.44671630859375
2013-06-25,70.68054962158203
2013-06-26,71.21765899658203
2013-06-27,71.86223602294922
2013-06-28,71.81796264648438
2013-07-01,72.00371551513672
2013-07-02,72.23197174072266
2013-07-03,72.02273559570312
2013-07-05,71.10990142822266
2013-07-08,71.69307708740234
2013-07-09,71.75647735595703
2013-07-10,71.54730987548828
2013-07-11,72.39042663574219
2013-07-12,72.18760681152344
2013-07-15,72.65037536621094
2013-07-16,72.5425796508789
2013-07-17,72.81520080566406
2013-07-18,72.62500762939453
2013-07-19,73.02439880371094
2013-07-22,73.18920135498047
2013-07-23,73.0750732421875
2013-07-24,72.72010803222656
2013-07-25,72.6313247680664
2013-07-26,72.70744323730469
2013-07-29,72.58696746826172
2013-07-30,72.60597229003906
2013-07-31,72.6123046875
2013-08-01,72.03366088867188
2013-08-02,72.38976287841797
2013-08-05,72.11634826660156
2013-08-06,72.16081237792969
2013-08-07,72.31979370117188
2013-08-08,72.472412109375
2013-08-09,72.472412109375
2013-08-12,72.43425750732422
2013-08-13,71.9192123413086
2013-08-14,71.79837036132812
2013-08-15,71.2896499633789
2013-08-16,70.93355560302734
2013-08-19,70.54566955566406
2013-08-20,70.9780502319336
2013-08-21,70.55201721191406
2013-08-22,70.87628936767578
2013-08-23,71.35326385498047
2013-08-26,71.49951934814453
2013-08-27,71.80474853515625
2013-08-28,71.81743621826172
2013-08-29,71.88737487792969
2013-08-30,71.88737487792969
2013-09-03,71.60411071777344
2013-09-04,71.34253692626953
2013-09-05,70.75572204589844
2013-09-06,70.85773468017578
2013-09-09,71.04275512695312
2013-09-10,70.73017120361328
2013-09-11,71.06188201904297
2013-09-12,71.01081848144531
2013-09-13,71.05546569824219
2013-09-16,71.13844299316406
2013-09-17,71.3298568725586
2013-09-18,72.37605285644531
2013-09-19,71.91671752929688
2013-09-20,71.98054504394531
2013-09-23,72.4079818725586
2013-09-24,72.59300994873047
2013-09-25,72.8162612915039
2013-09-26,72.63765716552734
2013-09-27,72.58024597167969
2013-09-30,72.42072296142578
2013-10-01,72.34778594970703
2013-10-02,72.56537628173828
2013-10-03,72.6037826538086
2013-10-04,72.53337097167969
2013-10-07,72.66136169433594
2013-10-08,72.64860534667969
2013-10-09,72.49500274658203
2013-10-10,72.59739685058594
2013-10-11,72.69337463378906
2013-10-14,72.46934509277344
2013-10-15,72.48216247558594
2013-10-16,73.01982879638672
2013-10-17,73.557373046875
2013-10-18,73.65340423583984
2013-10-21,73.46141815185547
2013-10-22,73.90940856933594
2013-10-23,73.89014434814453
2013-10-24,73.81336212158203
2013-10-25,73.80701446533203
2013-10-28,73.87744903564453
2013-10-29,73.97982788085938
2013-10-30,73.83261108398438
2013-10-31,73.73019409179688
2013-11-01,73.53112030029297
2013-11-04,73.55043029785156
2013-11-05,73.23578643798828
2013-11-06,73.31925201416016
2013-11-07,73.4669189453125
2013-11-08,72.74772644042969
2013-11-11,72.62574005126953
2013-11-12,72.67711639404297
2013-11-13,72.84406280517578
2013-11-14,73.2421875
2013-11-15,73.2421875
2013-11-18,73.56964874267578
2013-11-19,73.3128433227539
2013-11-20,72.99818420410156
2013-11-21,73.13943481445312
2013-11-22,73.396240234375
2013-11-25,73.52472686767578
2013-11-26,73.67237854003906
2013-11-27,73.68526458740234
2013-11-29,73.62747192382812
2013-12-02,73.27831268310547
2013-12-03,73.46514129638672
2013-12-04,73.22679138183594
2013-12-05,73.06571197509766
2013-12-06,73.22036743164062
2013-12-09,73.32984924316406
2013-12-10,73.62618255615234
2013-12-11,73.42010498046875
2013-12-12,73.29765319824219
2013-12-13,73.49738311767578
2013-12-16,73.55535125732422
2013-12-17,73.77435302734375
2013-12-18,73.77435302734375
2013-12-19,73.66481018066406
2013-12-20,74.00627136230469
2013-12-23,73.8902587890625
2013-12-24,73.8709716796875
2013-12-26,73.81800079345703
2013-12-27,73.75333404541016
2013-12-30,73.97307586669922
2013-12-31,73.78568267822266
2014-01-02,73.92784881591797
2014-01-03,74.03766632080078
2014-01-06,74.1992416381836
2014-01-07,74.14107513427734
2014-01-08,73.82444763183594
2014-01-09,73.99242401123047
2014-01-10,74.39308166503906
2014-01-13,74.53524017333984
2014-01-14,74.31555938720703
2014-01-15,74.33491516113281
2014-01-16,74.50938415527344
2014-01-17,74.5933609008789
2014-01-21,74.49000549316406
2014-01-22,74.30906677246094
2014-01-23,74.5933609008789
2014-01-24,74.54169464111328
2014-01-27,74.39952087402344
2014-01-28,74.76139831542969
2014-01-29,74.90995788574219
2014-01-30,74.94877624511719
2014-01-31,75.1749267578125
2014-02-03,75.65972137451172
2014-02-04,75.29676055908203
2014-02-05,75.05697631835938
2014-02-06,74.9857177734375
2014-02-07,75.21900939941406
2014-02-10,75.25140380859375
2014-02-11,75.09590148925781
2014-02-12,74.86898803710938
2014-02-13,75.18013000488281
2014-02-14,75.32270812988281
2014-02-18,75.478271484375
2014-02-19,75.39402770996094
2014-02-20,75.29676055908203
2014-02-21,75.37456512451172
2014-02-24,75.41342163085938
2014-02-25,75.70511627197266
2014-02-26,75.95137786865234
2014-02-27,76.08100891113281
2014-02-28,76.03564453125
2014-03-03,76.23455047607422
2014-03-04,75.82501983642578
2014-03-05,75.78604125976562
2014-03-06,75.55851745605469
2014-03-07,75.2854995727539
2014-03-10,75.16850280761719
2014-03-11,75.19450378417969
2014-03-12,75.46101379394531
2014-03-13,75.72749328613281
2014-03-14,75.64302062988281
2014-03-17,75.5455093383789
2014-03-18,75.77954864501953
2014-03-19,75.2335205078125
2014-03-20,75.33746337890625
2014-03-21,75.5975112915039
2014-03-24,75.7405014038086
2014-03-25,75.76649475097656
2014-03-26,76.05900573730469
2014-03-27,76.07852935791016
2014-03-28,76.02001190185547
2014-03-31,76.01353454589844
2014-04-01,75.8244400024414
2014-04-02,75.72010040283203
2014-04-03,75.86356353759766
2014-04-04,76.16345977783203
2014-04-07,76.34596252441406
2014-04-08,76.54808807373047
2014-04-09,76.61328125
2014-04-10,76.71755981445312
2014-04-11,76.76972961425781
2014-04-14,76.8218994140625
2014-04-15,76.98487091064453
2014-04-16,77.01742553710938
2014-04-17,76.57414245605469
2014-04-21,76.67849731445312
2014-04-22,76.71755981445312
2014-04-23,76.88709259033203
2014-04-24,76.90013885498047
2014-04-25,76.88709259033203
2014-04-28,76.79579162597656
2014-04-29,76.80882263183594
2014-04-30,77.02400970458984
2014-05-01,77.34700012207031
2014-05-02,77.51044464111328
2014-05-05,77.31433868408203
2014-05-06,77.44505310058594
2014-05-07,77.45814514160156
2014-05-08,77.47772979736328
2014-05-09,77.39275360107422
2014-05-12,77.19664001464844
2014-05-13,77.48428344726562
2014-05-14,77.8699951171875
2014-05-15,78.00731658935547
2014-05-16,77.91582489013672
2014-05-19,77.84391784667969
2014-05-20,77.84391784667969
2014-05-21,77.70005798339844
2014-05-22,77.67386627197266
2014-05-23,77.75885009765625
2014-05-27,78.0334701538086
2014-05-28,78.40613555908203
2014-05-29,78.17728424072266
2014-05-30,78.1904067993164
2014-06-02,77.75634765625
2014-06-03,77.40229797363281
2014-06-04,77.36292266845703
2014-06-05,77.52688598632812
2014-06-06,77.69078826904297
2014-06-09,77.53340911865234
2014-06-10,77.38917541503906
2014-06-11,77.44823455810547
2014-06-12,77.69734954833984
2014-06-13,77.68418884277344
2014-06-16,77.6776351928711
2014-06-17,77.41539764404297
2014-06-18,77.86126708984375
2014-06-19,77.58588409423828
2014-06-20,77.7366943359375
2014-06-23,77.73014068603516
2014-06-24,78.05797576904297
2014-06-25,78.13665771484375
2014-06-26,78.28089141845703
2014-06-27,78.26775360107422
2014-06-30,78.19567108154297
2014-07-01,77.8931884765625
2014-07-02,77.61703491210938
2014-07-03,77.53814697265625
2014-07-07,77.67620849609375
2014-07-08,77.96553039550781
2014-07-09,78.09043884277344
2014-07-10,78.03130340576172
2014-07-11,78.27455139160156
2014-07-14,78.11016845703125
2014-07-15,78.02471923828125
2014-07-16,78.20880126953125
2014-07-17,78.50466918945312
2014-07-18,78.39946746826172
2014-07-21,78.39946746826172
2014-07-22,78.4586181640625
2014-07-23,78.55070495605469
2014-07-24,78.24169921875
2014-07-25,78.54411315917969
2014-07-28,78.45207214355469
2014-07-29,78.52438354492188
2014-07-30,78.16280364990234
2014-07-31,77.94583129882812
2014-08-01,78.34736633300781
2014-08-04,78.36711120605469
2014-08-05,78.44629669189453
2014-08-06,78.30779266357422
2014-08-07,78.51219940185547
2014-08-08,78.49243927001953
2014-08-11,78.5254135131836
2014-08-12,78.48583221435547
2014-08-13,78.64404296875
2014-08-14,78.72978973388672
2014-08-15,79.00676727294922
2014-08-18,78.8287124633789
2014-08-19,78.77596282958984
2014-08-20,78.597900390625
2014-08-21,78.86829376220703
2014-08-22,78.96719360351562
2014-08-25,79.09246063232422
2014-08-26,79.14521789550781
2014-08-27,79.27706146240234
2014-08-28,79.44856262207031
2014-08-29,79.50787353515625
2014-09-02,79.12960052490234
2014-09-03,79.23546600341797
2014-09-04,78.67341613769531
2014-09-05,78.6866226196289
2014-09-08,78.55435943603516
2014-09-09,78.3427734375
2014-09-10,78.21711730957031
2014-09-11,78.15764617919922
2014-09-12,77.7807388305664
2014-09-15,77.80059814453125
2014-09-16,77.78733825683594
2014-09-17,77.57575988769531
2014-09-18,77.71456909179688
2014-09-19,78.01879119873047
2014-09-22,78.09149932861328
2014-09-23,78.21711730957031
2014-09-24,78.0320053100586
2014-09-25,78.26345825195312
2014-09-26,78.09149932861328
2014-09-29,78.05845642089844
2014-09-30,78.1708755493164
2014-10-01,78.6449966430664
2014-10-02,78.63835906982422
2014-10-03,78.86381530761719
2014-10-06,78.90361022949219
2014-10-07,79.18871307373047
2014-10-08,79.59321594238281
2014-10-09,79.26167297363281
2014-10-10,79.32799530029297
2014-10-13,79.5335922241211
2014-10-14,79.71256256103516
2014-10-15,79.77226257324219
2014-10-16,79.59321594238281
2014-10-17,79.5600814819336
2014-10-20,79.70596313476562
2014-10-21,79.6595458984375
2014-10-22,79.52694702148438
2014-10-23,79.37440490722656
2014-10-24,79.40755462646484
2014-10-27,79.50702667236328
2014-10-28,79.2417984008789
2014-10-29,79.0959243774414
2014-10-30,79.1489486694336
2014-10-31,79.13569641113281
2014-11-03,78.97943115234375
2014-11-04,79.09246826171875
2014-11-05,78.94617462158203
2014-11-06,78.70677947998047
2014-11-07,79.20550537109375
2014-11-10,78.80656433105469
2014-11-11,78.79984283447266
2014-11-12,78.7932357788086
2014-11-13,78.70677947998047
2014-11-14,78.80656433105469
2014-11-17,78.62030792236328
2014-11-18,78.68681335449219
2014-11-19,78.26787567138672
2014-11-20,78.56710815429688
2014-11-21,78.90628051757812
2014-11-24,79.0326156616211
2014-11-25,79.37174224853516
2014-11-26,79.64441680908203
2014-11-28,79.85714721679688
2014-12-01,79.5804443359375
2014-12-02,79.04695892333984
2014-12-03,79.1269760131836
2014-12-04,79.2536849975586
2014-12-05,78.92693328857422
2014-12-08,79.3004150390625
2014-12-09,79.3670883178711
2014-12-10,79.34042358398438
2014-12-11,79.26038360595703
2014-12-12,79.38707733154297
2014-12-15,79.57379150390625
2014-12-16,79.547119140625
2014-12-17,79.56709289550781
2014-12-18,79.6471176147461
2014-12-19,79.60712432861328
2014-12-22,79.86054992675781
2014-12-23,79.2536849975586
2014-12-24,79.50914001464844
2014-12-26,79.56929016113281
2014-12-29,79.72309875488281
2014-12-30,79.78995513916016
2014-12-31,79.84345245361328
2015-01-02,80.12428283691406
2015-01-05,80.45188903808594
2015-01-06,80.77954864501953
2015-01-07,80.88656616210938
2015-01-08,80.62576293945312
2015-01-09,80.8397216796875
2015-01-12,80.9935302734375
2015-01-13,81.06710052490234
2015-01-14,81.20748901367188
2015-01-15,81.62875366210938
2015-01-16,81.174072265625
2015-01-20,81.361328125
2015-01-21,81.32786560058594
2015-01-22,81.28773498535156
2015-01-23,81.76248168945312
2015-01-26,81.74238586425781
2015-01-27,81.80260467529297
2015-01-28,82.35755157470703
2015-01-29,82.16368865966797
2015-01-30,82.8389663696289
2015-02-02,82.91609954833984
2015-02-03,82.24566650390625
2015-02-04,82.359619140625
2015-02-05,82.0981216430664
2015-02-06,81.23995208740234
2015-02-09,81.29358673095703
2015-02-10,81.07234191894531
2015-02-11,81.1259994506836
2015-02-12,81.33379364013672
2015-02-13,81.01199340820312
2015-02-17,80.63653564453125
2015-02-18,80.92483520507812
2015-02-19,80.91142272949219
2015-02-20,81.03208923339844
2015-02-23,81.30699157714844
2015-02-24,81.83670806884766
2015-02-25,81.9104232788086
2015-02-26,81.46790313720703
2015-02-27,81.66236114501953
2015-03-02,80.95443725585938
2015-03-03,80.9073715209961
2015-03-04,80.8536148071289
2015-03-05,80.96116638183594
2015-03-06,80.10066986083984
2015-03-09,80.42333984375
2015-03-10,80.55110168457031
2015-03-11,80.96116638183594
2015-03-12,80.88047790527344
2015-03-13,80.65193176269531
2015-03-16,80.73258972167969
2015-03-17,80.86700439453125
2015-03-18,81.86199951171875
2015-03-19,81.4452133178711
2015-03-20,81.67378997802734
2015-03-23,81.86199951171875
2015-03-24,81.98300170898438
2015-03-25,81.714111328125
2015-03-26,81.20989990234375
2015-03-27,81.53260040283203
2015-03-30,81.67378997802734
2015-03-31,81.82168579101562
2015-04-01,82.05691528320312
2015-04-02,81.92206573486328
2015-04-06,82.02998352050781
2015-04-07,82.32658386230469
2015-04-08,82.2995834350586
2015-04-09,81.88172149658203
2015-04-10,81.99620056152344
2015-04-13,81.96930694580078
2015-04-14,82.1580810546875
2015-04-15,82.21197509765625
2015-04-16,82.16474914550781
2015-04-17,82.38719177246094
2015-04-20,82.19171905517578
2015-04-21,82.17153930664062
2015-04-22,81.63893127441406
2015-04-23,81.84793090820312
2015-04-24,82.00301361083984
2015-04-27,81.94229125976562
2015-04-28,81.4570083618164
2015-04-29,80.78290557861328
2015-04-30,80.85029602050781
2015-05-01,80.40416717529297
2015-05-04,80.14730072021484
2015-05-05,80.01216888427734
2015-05-06,79.66741943359375
2015-05-07,79.98506164550781
2015-05-08,80.44474029541016
2015-05-11,79.63359069824219
2015-05-12,79.5186538696289
2015-05-13,79.4443588256836
2015-05-14,79.71473693847656
2015-05-15,80.26897430419922
2015-05-18,79.65383911132812
2015-05-19,79.22802734375
2015-05-20,79.32264709472656
2015-05-21,79.70118713378906
2015-05-22,79.6470718383789
2015-05-26,79.99858856201172
2015-05-27,80.07971954345703
2015-05-28,79.91070556640625
2015-05-29,79.94454193115234
2015-06-01,79.49649810791016
2015-06-02,79.08977508544922
2015-06-03,78.58136749267578
2015-06-04,78.98808288574219
2015-06-05,78.58817291259766
2015-06-08,78.53395080566406
2015-06-09,78.18147277832031
2015-06-10,77.97132873535156
2015-06-11,78.66270446777344
2015-06-12,78.52718353271484
2015-06-15,78.51359558105469
2015-06-16,78.71019744873047
2015-06-17,78.70343017578125
2015-06-18,78.56105041503906
2015-06-19,78.98133850097656
2015-06-22,78.35774993896484
2015-06-23,78.18147277832031
2015-06-24,78.39838409423828
2015-06-25,78.26959228515625
2015-06-26,77.91031646728516
2015-06-29,78.58817291259766
2015-06-30,78.43907928466797
2015-07-01,78.18753814697266
2015-07-02,78.48664093017578
2015-07-06,78.79934692382812
2015-07-07,79.12564086914062
2015-07-08,79.23439025878906
2015-07-09,78.71097564697266
2015-07-10,78.20796203613281
2015-07-13,78.03797912597656
2015-07-14,78.10594177246094
2015-07-15,78.30990600585938
2015-07-16,78.43222045898438
2015-07-17,78.48664093017578
2015-07-20,78.30306243896484
2015-07-21,78.46625518798828
2015-07-22,78.56824493408203
2015-07-23,78.79934692382812
2015-07-24,78.76532745361328
2015-07-27,78.7721176147461
2015-07-28,78.71097564697266
2015-07-29,78.6429672241211
2015-07-30,78.68376922607422
2015-07-31,79.09163665771484
2015-08-03,79.27571868896484
2015-08-04,78.87349700927734
2015-08-05,78.56670379638672
2015-08-06,78.71672058105469
2015-08-07,78.9893798828125
2015-08-10,78.67577362060547
2015-08-11,79.00302124023438
2015-08-12,78.88031005859375
2015-08-13,78.60762023925781
2015-08-14,78.6825942993164
2015-08-17,78.93486785888672
2015-08-18,78.6349105834961
2015-08-19,79.01663970947266
2015-08-20,79.06438446044922
2015-08-21,79.0848388671875
2015-08-24,78.86665344238281
2015-08-25,78.46442413330078
2015-08-26,78.416748046875
2015-08-27,78.49170684814453
2015-08-28,78.6349105834961
2015-08-31,78.43717193603516
2015-09-01,78.91236114501953
2015-09-02,78.7961654663086
2015-09-03,79.17217254638672
2015-09-04,79.3499526977539
2015-09-08,78.98074340820312
2015-09-09,79.15168762207031
2015-09-10,78.99442291259766
2015-09-11,79.04908752441406
2015-09-14,79.04228973388672
2015-09-15,78.44743347167969
2015-09-16,78.59103393554688
2015-09-17,79.24053955078125
2015-09-18,79.4798583984375
2015-09-21,79.07644653320312
2015-09-22,79.41832733154297
2015-09-23,79.37042236328125
2015-09-24,79.38409423828125
2015-09-25,79.14479064941406
2015-09-28,79.28156280517578
2015-09-29,79.38409423828125
2015-09-30,79.37042236328125
2015-10-01,79.35261535644531
2015-10-02,79.70231628417969
2015-10-05,79.48974609375
2015-10-06,79.64745330810547
2015-10-07,79.92857360839844
2015-10-08,79.61316680908203
2015-10-09,79.64745330810547
2015-10-12,79.96971893310547
2015-10-13,79.90801239013672
2015-10-14,80.2234115600586
2015-10-15,80.18912506103516
2015-10-16,80.21659088134766
2015-10-19,80.20972442626953
2015-10-20,80.05889129638672
2015-10-21,80.45654296875
2015-10-22,80.62802124023438
2015-10-23,80.3331069946289
2015-10-26,80.47711181640625
2015-10-27,80.49766540527344
2015-10-28,80.18228912353516
2015-10-29,79.62007904052734
2015-10-30,79.82569122314453
2015-11-02,79.48261260986328
2015-11-03,79.48948669433594
2015-11-04,79.40013885498047
2015-11-05,79.42068481445312
2015-11-06,78.9050064086914
2015-11-09,78.77435302734375
2015-11-10,78.9737319946289
2015-11-11,78.96688079833984
2015-11-12,78.93939971923828
2015-11-13,79.17314147949219
2015-11-16,79.18694305419922
2015-11-17,79.26943969726562
2015-11-18,79.29006958007812
2015-11-19,79.52385711669922
2015-11-20,79.51011657714844
2015-11-23,79.53762817382812
2015-11-24,79.56510925292969
2015-11-25,79.64077758789062
2015-11-27,79.66828155517578
2015-11-30,79.70268249511719
2015-12-01,80.30191802978516
2015-12-02,80.1087875366211
2015-12-03,79.04683685302734
2015-12-04,79.47439575195312
2015-12-07,79.61231231689453
2015-12-08,79.50884246826172
2015-12-09,79.48820495605469
2015-12-10,79.30195617675781
2015-12-11,79.43988037109375
2015-12-14,78.85379028320312
2015-12-15,78.86065673828125
2015-12-16,78.84684753417969
2015-12-17,78.93651580810547
2015-12-18,78.93651580810547
2015-12-21,78.99163055419922
2015-12-22,78.88824462890625
2015-12-23,78.95719146728516
2015-12-24,79.21443176269531
2015-12-28,79.11761474609375
2015-12-29,78.70964050292969
2015-12-30,78.70964050292969
2015-12-31,78.8410415649414
2016-01-04,78.7995376586914
2016-01-05,78.8410415649414
2016-01-06,79.15223693847656
2016-01-07,79.21443176269531
2016-01-08,79.27667236328125
2016-01-11,79.02082824707031
2016-01-12,79.2005844116211
2016-01-13,79.4426040649414
2016-01-14,79.04846954345703
2016-01-15,78.93092346191406
2016-01-19,78.57821655273438
2016-01-20,78.69578552246094
2016-01-21,78.46761322021484
2016-01-22,78.51600646972656
2016-01-25,78.43303680419922
2016-01-26,78.65433502197266
2016-01-27,78.43992614746094
2016-01-28,78.52985382080078
2016-01-29,78.93782806396484
2016-02-01,78.68608093261719
2016-02-02,78.83175659179688
2016-02-03,78.63748168945312
2016-02-04,78.67221069335938
2016-02-05,78.65835571289062
2016-02-08,79.06753540039062
2016-02-09,78.79705810546875
2016-02-10,78.8941650390625
2016-02-11,79.15764617919922
2016-02-12,78.71379852294922
2016-02-16,78.33926391601562
2016-02-17,78.31849670410156
2016-02-18,78.95658874511719
2016-02-19,78.90106201171875
2016-02-22,79.06060791015625
2016-02-23,79.22014617919922
2016-02-24,79.29639434814453
2016-02-25,79.74031829833984
2016-02-26,79.71256256103516
2016-02-29,79.76805114746094
2016-03-01,79.33330535888672
2016-03-02,79.49330139160156
2016-03-03,79.8688735961914
2016-03-04,79.85497283935547
2016-03-07,79.9454345703125
2016-03-08,80.3697738647461
2016-03-09,80.27931213378906
2016-03-10,80.61321258544922
2016-03-11,80.8427505493164
2016-03-14,81.07920837402344
2016-03-15,81.05144500732422
2016-03-16,81.44095611572266
2016-03-17,81.69139099121094
2016-03-18,81.87919616699219
2016-03-21,81.78180694580078
2016-03-22,81.6287841796875
2016-03-23,82.03921508789062
2016-03-24,82.00439453125
2016-03-28,82.05310821533203
2016-03-29,82.4217758178711
2016-03-30,82.32437133789062
2016-03-31,82.65131378173828
2016-04-01,82.91777801513672
2016-04-04,82.92477416992188
2016-04-05,83.18978118896484
2016-04-06,83.12004089355469
2016-04-07,83.34330749511719
2016-04-08,83.15497589111328
2016-04-11,83.14798736572266
2016-04-12,82.82013702392578
2016-04-13,83.10609436035156
2016-04-14,83.05032348632812
2016-04-15,83.39909362792969
2016-04-18,83.48976135253906
2016-04-19,83.64325714111328
2016-04-20,83.41304779052734
2016-04-21,83.37818145751953
2016-04-22,83.46881103515625
2016-04-25,83.2735595703125
2016-04-26,83.23870086669922
2016-04-27,83.76885223388672
2016-04-28,83.84548950195312
2016-04-29,83.93621063232422
2016-05-02,83.8277816772461
2016-05-03,83.97468566894531
2016-05-04,83.83479309082031
2016-05-05,84.00265502929688
2016-05-06,83.82080078125
2016-05-09,83.73686981201172
2016-05-10,83.87674713134766
2016-05-11,83.96768188476562
2016-05-12,83.7928466796875
2016-05-13,83.94670104980469
2016-05-16,83.66693878173828
2016-05-17,83.63896942138672
2016-05-18,82.92548370361328
2016-05-19,83.12136840820312
2016-05-20,83.17726135253906
2016-05-23,83.17726135253906
2016-05-24,83.03742980957031
2016-05-25,83.18431091308594
2016-05-26,83.42212677001953
2016-05-27,83.35914611816406
2016-05-31,83.50606536865234
2016-06-01,83.56497955322266
2016-06-02,83.73331451416016
2016-06-03,84.40664672851562
2016-06-06,84.20321655273438
2016-06-07,84.32948303222656
2016-06-08,84.61004638671875
2016-06-09,84.72928619384766
2016-06-10,84.8275146484375
2016-06-13,84.70123291015625
2016-06-14,84.51187896728516
2016-06-15,84.8275146484375
2016-06-16,84.9537582397461
2016-06-17,84.70123291015625
2016-06-20,84.59602355957031
2016-06-21,84.51887512207031
2016-06-22,84.6731948852539
2016-06-23,84.58908081054688
2016-06-24,84.98880767822266
2016-06-27,85.3465347290039
2016-06-28,85.8164291381836
2016-06-29,85.7883529663086
2016-06-30,86.09001159667969
2016-07-01,86.54083251953125
2016-07-05,86.83618927001953
2016-07-06,86.99095916748047
2016-07-07,87.0050048828125
2016-07-08,87.49027252197266
2016-07-11,87.26519012451172
2016-07-12,86.77294158935547
2016-07-13,87.1104965209961
2016-07-14,86.8995132446289
2016-07-15,86.56897735595703
2016-07-18,86.56897735595703
2016-07-19,86.72364807128906
2016-07-20,86.69552612304688
2016-07-21,86.79401397705078
2016-07-22,86.74479675292969
2016-07-25,86.69552612304688
2016-07-26,86.61116790771484
2016-07-27,86.96984100341797
2016-07-28,86.88545989990234
2016-07-29,87.20195770263672
2016-08-01,86.71044921875
2016-08-02,86.22388458251953
2016-08-03,86.33673858642578
2016-08-04,86.70340728759766
2016-08-05,86.35079956054688
2016-08-08,86.4072494506836
2016-08-09,86.91492462158203
2016-08-10,87.16178894042969
2016-08-11,86.87261962890625
2016-08-12,87.26749420166016
2016-08-15,86.99955749511719
2016-08-16,86.844482421875
2016-08-17,87.08419036865234
2016-08-18,87.29568481445312
2016-08-19,87.03484344482422
2016-08-22,87.33097839355469
2016-08-23,87.42970275878906
2016-08-24,87.373291015625
2016-08-25,87.28865814208984
2016-08-26,87.013671875
2016-08-29,87.50724029541016
2016-08-30,87.39446258544922
2016-08-31,87.35919952392578
2016-09-01,87.35918426513672
2016-09-02,87.2036361694336
2016-09-06,87.50765228271484
2016-09-07,87.38743591308594
2016-09-08,86.77241516113281
2016-09-09,86.12197875976562
2016-09-12,86.12904357910156
2016-09-13,85.84630584716797
2016-09-14,85.90283966064453
2016-09-15,85.95938873291016
2016-09-16,86.058349609375
2016-09-19,86.03007507324219
2016-09-20,86.14325714111328
2016-09-21,86.58148956298828
2016-09-22,86.93499755859375
2016-09-23,86.87138366699219
2016-09-26,87.0056381225586
2016-09-27,87.2177963256836
2016-09-28,87.27433776855469
2016-09-29,87.23896789550781
2016-09-30,87.08346557617188
2016-10-03,86.83677673339844
2016-10-04,86.43276977539062
2016-10-05,86.34063720703125
2016-10-06,86.34773254394531
2016-10-07,86.55326080322266
2016-10-10,86.55326080322266
2016-10-11,86.2839126586914
2016-10-12,86.39733123779297
2016-10-13,86.61000061035156
2016-10-14,86.20596313476562
2016-10-17,86.48949432373047
2016-10-18,86.70207214355469
2016-10-19,86.81553649902344
2016-10-20,86.78715515136719
2016-10-21,86.83677673339844
2016-10-24,86.58870697021484
2016-10-25,86.52494812011719
2016-10-26,86.1634521484375
2016-10-27,85.77357482910156
2016-10-28,85.67435455322266
2016-10-31,85.75231170654297
2016-11-01,85.64430236816406
2016-11-02,85.7721939086914
2016-11-03,85.60164642333984
2016-11-04,85.85752868652344
2016-11-07,85.80059814453125
2016-11-08,85.60874938964844
2016-11-09,84.350830078125
2016-11-10,84.27976989746094
2016-11-11,83.91735076904297
2016-11-14,83.48381042480469
2016-11-15,83.73966217041016
2016-11-16,83.86044311523438
2016-11-17,83.32746124267578
2016-11-18,82.85841369628906
2016-11-21,82.94367218017578
2016-11-22,83.1568832397461
2016-11-23,82.85131072998047
2016-11-25,82.85841369628906
2016-11-28,83.23506927490234
2016-11-29,83.34880828857422
2016-11-30,83.03604888916016
2016-12-01,82.57071685791016
2016-12-02,82.94843292236328
2016-12-05,83.12653350830078
2016-12-06,83.11947631835938
2016-12-07,83.46861267089844
2016-12-08,83.12653350830078
2016-12-09,82.80587768554688
2016-12-12,82.7275161743164
2016-12-13,82.91278076171875
2016-12-14,82.38546752929688
2016-12-15,82.4424819946289
2016-12-16,82.37833404541016
2016-12-19,82.77739715576172
2016-12-20,82.7275161743164
2016-12-21,82.99120330810547
2016-12-22,82.99687957763672
2016-12-23,83.12551879882812
2016-12-27,82.9754867553711
2016-12-28,83.28272247314453
2016-12-29,83.60425567626953
2016-12-30,83.73292541503906
2017-01-03,83.80436706542969
2017-01-04,84.09016418457031
2017-01-05,84.54035186767578
2017-01-06,84.09733581542969
2017-01-09,84.26167297363281
2017-01-10,84.21165466308594
2017-01-11,84.34026336669922
2017-01-12,84.3331527709961
2017-01-13,84.16165161132812
2017-01-17,84.52606201171875
2017-01-18,83.96874237060547
2017-01-19,83.68289184570312
2017-01-20,83.83290100097656
2017-01-23,84.21881103515625
2017-01-24,83.96874237060547
2017-01-25,83.6471176147461
2017-01-26,83.74720001220703
2017-01-27,83.84720611572266
2017-01-30,83.70430755615234
2017-01-31,83.85438537597656
2017-02-01,83.75123596191406
2017-02-02,83.77264404296875
2017-02-03,83.86585998535156
2017-02-06,84.13093566894531
2017-02-07,84.27426147460938
2017-02-08,84.5679931640625
2017-02-09,84.23123931884766
2017-02-10,84.20976257324219
2017-02-13,84.17394256591797
2017-02-14,83.9732894897461
2017-02-15,83.90884399414062
2017-02-16,84.14527130126953
2017-02-17,84.36019134521484
2017-02-21,84.39606475830078
2017-02-22,84.46051025390625
2017-02-23,84.67546844482422
2017-02-24,85.1053466796875
2017-02-27,84.90473937988281
2017-02-28,84.96205139160156
2017-03-01,84.45989227294922
2017-03-02,84.33056640625
2017-03-03,84.41677856445312
2017-03-06,84.26592254638672
2017-03-07,83.8492202758789
2017-03-08,83.59058380126953
2017-03-09,83.13794708251953
2017-03-10,83.3463134765625
2017-03-13,83.06610107421875
2017-03-14,83.13794708251953
2017-03-15,83.85643005371094
2017-03-16,83.73424530029297
2017-03-17,83.92823028564453
2017-03-20,84.12222290039062
2017-03-21,84.33056640625
2017-03-22,84.54608917236328
2017-03-23,84.48863220214844
2017-03-24,84.5748291015625
2017-03-27,84.7544937133789
2017-03-28,84.5748291015625
2017-03-29,84.84786224365234
2017-03-30,84.6250991821289
2017-03-31,84.71131896972656
2017-04-03,85.09172821044922
2017-04-04,84.86836242675781
2017-04-05,84.97644805908203
2017-04-06,85.05567932128906
2017-04-07,84.84678649902344
2017-04-10,85.0052490234375
2017-04-11,85.40148162841797
2017-04-12,85.68241119384766
2017-04-13,85.82649230957031
2017-04-17,85.66080474853516
2017-04-18,86.16506958007812
2017-04-19,85.90570068359375
2017-04-20,85.78327941894531
2017-04-21,85.78327941894531
2017-04-24,85.66801452636719
2017-04-25,85.32939910888672
2017-04-26,85.53833770751953
2017-04-27,85.61762237548828
2017-04-28,85.71842193603516
2017-05-01,85.45262145996094
2017-05-02,85.7054214477539
2017-05-03,85.66207885742188
2017-05-04,85.4959487915039
2017-05-05,85.52484893798828
2017-05-08,85.3731918334961
2017-05-09,85.38761138916016
2017-05-10,85.50318145751953
2017-05-11,85.54651641845703
2017-05-12,85.97991943359375
2017-05-15,85.97270965576172
2017-05-16,86.09550476074219
2017-05-17,86.62283325195312
2017-05-18,86.60835266113281
2017-05-19,86.6589584350586
2017-05-22,86.58671569824219
2017-05-23,86.31942749023438
2017-05-24,86.45667266845703
2017-05-25,86.49275207519531
2017-05-26,86.55777740478516
2017-05-30,86.76007080078125
2017-05-31,86.8611831665039
2017-06-01,86.88005828857422
2017-06-02,87.28556060791016
2017-06-05,87.03933715820312
2017-06-06,87.29283905029297
2017-06-07,87.18417358398438
2017-06-08,87.0320816040039
2017-06-09,86.94520568847656
2017-06-12,86.96692657470703
2017-06-13,87.06106567382812
2017-06-14,87.65494537353516
2017-06-15,87.44491577148438
2017-06-16,87.51737213134766
2017-06-19,87.40869903564453
2017-06-20,87.60425567626953
2017-06-21,87.64768981933594
2017-06-22,87.7200927734375
2017-06-23,87.76358032226562
2017-06-26,87.92292785644531
2017-06-27,87.52461242675781
2017-06-28,87.61875915527344
2017-06-29,87.35073852539062
2017-06-30,87.27835845947266
2017-07-03,87.08948516845703
2017-07-05,87.2347640991211
2017-07-06,87.00965881347656
2017-07-07,86.93707275390625
2017-07-10,87.082275390625
2017-07-11,87.11861419677734
2017-07-12,87.50345611572266
2017-07-13,87.35094451904297
2017-07-14,87.5542984008789
2017-07-17,87.63418579101562
2017-07-18,88.01176452636719
2017-07-19,87.98274230957031
2017-07-20,88.06261444091797
2017-07-21,88.26592254638672
2017-07-24,88.16426849365234
2017-07-25,87.64141845703125
2017-07-26,87.93186950683594
2017-07-27,87.71405792236328
2017-07-28,87.9464340209961
2017-07-31,87.9464340209961
2017-08-01,88.26530456542969
2017-08-02,88.12700653076172
2017-08-03,88.25074005126953
2017-08-04,87.90856170654297
2017-08-07,87.930419921875
2017-08-08,87.50808715820312
2017-08-09,87.59550476074219
2017-08-10,87.56639099121094
2017-08-11,87.72652435302734
2017-08-14,87.66829681396484
2017-08-15,87.56639099121094
2017-08-16,87.81393432617188
2017-08-17,87.90129089355469
2017-08-18,87.84304809570312
2017-08-21,87.9667739868164
2017-08-22,87.87943267822266
2017-08-23,88.21434020996094
2017-08-24,88.0468978881836
2017-08-25,88.25074005126953
2017-08-28,88.25074005126953
2017-08-29,88.31629943847656
2017-08-30,88.38909912109375
2017-08-31,88.54198455810547
2017-09-01,88.19158172607422
2017-09-05,88.73908233642578
2017-09-06,88.42520141601562
2017-09-07,88.76828002929688
2017-09-08,88.5054931640625
2017-09-11,88.23540496826172
2017-09-12,88.14051055908203
2017-09-13,88.05289459228516
2017-09-14,88.27188873291016
2017-09-15,88.34490203857422
2017-09-18,88.25730895996094
2017-09-19,88.30838012695312
2017-09-20,88.19892120361328
2017-09-21,88.19892120361328
2017-09-22,88.31568145751953
2017-09-25,88.64421081542969
2017-09-26,88.62958526611328
2017-09-27,88.28648376464844
2017-09-28,88.41789245605469
2017-09-29,88.4981689453125
2017-10-02,88.5809097290039
2017-10-03,88.77852630615234
2017-10-04,88.7272720336914
2017-10-05,88.60284423828125
2017-10-06,88.52965545654297
2017-10-09,88.60284423828125
2017-10-10,88.66141510009766
2017-10-11,88.61750793457031
2017-10-12,88.63946533203125
2017-10-13,88.99078369140625
2017-10-16,88.86636352539062
2017-10-17,88.85172271728516
2017-10-18,88.71992492675781
2017-10-19,88.85172271728516
2017-10-20,88.61014556884766
2017-10-23,88.6979751586914
2017-10-24,88.47842407226562
2017-10-25,88.24421691894531
2017-10-26,88.23686218261719
2017-10-27,88.5003433227539
2017-10-30,88.79313659667969
2017-10-31,88.66871643066406
2017-11-01,88.80889129638672
2017-11-02,88.794189453125
2017-11-03,88.89695739746094
2017-11-06,88.91898345947266
2017-11-07,88.84557342529297
2017-11-08,88.72818756103516
2017-11-09,88.4932861328125
2017-11-10,87.9869613647461
2017-11-13,88.0016098022461
2017-11-14,88.02363586425781
2017-11-15,88.39788818359375
2017-11-16,88.2951431274414
2017-11-17,88.40530395507812
2017-11-20,88.40530395507812
2017-11-21,88.69881439208984
2017-11-22,89.04373168945312
2017-11-24,88.94102478027344
2017-11-27,88.88963317871094
2017-11-28,89.014404296875
2017-11-29,88.662109375
2017-11-30,88.55938720703125
2017-12-01,88.83312225341797
2017-12-04,88.97288513183594
2017-12-05,89.14218139648438
2017-12-06,89.31140899658203
2017-12-07,89.13481903076172
2017-12-08,89.02445220947266
2017-12-11,89.09068298339844
2017-12-12,89.02445220947266
2017-12-13,89.33351135253906
2017-12-14,89.49542236328125
2017-12-15,89.62049865722656
2017-12-18,89.35559844970703
2017-12-19,88.89934539794922
2017-12-20,88.6638412475586
2017-12-21,88.90279388427734
2017-12-22,88.96914672851562
2017-12-26,89.08716583251953
2017-12-27,89.58121490478516
2017-12-28,89.52220916748047
2017-12-29,89.64021301269531
2018-01-02,89.04293060302734
2018-01-03,89.20514678955078
2018-01-04,89.17562866210938
2018-01-05,89.14615631103516
2018-01-08,89.13877868652344
2018-01-09,88.81427764892578
2018-01-10,88.87328338623047
2018-01-11,89.08716583251953
2018-01-12,89.10189819335938
2018-01-16,89.18297576904297
2018-01-17,88.939697265625
2018-01-18,88.59310150146484
2018-01-19,88.32022857666016
2018-01-22,88.23907470703125
2018-01-23,88.62258911132812
2018-01-24,88.56358337402344
2018-01-25,89.01342010498047
2018-01-26,88.89541625976562
2018-01-29,88.65945434570312
2018-01-30,88.35713195800781
2018-01-31,88.54144287109375
2018-02-01,88.15029907226562
2018-02-02,87.69930267333984
2018-02-05,87.75101470947266
2018-02-06,87.5736083984375
2018-02-07,87.32958221435547
2018-02-08,86.9524917602539
2018-02-09,86.67153930664062
2018-02-12,86.67153930664062
2018-02-13,86.64197540283203
2018-02-14,86.32402038574219
2018-02-15,86.73069763183594
2018-02-16,86.9894790649414
2018-02-20,86.61976623535156
2018-02-21,86.1465835571289
2018-02-22,86.26487731933594
2018-02-23,86.6641616821289
2018-02-26,86.77503204345703
2018-02-27,86.39797973632812
2018-02-28,86.56060791015625
2018-03-01,86.47168731689453
2018-03-02,86.1972885131836
2018-03-05,86.16763305664062
2018-03-06,86.24174499511719
2018-03-07,86.21212768554688
2018-03-08,86.38267517089844
2018-03-09,86.07865905761719
2018-03-12,86.18988800048828
2018-03-13,86.1972885131836
2018-03-14,86.39009094238281
2018-03-15,86.47906494140625
2018-03-16,86.57547760009766
2018-03-19,86.28630828857422
2018-03-20,85.98230743408203
2018-03-21,85.93037414550781
2018-03-22,86.07865905761719
2018-03-23,85.80430603027344
2018-03-26,86.10832977294922
2018-03-27,86.41976165771484
2018-03-28,86.64961242675781
2018-03-29,87.04264068603516
2018-04-02,86.99573516845703
2018-04-03,86.76522064208984
2018-04-04,86.76522064208984
2018-04-05,86.79500579833984
2018-04-06,87.05522155761719
2018-04-09,87.09983825683594
2018-04-10,87.12216186523438
2018-04-11,87.18164825439453
2018-04-12,86.94364929199219
2018-04-13,86.97341918945312
2018-04-16,86.98086547851562
2018-04-17,86.9883041381836
2018-04-18,86.54216003417969
2018-04-19,86.21495056152344
2018-04-20,85.86546325683594
2018-04-23,85.8282470703125
2018-04-24,85.57542419433594
2018-04-25,85.30775451660156
2018-04-26,85.5605697631836
2018-04-27,85.7538833618164
2018-04-30,85.6795425415039
2018-05-01,85.44763946533203
2018-05-02,85.3805160522461
2018-05-03,85.39539337158203
2018-05-04,85.5147476196289
2018-05-07,85.41776275634766
2018-05-08,85.38792419433594
2018-05-09,85.3730697631836
2018-05-10,85.8055648803711
2018-05-11,85.9547119140625
2018-05-14,85.7981185913086
2018-05-15,85.14932250976562
2018-05-16,85.0374755859375
2018-05-17,84.8733901977539
2018-05-18,85.22386169433594
2018-05-21,85.27606964111328
2018-05-22,85.18661499023438
2018-05-23,85.55200958251953
2018-05-24,85.7906723022461
2018-05-25,86.04419708251953
2018-05-29,86.4991226196289
2018-05-30,86.16353607177734
2018-05-31,86.126220703125
2018-06-01,85.9609146118164
2018-06-04,85.7664566040039
2018-06-05,85.82628631591797
2018-06-06,85.5121078491211
2018-06-07,85.79634857177734
2018-06-08,85.65422821044922
2018-06-11,85.57193756103516
2018-06-12,85.57942199707031
2018-06-13,85.49710845947266
2018-06-14,85.88610076904297
2018-06-15,85.7664566040039
2018-06-18,85.6766586303711
2018-06-19,85.72154235839844
2018-06-20,85.24275970458984
2018-06-21,85.17546081542969
2018-06-22,85.28018951416016
2018-06-25,85.19789123535156
2018-06-26,85.48218536376953
2018-06-27,85.77388763427734
2018-06-28,85.66168975830078
2018-06-29,85.70657348632812
2018-07-02,85.71785736083984
2018-07-03,86.0329818725586
2018-07-05,86.3030776977539
2018-07-06,86.42314910888672
2018-07-09,86.48320770263672
2018-07-10,86.3856201171875
2018-07-11,86.55824279785156
2018-07-12,86.74579620361328
2018-07-13,86.81331634521484
2018-07-16,86.67074584960938
2018-07-17,86.6107177734375
2018-07-18,86.59575653076172
2018-07-19,86.73077392578125
2018-07-20,86.47566223144531
2018-07-23,86.13055419921875
2018-07-24,86.40062713623047
2018-07-25,86.51319122314453
2018-07-26,86.59575653076172
2018-07-27,86.70828247070312
2018-07-30,86.58821105957031
2018-07-31,86.85832214355469
2018-08-01,86.55206298828125
2018-08-02,86.65740203857422
2018-08-03,86.92831420898438
2018-08-06,87.01109313964844
2018-08-07,86.74021911621094
2018-08-08,86.60467529296875
2018-08-09,86.6724624633789
2018-08-10,86.81546783447266
2018-08-13,86.79288482666016
2018-08-14,86.90574645996094
2018-08-15,87.08638763427734
2018-08-16,87.1992416381836
2018-08-17,87.27454376220703
2018-08-20,87.50028228759766
2018-08-21,87.28204345703125
2018-08-22,87.27454376220703
2018-08-23,87.30460357666016
2018-08-24,87.4776840209961
2018-08-27,87.3422622680664
2018-08-28,87.01109313964844
2018-08-29,86.92079162597656
2018-08-30,87.00360107421875
2018-08-31,86.87566375732422
2018-09-04,86.71562957763672
2018-09-05,86.66277313232422
2018-09-06,86.90433502197266
2018-09-07,86.5420150756836
2018-09-10,86.82886505126953
2018-09-11,86.63261413574219
2018-09-12,86.80622863769531
2018-09-13,86.98733520507812
2018-09-14,86.8817138671875
2018-09-17,86.82886505126953
2018-09-18,86.47409057617188
2018-09-19,86.34574890136719
2018-09-20,86.57217407226562
2018-09-21,86.58731079101562
2018-09-24,86.39104461669922
2018-09-25,86.39104461669922
2018-09-26,86.70052337646484
2018-09-27,86.81375885009766
2018-09-28,86.75338745117188
2018-10-01,86.63371276855469
2018-10-02,86.70943450927734
2018-10-03,86.20218658447266
2018-10-04,85.84629821777344
2018-10-05,85.51313781738281
2018-10-08,85.42225646972656
2018-10-09,85.66455078125
2018-10-10,85.42985534667969
2018-10-11,85.78570556640625
2018-10-12,85.80089569091797
2018-10-15,85.6418228149414
2018-10-16,85.86144256591797
2018-10-17,85.43743133544922
2018-10-18,85.43743133544922
2018-10-19,85.3313980102539
2018-10-22,85.22543334960938
2018-10-23,85.3465805053711
2018-10-24,85.46770477294922
2018-10-25,85.36170959472656
2018-10-26,85.50557708740234
2018-10-29,85.40714263916016
2018-10-30,85.2178726196289
2018-10-31,84.97554016113281
2018-11-01,85.23314666748047
2018-11-02,84.89120483398438
2018-11-05,85.0431900024414
2018-11-06,85.1875228881836
2018-11-07,85.40779113769531
2018-11-08,85.15711212158203
2018-11-09,85.21793365478516
2018-11-12,85.21031188964844
2018-11-13,85.09637451171875
2018-11-14,84.86846923828125
2018-11-15,84.70889282226562
2018-11-16,84.87602233886719
2018-11-19,84.79246520996094
2018-11-20,84.5873794555664
2018-11-21,84.7696762084961
2018-11-23,84.80766296386719
2018-11-26,84.84563446044922
2018-11-27,84.73932647705078
2018-11-28,84.96720123291016
2018-11-29,84.72412872314453
2018-11-30,84.67094421386719
2018-12-03,84.98567962646484
2018-12-04,85.00090026855469
2018-12-06,85.26000213623047
2018-12-07,85.26765441894531
2018-12-10,85.5267333984375
2018-12-11,85.67918395996094
2018-12-12,85.7706069946289
2018-12-13,85.99921417236328
2018-12-14,85.90773010253906
2018-12-17,85.99921417236328
2018-12-18,86.30652618408203
2018-12-19,86.23773193359375
2018-12-20,85.95492553710938
2018-12-21,85.87079620361328
2018-12-24,85.67200469970703
2018-12-26,85.60324096679688
2018-12-27,85.60324096679688
2018-12-28,86.00838470458984
2018-12-31,86.24535369873047
2019-01-02,86.51293182373047
2019-01-03,86.55115509033203
2019-01-04,86.49764251708984
2019-01-07,86.50525665283203
2019-01-08,86.6964111328125
2019-01-09,87.02513122558594
2019-01-10,86.79578399658203
2019-01-11,86.95632934570312
2019-01-14,86.72695922851562
2019-01-15,86.78047943115234
2019-01-16,86.94868469238281
2019-01-17,87.12449645996094
2019-01-18,87.2773666381836
2019-01-22,87.42262268066406
2019-01-23,87.64435577392578
2019-01-24,87.8736572265625
2019-01-25,87.9500961303711
2019-01-28,87.93480682373047
2019-01-29,88.12593078613281
2019-01-30,88.53104400634766
2019-01-31,89.1502914428711
2019-02-01,88.93791198730469
2019-02-04,88.81522369384766
2019-02-05,89.17562103271484
2019-02-06,89.00691223144531
2019-02-07,88.99156951904297
2019-02-08,89.21392822265625
2019-02-11,89.01455688476562
2019-02-12,89.13725280761719
2019-02-13,88.9072265625
2019-02-14,89.00691223144531
2019-02-15,89.11429595947266
2019-02-19,89.16790771484375
2019-02-20,89.09123992919922
2019-02-21,88.83824920654297
2019-02-22,89.23694610595703
2019-02-25,89.2062759399414
2019-02-26,89.34428405761719
2019-02-27,89.09123992919922
2019-02-28,88.96855926513672
2019-03-01,88.81321716308594
2019-03-04,89.01313781738281
2019-03-05,89.04393005371094
2019-03-06,89.12857055664062
2019-03-07,89.42082214355469
2019-03-08,89.53617095947266
2019-03-11,89.63619232177734
2019-03-12,89.88232421875
2019-03-13,89.73619079589844
2019-03-14,89.55926513671875
2019-03-15,89.88232421875
2019-03-18,89.836181640625
2019-03-19,89.85152435302734
2019-03-20,90.45919036865234
2019-03-21,90.62836456298828
2019-03-22,91.1821517944336
2019-03-25,91.36678314208984
2019-03-26,91.40519714355469
2019-03-27,91.52827453613281
2019-03-28,91.64363861083984
2019-03-29,91.57443237304688
2019-04-01,91.23342895507812
2019-04-02,91.35689544677734
2019-04-03,91.16403198242188
2019-04-04,91.31058502197266
2019-04-05,91.45716094970703
2019-04-08,91.32600402832031
2019-04-09,91.51889038085938
2019-04-10,91.96633911132812
2019-04-11,91.8737564086914
2019-04-12,91.81977081298828
2019-04-15,91.67315673828125
2019-04-16,91.41856384277344
2019-04-17,91.4031753540039
2019-04-18,91.48030090332031
2019-04-22,91.33373260498047
2019-04-23,91.71173095703125
2019-04-24,92.02037048339844
2019-04-25,91.97405242919922
2019-04-26,92.2980728149414
2019-04-29,91.93547821044922
2019-04-30,91.97405242919922
2019-05-01,91.94462585449219
2019-05-02,91.61192321777344
2019-05-03,92.02202606201172
2019-05-06,92.14583587646484
2019-05-07,92.1380615234375
2019-05-08,91.82859802246094
2019-05-09,91.91368865966797
2019-05-10,91.96783447265625
2019-05-13,92.02202606201172
2019-05-14,92.15357971191406
2019-05-15,92.408935546875
2019-05-16,92.2618637084961
2019-05-17,92.26959991455078
2019-05-20,92.052978515625
2019-05-21,92.13034057617188
2019-05-22,92.24639129638672
2019-05-23,92.44757843017578
2019-05-24,92.64100646972656
2019-05-28,92.70293426513672
2019-05-29,92.74158477783203
2019-05-30,93.27552032470703
2019-05-31,93.49217224121094
2019-06-03,93.78008270263672
2019-06-04,93.81117248535156
2019-06-05,93.74905395507812
2019-06-06,93.92754364013672
2019-06-07,94.34663391113281
2019-06-10,94.00513458251953
2019-06-11,94.09053039550781
2019-06-12,94.23023986816406
2019-06-13,94.47084045410156
2019-06-14,94.50963592529297
2019-06-17,94.55623626708984
2019-06-18,95.18492889404297
2019-06-19,95.79029083251953
2019-06-20,96.31028747558594
2019-06-21,95.96099853515625
2019-06-24,96.20162200927734
2019-06-25,95.91447448730469
2019-06-26,95.7204360961914
2019-06-27,96.27923583984375
2019-06-28,96.527587890625
2019-07-01,96.71052551269531
2019-07-02,96.97515106201172
2019-07-03,97.23979187011719
2019-07-05,96.38357543945312
2019-07-08,96.25125885009766
2019-07-09,96.04889678955078
2019-07-10,96.26685333251953
2019-07-11,95.69865417480469
2019-07-12,95.79203033447266
2019-07-15,95.95551300048828
2019-07-16,95.75316619873047
2019-07-17,96.25901794433594
2019-07-18,96.48478698730469
2019-07-19,96.33688354492188
2019-07-22,96.63269805908203
2019-07-23,96.68714904785156
2019-07-24,96.95963287353516
2019-07-25,96.6482162475586
2019-07-26,96.78058624267578
2019-07-29,96.71832275390625
2019-07-30,96.68714904785156
2019-07-31,96.77277374267578
2019-08-01,97.5595703125
2019-08-02,97.66102600097656
2019-08-05,97.73126220703125
2019-08-06,98.3400650024414
2019-08-07,98.32450866699219
2019-08-08,98.58987426757812
2019-08-09,98.30105590820312
2019-08-12,98.91771697998047
2019-08-13,98.83965301513672
2019-08-14,99.12845611572266
2019-08-15,99.61238098144531
2019-08-16,99.79190826416016
2019-08-19,99.46409606933594
2019-08-20,100.04165649414062
2019-08-21,100.22120666503906
2019-08-22,99.8543701171875
2019-08-23,100.22120666503906
2019-08-26,100.22901153564453
2019-08-27,100.76754760742188
2019-08-28,100.76754760742188
2019-08-29,100.5490493774414
2019-08-30,100.5334243774414
2019-09-03,100.438720703125
2019-09-04,100.62657165527344
2019-09-05,99.89085388183594
2019-09-06,100.2508773803711
2019-09-09,99.51519775390625
2019-09-10,98.677734375
2019-09-11,98.59947967529297
2019-09-12,98.4664077758789
2019-09-13,97.58203125
2019-09-16,98.07508087158203
2019-09-17,98.32552337646484
2019-09-18,98.5681381225586
2019-09-19,98.84992218017578
2019-09-20,99.53081512451172
2019-09-23,99.46041870117188
2019-09-24,99.77344512939453
2019-09-25,99.20991516113281
2019-09-26,99.4212646484375
2019-09-27,99.44476318359375
2019-09-30,99.77344512939453
2019-10-01,99.88801574707031
2019-10-02,99.84878540039062
2019-10-03,100.24115753173828
2019-10-04,100.65707397460938
2019-10-07,100.14698791503906
2019-10-08,100.06065368652344
2019-10-09,100.09991455078125
2019-10-10,99.51134490966797
2019-10-11,99.33085632324219
2019-10-14,99.66046905517578
2019-10-15,99.39362335205078
2019-10-16,99.50348663330078
2019-10-17,99.6447525024414
2019-10-18,99.77033233642578
2019-10-21,99.542724609375
2019-10-22,99.71537780761719
2019-10-23,99.77033233642578
2019-10-24,99.98999786376953
2019-10-25,99.81736755371094
2019-10-28,99.51921081542969
2019-10-29,99.26026916503906
2019-10-30,99.6133804321289
2019-10-31,100.21760559082031
2019-11-01,100.31597137451172
2019-11-04,99.8438491821289
2019-11-05,99.26945495605469
2019-11-06,99.828125
2019-11-07,99.04915618896484
2019-11-08,98.91536712646484
2019-11-11,98.94683837890625
2019-11-12,99.041259765625
2019-11-13,99.2773208618164
2019-11-14,99.796630859375
2019-11-15,99.8123779296875
2019-11-18,99.92253875732422
2019-11-19,100.1192626953125
2019-11-20,100.2608642578125
2019-11-21,100.02485656738281
2019-11-22,100.30023956298828
2019-11-25,100.64646911621094
2019-11-26,100.90609741210938
2019-11-27,100.89822387695312
2019-11-29,100.69365692138672
2019-12-02,100.25654602050781
2019-12-03,101.02975463867188
2019-12-04,100.89566040039062
2019-12-05,100.7851791381836
2019-12-06,100.72994995117188
2019-12-09,100.71417999267578
2019-12-10,100.71417999267578
2019-12-11,101.10868072509766
2019-12-12,100.64317321777344
2019-12-13,101.29802703857422
2019-12-16,101.0691909790039
2019-12-17,100.99034118652344
2019-12-18,100.9193344116211
2019-12-19,101.01898193359375
2019-12-20,100.98733520507812
2019-12-23,101.03482818603516
2019-12-24,101.13763427734375
2019-12-26,101.31964111328125
2019-12-27,101.46199035644531
2019-12-30,101.6439437866211
2019-12-31,101.22466278076172
2020-01-02,101.438232421875
2020-01-03,101.78631591796875
2020-01-06,101.4461441040039
2020-01-07,101.18510437011719
2020-01-08,101.04271697998047
2020-01-09,101.52527618408203
2020-01-10,101.81004333496094
2020-01-13,101.56480407714844
2020-01-14,101.69139099121094
2020-01-15,101.91287994384766
2020-01-16,102.05528259277344
2020-01-17,102.0394515991211
2020-01-21,102.52993774414062
2020-01-22,102.5853042602539
2020-01-23,102.71977996826172
2020-01-24,102.893798828125
2020-01-27,103.09159851074219
2020-01-28,103.03618621826172
2020-01-29,103.3684310913086
2020-01-30,103.43174743652344
2020-01-31,103.7006607055664
2020-02-03,103.61896514892578
2020-02-04,103.3652114868164
2020-02-05,103.30177307128906
2020-02-06,103.25418090820312
2020-02-07,103.65074157714844
2020-02-10,103.89659881591797
2020-02-11,103.74593353271484
2020-02-12,103.69832611083984
2020-02-13,103.626953125
2020-02-14,103.88070678710938
2020-02-18,104.07898712158203
2020-02-19,103.93623352050781
2020-02-20,104.28522491455078
2020-02-21,104.49142456054688
2020-02-24,104.50724792480469
2020-02-25,104.61035919189453
2020-02-26,104.2217788696289
2020-02-27,103.6666030883789
2020-02-28,104.83242797851562
2020-03-02,104.72828674316406
2020-03-03,105.92107391357422
2020-03-04,106.07218170166016
2020-03-05,106.03242492675781
2020-03-06,106.77193450927734
2020-03-09,104.17958068847656
2020-03-10,101.83373260498047
2020-03-11,98.48593139648438
2020-03-12,93.7862777709961
2020-03-13,97.84977722167969
2020-03-16,96.45816802978516
2020-03-17,92.50603485107422
2020-03-18,87.8779525756836
2020-03-19,83.53612518310547
2020-03-20,84.8800048828125
2020-03-23,91.15413665771484
2020-03-24,93.02288055419922
2020-03-25,97.47603607177734
2020-03-26,97.5555419921875
2020-03-27,97.35673522949219
2020-03-30,98.54159545898438
2020-03-31,98.21553802490234
2020-04-01,96.78858184814453
2020-04-02,97.04365539550781
2020-04-03,96.54141998291016
2020-04-06,98.44676208496094
2020-04-07,98.59819030761719
2020-04-08,100.37596130371094
2020-04-09,105.09542846679688
2020-04-13,104.07505798339844
2020-04-14,103.56477355957031
2020-04-15,104.2583999633789
2020-04-16,103.7402114868164
2020-04-17,104.0829849243164
2020-04-20,103.49305725097656
2020-04-21,103.12635040283203
2020-04-22,103.19012451171875
2020-04-23,103.62857055664062
2020-04-24,103.55683135986328
2020-04-27,102.71977996826172
2020-04-28,102.9987564086914
2020-04-29,103.67640686035156
2020-04-30,102.974853515625
2020-05-01,102.56727600097656
2020-05-04,102.72711181640625
2020-05-05,102.59125518798828
2020-05-06,101.44044494628906
2020-05-07,101.71209716796875
2020-05-08,101.22467041015625
2020-05-11,100.33756256103516
2020-05-12,101.30459594726562
2020-05-13,101.5363540649414
2020-05-14,102.37550354003906
2020-05-15,102.73513793945312
2020-05-18,103.31852722167969
2020-05-19,103.3984375
2020-05-20,104.53328704833984
2020-05-21,104.453369140625
2020-05-22,104.453369140625
2020-05-26,104.30948638916016
2020-05-27,104.74105072021484
2020-05-28,104.8290023803711
2020-05-29,105.50828552246094
2020-06-01,105.4618148803711
2020-06-02,105.79828643798828
2020-06-03,105.73419952392578
2020-06-04,105.41377258300781
2020-06-05,105.95848846435547
2020-06-08,106.31105041503906
2020-06-09,106.08671569824219
2020-06-10,106.78368377685547
2020-06-11,105.50985717773438
2020-06-12,106.02261352539062
2020-06-15,107.52875518798828
2020-06-16,107.2322998046875
2020-06-17,107.02404022216797
2020-06-18,107.26435852050781
2020-06-19,107.3445053100586
2020-06-22,107.2403335571289
2020-06-23,107.04008483886719
2020-06-24,106.74359893798828
2020-06-25,106.85579681396484
2020-06-26,106.95195007324219
2020-06-29,107.44863891601562
2020-06-30,107.75305938720703
2020-07-01,108.17868041992188
2020-07-02,108.44364166259766
2020-07-06,108.72466278076172
2020-07-07,108.86921691894531
2020-07-08,108.69255065917969
2020-07-09,109.3028793334961
2020-07-10,109.10211181640625
2020-07-13,108.81298828125
2020-07-14,109.44735717773438
2020-07-15,109.66419219970703
2020-07-16,109.96929931640625
2020-07-17,110.26646423339844
2020-07-20,110.57154846191406
2020-07-21,110.71611785888672
2020-07-22,111.07742309570312
2020-07-23,111.15776062011719
2020-07-24,110.9088134765625
2020-07-27,110.57154846191406
2020-07-28,110.45913696289062
2020-07-29,111.0613784790039
2020-07-30,110.94096374511719
2020-07-31,111.09356689453125
2020-08-03,111.2424087524414
2020-08-04,111.65277862548828
2020-08-05,111.4998550415039
2020-08-06,111.97469329833984
2020-08-07,111.66088104248047
2020-08-10,111.41946411132812
2020-08-11,110.71935272216797
2020-08-12,110.4457778930664
2020-08-13,109.44790649414062
2020-08-14,108.965087890625
2020-08-17,109.19039916992188
2020-08-18,109.50425720214844
2020-08-19,109.2145767211914
2020-08-20,109.60074615478516
2020-08-21,109.80200958251953
2020-08-24,109.60883331298828
2020-08-25,109.13407135009766
2020-08-26,109.17426300048828
2020-08-27,108.30521392822266
2020-08-28,108.63512420654297
2020-08-31,109.11798095703125
2020-09-01,109.80746459960938
2020-09-02,110.24299621582031
2020-09-03,110.00104522705078
2020-09-04,108.83170318603516
2020-09-08,108.93648529052734
2020-09-09,109.00909423828125
2020-09-10,109.08972930908203
2020-09-11,109.17034149169922
2020-09-14,109.444580078125
2020-09-15,109.56553649902344
2020-09-16,109.63812255859375
2020-09-17,109.66230773925781
2020-09-18,109.460693359375
2020-09-21,109.35588836669922
2020-09-22,109.42039489746094
2020-09-23,108.6300277709961
2020-09-24,108.35589599609375
2020-09-25,108.24295806884766
2020-09-28,108.79132843017578
2020-09-29,108.65424346923828
2020-09-30,108.63810729980469
2020-10-01,108.94034576416016
2020-10-02,108.95658874511719
2020-10-05,108.59288787841797
2020-10-06,108.50391387939453
2020-10-07,108.53628540039062
2020-10-08,108.8029556274414
2020-10-09,109.05355834960938
2020-10-12,109.6839828491211
2020-10-13,109.57892608642578
2020-10-14,109.6839828491211
2020-10-15,109.57083892822266
2020-10-16,109.38492584228516
2020-10-19,109.17476654052734
2020-10-20,108.94850158691406
2020-10-21,108.77069854736328
2020-10-22,108.52820587158203
2020-10-23,108.8029556274414
2020-10-26,109.0292739868164
2020-10-27,109.47382354736328
2020-10-28,108.93228912353516
2020-10-29,108.64942932128906
2020-10-30,108.08367156982422
2020-11-02,108.50728607177734
2020-11-03,108.61259460449219
2020-11-04,110.24054718017578
2020-11-05,110.65361022949219
2020-11-06,110.30535125732422
2020-11-09,109.47108459472656
2020-11-10,109.1876220703125
2020-11-11,109.39006805419922
2020-11-12,109.8274917602539
2020-11-13,109.95704650878906
2020-11-16,110.31342315673828
2020-11-17,110.66981506347656
2020-11-18,110.90469360351562
2020-11-19,111.52025604248047
2020-11-20,111.42305755615234
2020-11-23,111.56074523925781
2020-11-24,111.30967712402344
2020-11-25,111.37444305419922
2020-11-27,111.77130889892578
2020-11-30,112.16010284423828
2020-12-01,111.73485565185547
2020-12-02,111.36150360107422
2020-12-03,111.79978942871094
2020-12-04,111.18299865722656
2020-12-07,111.2803726196289
2020-12-08,111.15056610107422
2020-12-09,110.74475860595703
2020-12-10,111.29658508300781
2020-12-11,111.41024780273438
2020-12-14,111.32905578613281
2020-12-15,111.54814910888672
2020-12-16,111.45893096923828
2020-12-17,111.62156677246094
2020-12-18,111.54024505615234
2020-12-21,111.3207015991211
2020-12-22,111.62971496582031
2020-12-23,111.65412902832031
2020-12-24,112.03628540039062
2020-12-28,112.1095199584961
2020-12-29,112.1583023071289
2020-12-30,112.30465698242188
2020-12-31,112.32904815673828
2021-01-04,111.7597885131836
2021-01-05,111.40199279785156
2021-01-06,110.49932861328125
2021-01-07,110.48302459716797
2021-01-08,110.4017105102539
2021-01-11,109.93011474609375
2021-01-12,110.16592407226562
2021-01-13,111.01981353759766
2021-01-14,110.53996276855469
2021-01-15,110.71076965332031
2021-01-19,110.90593719482422
2021-01-20,110.8734130859375
2021-01-21,110.43428039550781
2021-01-22,110.3529281616211
2021-01-25,110.82461547851562
2021-01-26,110.81643676757812
2021-01-27,110.62129974365234
2021-01-28,110.4424057006836
2021-01-29,110.27165222167969
2021-02-01,110.48922729492188
2021-02-02,110.19584655761719
2021-02-03,109.93508911132812
2021-02-04,110.12248992919922
2021-02-05,109.82913970947266
2021-02-08,110.30180358886719
2021-02-09,110.1306381225586
2021-02-10,110.39143371582031
2021-02-11,110.09806823730469
2021-02-12,109.73954772949219
2021-02-16,108.9654769897461
2021-02-17,109.51139831542969
2021-02-18,109.29951477050781
2021-02-19,108.50917053222656
2021-02-22,107.83287811279297
2021-02-23,107.91433715820312
2021-02-24,108.07733154296875
2021-02-25,106.36619567871094
2021-02-26,107.77584075927734
2021-03-01,107.88116455078125
2021-03-02,107.75869750976562
2021-03-03,106.95854949951172
2021-03-04,106.08490753173828
2021-03-05,105.94613647460938
2021-03-08,104.95818328857422
2021-03-09,105.75016021728516
2021-03-10,106.24818420410156
2021-03-11,106.3135757446289
2021-03-12,105.08881378173828
2021-03-15,105.44805908203125
2021-03-16,105.37456512451172
2021-03-17,105.47256469726562
2021-03-18,104.86836242675781
2021-03-19,105.02352142333984
2021-03-22,105.39906311035156
2021-03-23,105.70934295654297
2021-03-24,106.02774047851562
2021-03-25,105.9052963256836
2021-03-26,105.8318099975586
2021-03-29,105.57866668701172
2021-03-30,105.9052963256836
2021-03-31,106.18289184570312
2021-04-01,106.8487777709961
2021-04-05,106.3252182006836
2021-04-06,107.03695678710938
2021-04-07,106.82429504394531
2021-04-08,107.2169189453125
2021-04-09,106.99604797363281
2021-04-12,106.97149658203125
2021-04-13,107.44600677490234
2021-04-14,107.29873657226562
2021-04-15,107.96138000488281
2021-04-16,107.22512817382812
2021-04-19,106.9469985961914
2021-04-20,107.1514892578125
2021-04-21,107.51962280273438
2021-04-22,107.62594604492188
2021-04-23,107.71595001220703
2021-04-26,107.66683959960938
2021-04-27,107.1842269897461
2021-04-28,107.2005386352539
2021-04-29,107.06969451904297
2021-04-30,107.2905502319336
2021-05-03,107.54876708984375
2021-05-04,107.61431884765625
2021-05-05,107.74546813964844
2021-05-06,107.95039367675781
2021-05-07,107.99137115478516
2021-05-10,107.40939331054688
2021-05-11,107.01593780517578
2021-05-12,106.43402099609375
2021-05-13,106.83564758300781
2021-05-14,107.4176254272461
2021-05-17,107.29468536376953
2021-05-18,106.94223022460938
2021-05-19,106.753662109375
2021-05-20,107.48318481445312
2021-05-21,107.55695343017578
2021-05-24,107.85201263427734
2021-05-25,108.2536849975586
2021-05-26,108.19629669189453
2021-05-27,107.8684310913086
2021-05-28,107.95861053466797
2021-06-01,107.97256469726562
2021-06-02,108.14502716064453
2021-06-03,107.71794128417969
2021-06-04,108.48174285888672
2021-06-07,108.39138793945312
2021-06-08,108.8020248413086
2021-06-09,109.19621276855469
2021-06-10,109.68901062011719
2021-06-11,109.77936553955078
2021-06-14,109.37694549560547
2021-06-15,109.45903015136719
2021-06-16,109.14697265625
2021-06-17,109.75472259521484
2021-06-18,110.32958984375
2021-06-21,109.68901062011719
2021-06-22,109.86967468261719
2021-06-23,109.69720458984375
2021-06-24,109.91078186035156
2021-06-25,109.62332916259766
2021-06-28,110.09146118164062
2021-06-29,110.22284698486328
2021-06-30,110.34600830078125
2021-07-01,110.24976348876953
2021-07-02,110.56245422363281
2021-07-06,110.96556091308594
2021-07-07,111.34410095214844
2021-07-08,111.40169525146484
2021-07-09,110.93268585205078
2021-07-12,110.87511444091797
2021-07-13,110.46366119384766
2021-07-14,110.9738540649414
2021-07-15,111.21244812011719
2021-07-16,111.0561294555664
2021-07-19,111.85424041748047
2021-07-20,111.69791412353516
2021-07-21,111.30296325683594
2021-07-22,111.76374053955078
2021-07-23,111.71436309814453
2021-07-26,111.4675521850586
2021-07-27,111.9448013305664
2021-07-28,112.14224243164062
2021-07-29,111.82135009765625
2021-07-30,111.91188049316406
2021-08-02,112.23580932617188
2021-08-03,112.35121154785156
2021-08-04,112.3759536743164
2021-08-05,111.91432189941406
2021-08-06,110.99939727783203
2021-08-09,110.52129364013672
2021-08-10,110.27397918701172
2021-08-11,110.44709014892578
2021-08-12,110.60369873046875
2021-08-13,111.34558868408203
2021-08-16,111.41150665283203
2021-08-17,111.21367645263672
2021-08-18,111.13951110839844
2021-08-19,111.3950424194336
2021-08-20,111.46920776367188
2021-08-23,111.5516128540039
2021-08-24,111.29615020751953
2021-08-25,111.00762939453125
2021-08-26,110.97463989257812
2021-08-27,111.59284973144531
2021-08-30,111.78250122070312
2021-08-31,111.52690887451172
2021-09-01,111.67059326171875
2021-09-02,111.8687744140625
2021-09-03,111.46415710449219
2021-09-07,110.93569946289062
2021-09-08,111.29075622558594
2021-09-09,112.01742553710938
2021-09-10,111.69535064697266
2021-09-13,111.96786499023438
2021-09-14,112.3064193725586
2021-09-15,112.17432403564453
2021-09-16,112.01742553710938
2021-09-17,111.76966094970703
2021-09-20,112.11648559570312
2021-09-21,112.10822296142578
2021-09-22,112.4219970703125
2021-09-23,111.64578247070312
2021-09-24,111.40635681152344
2021-09-27,111.34855651855469
2021-09-28,110.1595230102539
2021-09-29,110.13477325439453
2021-09-30,109.84573364257812
2021-10-01,110.64409637451172
2021-10-04,110.46209716796875
2021-10-05,110.0070571899414
2021-10-06,110.04016876220703
2021-10-07,109.55203247070312
2021-10-08,109.04737091064453
2021-10-11,108.84053802490234
2021-10-12,109.53550720214844
2021-10-13,110.08980560302734
2021-10-14,110.61101531982422
2021-10-15,110.21392822265625
2021-10-18,110.12288665771484
2021-10-19,109.51892852783203
2021-10-20,109.25419616699219
2021-10-21,109.02256774902344
2021-10-22,109.4610366821289
2021-10-25,109.51071166992188
2021-10-26,109.98226928710938
2021-10-27,110.65235900878906
2021-10-28,110.48686218261719
2021-10-29,110.42899322509766
2021-11-01,110.23171997070312
2021-11-02,110.65445709228516
2021-11-03,110.37263488769531
2021-11-04,110.9529037475586
2021-11-05,111.76526641845703
2021-11-08,111.50827026367188
2021-11-09,111.80669403076172
2021-11-10,110.66277313232422
2021-11-11,110.34774017333984
2021-11-12,110.23171997070312
2021-11-15,109.39448547363281
2021-11-16,109.21208953857422
2021-11-17,109.65145874023438
2021-11-18,109.90015411376953
2021-11-19,110.31459045410156
2021-11-22,109.35306549072266
2021-11-23,108.5738296508789
2021-11-24,109.09606170654297
2021-11-26,109.9830093383789
2021-11-29,110.05765533447266
2021-11-30,110.29800415039062
2021-12-01,110.31387329101562
2021-12-02,110.57122039794922
2021-12-03,111.49299621582031
2021-12-06,110.92832946777344
2021-12-07,110.97816467285156
2021-12-08,110.23908233642578
2021-12-09,110.14775085449219
2021-12-10,110.27227020263672
2021-12-13,110.77054595947266
2021-12-14,110.27227020263672
2021-12-15,110.41348266601562
2021-12-16,110.41015625
2021-12-17,110.66804504394531
2021-12-20,110.18550109863281
2021-12-21,110.40182495117188
2021-12-22,110.57654571533203
2021-12-23,110.41015625
2021-12-27,110.73462677001953
2021-12-28,110.59320068359375
2021-12-29,109.98580169677734
2021-12-30,110.42677307128906
2021-12-31,110.26036071777344
2022-01-03,109.08720397949219
2022-01-04,109.17872619628906
2022-01-05,108.53804779052734
2022-01-06,108.3966293334961
2022-01-07,107.93069458007812
2022-01-10,107.83086395263672
2022-01-11,108.15534973144531
2022-01-12,108.0804672241211
2022-01-13,108.42158508300781
2022-01-14,107.46479034423828
2022-01-18,106.44136810302734
2022-01-19,106.60778045654297
2022-01-20,106.54949951171875
2022-01-21,107.24846649169922
2022-01-24,106.91563415527344
2022-01-25,106.6160888671875
2022-01-26,105.89222717285156
2022-01-27,106.1335220336914
2022-01-28,106.2499771118164
2022-01-31,106.29991912841797
2022-02-01,106.47661590576172
2022-02-02,106.48493194580078
2022-02-03,105.62635803222656
2022-02-04,104.57601165771484
2022-02-07,104.76776123046875
2022-02-08,104.3759536743164
2022-02-09,104.7260513305664
2022-02-10,103.30056762695312
2022-02-11,104.06751251220703
2022-02-14,103.14222717285156
2022-02-15,102.62535858154297
2022-02-16,102.77542114257812
2022-02-17,102.85044860839844
2022-02-18,103.10052490234375
2022-02-22,102.96715545654297
2022-02-23,102.03353118896484
2022-02-24,102.51701354980469
2022-02-25,102.9338150024414
2022-02-28,104.03416442871094
2022-03-01,104.3900375366211
2022-03-02,102.80292510986328
2022-03-03,103.17877960205078
2022-03-04,103.27902221679688
2022-03-07,102.02609252929688
2022-03-08,101.41626739501953
2022-03-09,101.5916748046875
2022-03-10,100.43060302734375
2022-03-11,100.38880157470703
2022-03-14,98.9354019165039
2022-03-15,99.71224212646484
2022-03-16,100.56423950195312
2022-03-17,101.54989624023438
2022-03-18,101.75040435791016
2022-03-21,100.3387222290039
2022-03-22,100.09645080566406
2022-03-23,100.38047790527344
2022-03-24,100.4222640991211
2022-03-25,99.6286849975586
2022-03-28,100.17998504638672
2022-03-29,101.02367401123047
2022-03-30,101.25757598876953
2022-03-31,101.02367401123047
2022-04-01,101.36268615722656
2022-04-04,101.71428680419922
2022-04-05,99.9312515258789
2022-04-06,99.34529876708984
2022-04-07,98.88493347167969
2022-04-08,98.1064453125
2022-04-11,97.15216827392578
2022-04-12,97.21912384033203
2022-04-13,97.72136688232422
2022-04-14,96.58293151855469
2022-04-18,95.84627532958984
2022-04-19,95.08455657958984
2022-04-20,96.07232666015625
2022-04-21,95.05107116699219
2022-04-22,94.94224548339844
2022-04-25,95.99697875976562
2022-04-26,95.94678497314453
2022-04-27,95.02593994140625
2022-04-28,95.310546875
2022-04-29,94.25584411621094
2022-05-02,93.69705963134766
2022-05-03,94.30113983154297
2022-05-04,95.22399139404297
2022-05-05,93.76419067382812
2022-05-06,92.9671859741211
2022-05-09,93.29436492919922
2022-05-10,93.68870544433594
2022-05-11,94.12495422363281
2022-05-12,94.16690063476562
2022-05-13,93.67194366455078
2022-05-16,93.79777526855469
2022-05-17,93.26081085205078
2022-05-18,93.60478973388672
2022-05-19,93.85649108886719
2022-05-20,94.31792449951172
2022-05-23,93.98231506347656
2022-05-24,95.21562957763672
2022-05-25,96.19723510742188
2022-05-26,96.2223892211914
2022-05-27,96.7258071899414
2022-05-31,96.0126724243164
2022-06-01,95.45252990722656
2022-06-02,95.49462127685547
2022-06-03,95.19185638427734
2022-06-06,94.5190658569336
2022-06-07,95.02364349365234
2022-06-08,94.47701263427734
2022-06-09,93.85469818115234
2022-06-10,92.9463882446289
2022-06-13,90.8018798828125
2022-06-14,90.33092498779297
2022-06-15,91.74380493164062
2022-06-16,91.84471130371094
2022-06-17,92.02972412109375
2022-06-21,91.10466003417969
2022-06-22,91.76901245117188
2022-06-23,92.4754409790039
2022-06-24,92.58478546142578
2022-06-27,91.7353744506836
2022-06-28,91.71014404296875
2022-06-29,92.25675201416016
2022-06-30,92.53430938720703
2022-07-01,93.70392608642578
2022-07-05,93.67863464355469
2022-07-06,93.21482849121094
2022-07-07,93.20639038085938
2022-07-08,93.05459594726562
2022-07-11,93.31603240966797
2022-07-12,93.45093536376953
2022-07-13,94.15083312988281
2022-07-14,93.5521469116211
2022-07-15,94.30265045166016
2022-07-18,93.64491271972656
2022-07-19,93.90631103515625
2022-07-20,93.8050765991211
2022-07-21,95.0868911743164
2022-07-22,95.82056427001953
2022-07-25,95.01097106933594
2022-07-26,94.99413299560547
2022-07-27,95.62655639648438
2022-07-28,96.41924285888672
2022-07-29,96.64689636230469
2022-08-01,96.83797454833984
2022-08-02,95.65457153320312
2022-08-03,96.69425201416016
2022-08-04,96.84644317626953
2022-08-05,95.53621673583984
2022-08-08,95.91658782958984
2022-08-09,95.48548126220703
2022-08-10,96.38994598388672
2022-08-11,95.46012878417969
2022-08-12,96.5674819946289
2022-08-15,96.49983978271484
2022-08-16,96.12789916992188
2022-08-17,95.22343444824219
2022-08-18,95.46858215332031
2022-08-19,94.33588409423828
2022-08-22,93.70187377929688
2022-08-23,93.80333709716797
2022-08-24,93.52437591552734
2022-08-25,94.48802947998047
2022-08-26,93.92168426513672
2022-08-29,93.228515625
2022-08-30,93.34689331054688
2022-08-31,92.36631774902344
2022-09-01,91.81024932861328
2022-09-02,91.8780746459961
2022-09-06,90.63201141357422
2022-09-07,91.86959838867188
2022-09-08,91.65764617919922
2022-09-09,91.86959838867188
2022-09-12,91.66614532470703
2022-09-13,91.00495910644531
2022-09-14,91.4372787475586
2022-09-15,90.99647521972656
2022-09-16,90.78457641601562
2022-09-19,90.93714141845703
2022-09-20,90.0301513671875
2022-09-21,90.36920928955078
2022-09-22,89.09772491455078
2022-09-23,88.84342956542969
2022-09-26,87.30069732666016
2022-09-27,85.98683166503906
2022-09-28,87.71603393554688
2022-09-29,87.06333923339844
2022-09-30,86.84294891357422
2022-10-03,88.44953155517578
2022-10-04,88.85772705078125
2022-10-05,88.18585968017578
2022-10-06,87.98172760009766
2022-10-07,87.10572814941406
2022-10-10,86.32331085205078
2022-10-11,86.14471435546875
2022-10-12,86.04265594482422
2022-10-13,86.19573974609375
2022-10-14,85.37078094482422
2022-10-17,85.77902221679688
2022-10-18,86.28929901123047
2022-10-19,85.10713958740234
2022-10-20,84.36720275878906
2022-10-21,84.60531616210938
2022-10-24,84.56283569335938
2022-10-25,85.6939697265625
2022-10-26,86.08518981933594
2022-10-27,86.48491668701172
2022-10-28,86.66349792480469
2022-10-31,86.19573974609375
2022-11-01,86.81591796875
2022-11-02,86.3979263305664
2022-11-03,86.09081268310547
2022-11-04,86.26143646240234
2022-11-07,85.94579315185547
2022-11-08,86.30408477783203
2022-11-09,86.08229064941406
2022-11-10,88.96562194824219
2022-11-11,89.20449829101562
2022-11-14,88.7523422241211
2022-11-15,89.98931884765625
2022-11-16,90.75702667236328
2022-11-17,90.27079772949219
2022-11-18,90.26228332519531
2022-11-21,90.12577819824219
2022-11-22,90.92766571044922
2022-11-23,91.84043884277344
2022-11-25,91.93427276611328
2022-11-28,91.26887512207031
2022-11-29,90.81676483154297
2022-11-30,91.92573547363281
2022-12-01,93.075927734375
2022-12-02,93.64073181152344
2022-12-05,92.84486389160156
2022-12-06,93.12725830078125
2022-12-07,94.16280364990234
2022-12-08,93.86325073242188
2022-12-09,93.1615219116211
2022-12-12,93.04170227050781
2022-12-13,93.8547134399414
2022-12-14,93.94029235839844
2022-12-15,94.0192642211914
2022-12-16,93.61581420898438
2022-12-19,92.67159271240234
2022-12-20,91.58143615722656
2022-12-21,92.20804595947266
2022-12-22,92.18231201171875
2022-12-23,91.89904022216797
2022-12-27,90.71446990966797
2022-12-28,90.43119812011719
2022-12-29,91.07499694824219
2022-12-30,90.4998779296875
2023-01-03,91.12649536132812
2023-01-04,91.78743743896484
2023-01-05,91.7187728881836
2023-01-06,93.22093963623047
2023-01-09,93.59004974365234
2023-01-10,93.2724609375
2023-01-11,94.07075500488281
2023-01-12,95.13516235351562
2023-01-13,94.82613372802734
2023-01-17,94.48278045654297
2023-01-18,95.5901107788086
2023-01-19,95.39266967773438
2023-01-20,94.89479064941406
2023-01-23,94.62015533447266
2023-01-24,95.11798858642578
2023-01-25,95.16090393066406
2023-01-26,95.12655639648438
2023-01-27,94.85189056396484
2023-01-30,94.49137115478516
2023-01-31,95.16950225830078
2023-02-01,96.13558197021484
2023-02-02,96.27335357666016
2023-02-03,95.17982482910156
2023-02-06,94.44792938232422
2023-02-07,94.13798522949219
2023-02-08,94.23267364501953
2023-02-09,93.44050598144531
2023-02-10,92.7861557006836
2023-02-13,93.13055419921875
2023-02-14,92.8980484008789
2023-02-15,92.54503631591797
2023-02-16,91.80453491210938
2023-02-17,92.16618347167969
2023-02-21,90.85736846923828
2023-02-22,91.1156997680664
2023-02-23,91.83036041259766
2023-02-24,91.14154815673828
2023-02-27,91.16735076904297
2023-02-28,91.20181274414062
2023-03-01,90.63327026367188
2023-03-02,90.71101379394531
2023-03-03,91.73927307128906
2023-03-06,91.4886703491211
2023-03-07,91.22944641113281
2023-03-08,91.08255767822266
2023-03-09,90.99616241455078
2023-03-10,92.30093383789062
2023-03-13,92.37867736816406
2023-03-14,92.1021728515625
2023-03-15,92.98353576660156
2023-03-16,92.84530639648438
2023-03-17,93.3119125366211
2023-03-20,93.0353775024414
2023-03-21,93.48468017578125
2023-03-22,94.02906036376953
2023-03-23,94.29692077636719
2023-03-24,94.5906982421875
2023-03-27,93.45881652832031
2023-03-28,93.30323791503906
2023-03-29,93.73526763916016
2023-03-30,93.86491394042969
2023-03-31,94.71170043945312
2023-04-03,95.28376007080078
2023-04-04,95.40508270263672
2023-04-05,95.71715545654297
2023-04-06,95.6304931640625
2023-04-10,95.18839263916016
2023-04-11,95.16241455078125
2023-04-12,94.96305847167969
2023-04-13,95.12775421142578
2023-04-14,94.8156967163086
2023-04-17,94.2176284790039
2023-04-18,94.52967071533203
2023-04-19,94.06160736083984
2023-04-20,94.41697692871094
2023-04-21,94.47764587402344
2023-04-24,94.89372253417969
2023-04-25,95.30976867675781
2023-04-26,94.89372253417969
2023-04-27,94.5469970703125
2023-04-28,95.28376007080078
2023-05-01,93.7461166381836
2023-05-02,94.8767318725586
2023-05-03,95.03329467773438
2023-05-04,94.77237701416016
2023-05-05,94.39842224121094
2023-05-08,93.72000122070312
2023-05-09,93.68522644042969
2023-05-10,94.42449188232422
2023-05-11,94.78976440429688
2023-05-12,94.20706176757812
2023-05-15,93.70262145996094
2023-05-16,93.23297882080078
2023-05-17,93.2242660522461
2023-05-18,92.83290100097656
2023-05-19,92.7198486328125
2023-05-22,92.68506622314453
2023-05-23,92.87639617919922
2023-05-24,92.5111312866211
2023-05-25,92.20671081542969
2023-05-26,92.59809875488281
2023-05-30,93.29387664794922
2023-05-31,93.59827423095703
2023-06-01,93.88533020019531
2023-06-02,93.63230895996094
2023-06-05,93.43159484863281
2023-06-06,93.61483764648438
2023-06-07,92.7772216796875
2023-06-08,93.3967056274414
2023-06-09,93.15242004394531
2023-06-12,93.44903564453125
2023-06-13,93.03026580810547
2023-06-14,93.31818389892578
2023-06-15,94.129638671875
2023-06-16,93.9638442993164
2023-06-20,94.30415344238281
2023-06-21,94.1994400024414
2023-06-22,93.71084594726562
2023-06-23,93.97256469726562
2023-06-26,94.07730102539062
2023-06-27,93.97256469726562
2023-06-28,94.38267517089844
2023-06-29,93.66719818115234
2023-06-30,94.35649108886719
2023-07-03,94.09214782714844
2023-07-05,93.41812896728516
2023-07-06,92.47272491455078
2023-07-07,92.38518524169922
2023-07-10,92.86663818359375
2023-07-11,93.3043212890625
2023-07-12,94.12714385986328
2023-07-13,94.79242706298828
2023-07-14,94.05711364746094
2023-07-17,94.21469116210938
2023-07-18,94.45104217529297
2023-07-19,94.9849853515625
2023-07-20,94.34600067138672
2023-07-21,94.5123062133789
2023-07-24,94.3985366821289
2023-07-25,94.24971771240234
2023-07-26,94.68738555908203
2023-07-27,93.53191375732422
2023-07-28,94.1446762084961
2023-07-31,94.40727233886719
2023-08-01,93.46656036376953
2023-08-02,92.89561462402344
2023-08-03,92.06117248535156
2023-08-04,93.0185775756836
2023-08-07,92.79020690917969
2023-08-08,93.15911865234375
2023-08-09,93.2469711303711
2023-08-10,92.58820343017578
2023-08-11,92.2719955444336
2023-08-14,92.23685455322266
2023-08-15,91.75376892089844
2023-08-16,91.34089660644531
2023-08-17,91.09500122070312
2023-08-18,91.43750762939453
2023-08-21,90.89295959472656
2023-08-22,91.17402648925781
2023-08-23,92.45642852783203
2023-08-24,92.14022827148438
2023-08-25,92.19291687011719
2023-08-28,92.48277282714844
2023-08-29,93.2206039428711
2023-08-30,93.0888442993164
2023-08-31,93.2469711303711
2023-09-01,92.58319091796875
2023-09-05,91.92208099365234
2023-09-06,91.83395385742188
2023-09-07,92.23942565917969
2023-09-08,92.30990600585938
2023-09-11,92.13362884521484
2023-09-12,92.10716247558594
2023-09-13,92.30990600585938
2023-09-14,92.14241790771484
2023-09-15,92.00140380859375
2023-09-18,92.17770385742188
2023-09-19,91.86920166015625
2023-09-20,91.9044189453125
2023-09-21,90.97887420654297
2023-09-22,91.5342025756836
2023-09-25,90.64391326904297
2023-09-26,90.38826751708984
2023-09-27,89.96515655517578
2023-09-28,90.12381744384766
2023-09-29,89.92989349365234
2023-10-02,89.10602569580078
2023-10-03,88.0794448852539
2023-10-04,88.84935760498047
2023-10-05,88.74317169189453
2023-10-06,88.47769165039062
2023-10-09,89.57505798339844
2023-10-10,89.61044311523438
2023-10-11,90.15909576416016
2023-10-12,89.2210464477539
2023-10-13,89.71662902832031
2023-10-16,89.09715270996094
2023-10-17,88.38919830322266
2023-10-18,87.68122863769531
2023-10-19,86.9732666015625
2023-10-20,87.31838989257812
2023-10-23,87.99982452392578
2023-10-24,88.495361328125
2023-10-25,87.6900634765625
2023-10-26,88.32723999023438
2023-10-27,88.1502456665039
2023-10-30,87.88477325439453
2023-10-31,87.76087188720703
2023-11-01,89.01681518554688
2023-11-02,90.07378387451172
2023-11-03,90.51788330078125
2023-11-06,90.03826904296875
2023-11-07,90.7577133178711
2023-11-08,91.21956634521484
2023-11-09,90.29584503173828
2023-11-10,90.74881744384766
2023-11-13,90.7577133178711
2023-11-14,92.1788558959961
2023-11-15,91.69920349121094
2023-11-16,92.45419311523438
2023-11-17,92.72067260742188
2023-11-20,93.09370422363281
2023-11-21,93.1203384399414
2023-11-22,93.49339294433594
2023-11-24,93.01376342773438
2023-11-27,93.76876068115234
2023-11-28,94.1418228149414
2023-11-29,94.90567779541016
2023-11-30,94.40828704833984
2023-12-01,95.54496765136719
2023-12-04,95.10812377929688
2023-12-05,95.86592864990234
2023-12-06,96.2225112915039
2023-12-07,96.2314224243164
2023-12-08,95.7143783569336
2023-12-11,95.6875991821289
2023-12-12,96.2314224243164
2023-12-13,97.84512329101562
2023-12-14,98.88570404052734
2023-12-15,98.74250793457031
2023-12-18,98.33096313476562
2023-12-19,98.45621490478516
2023-12-20,98.71566772460938
2023-12-21,98.67989349365234
2023-12-22,98.5098876953125
2023-12-26,98.71566772460938
2023-12-27,99.63723754882812
2023-12-28,99.37776947021484
2023-12-29,99.01093292236328
2024-01-02,98.33988189697266
2024-01-03,98.1162109375
2024-01-04,97.57041931152344
2024-01-05,97.22148132324219
2024-01-08,97.96409606933594
2024-01-09,98.13410949707031
2024-01-10,98.00884246826172
2024-01-11,98.599365234375
2024-01-12,98.8141098022461
2024-01-16,97.81200408935547
2024-01-17,97.60621643066406
2024-01-18,97.41829681396484
2024-01-19,97.51673889160156
2024-01-22,97.78514099121094
2024-01-23,97.4272689819336
2024-01-24,97.23936462402344
2024-01-25,97.88358306884766
2024-01-26,97.60621643066406
2024-01-29,98.00884246826172
2024-01-30,98.32199096679688
2024-01-31,98.572509765625
2024-02-01,99.3348388671875
2024-02-02,98.42794799804688
2024-02-05,97.48516845703125
2024-02-06,98.03289794921875
2024-02-07,97.74554443359375
2024-02-08,97.24275970458984
2024-02-09,97.11701965332031
2024-02-12,97.12602233886719
2024-02-13,96.05751037597656
2024-02-14,96.50646209716797
2024-02-15,96.85663604736328
2024-02-16,96.50646209716797
2024-02-20,96.82971954345703
2024-02-21,96.58727264404297
2024-02-22,96.73991394042969
2024-02-23,97.02723693847656
2024-02-26,96.72195434570312
2024-02-27,96.58727264404297
2024-02-28,96.57829284667969
2024-02-29,96.6680679321289
2024-03-01,97.25655364990234
2024-03-04,97.0763168334961
2024-03-05,97.60800170898438
2024-03-06,97.8693618774414
2024-03-07,98.11268615722656
2024-03-08,98.24784851074219
2024-03-11,98.2658920288086
2024-03-12,97.95047760009766
2024-03-13,97.85133361816406
2024-03-14,97.13038635253906
2024-03-15,97.15741729736328
2024-03-18,96.99520874023438
2024-03-19,97.27456665039062
2024-03-20,97.454833984375
2024-03-21,97.59902954101562
2024-03-22,97.93243408203125
2024-03-25,97.59902954101562
2024-03-26,97.57196044921875
2024-03-27,98.24784851074219
2024-03-28,98.1577377319336
2024-04-01,97.21786499023438
2024-04-02,97.07310485839844
2024-04-03,97.13643646240234
2024-04-04,97.24500274658203
2024-04-05,96.81983184814453
2024-04-08,96.810791015625
2024-04-09,97.30833435058594
2024-04-10,95.92427825927734
2024-04-11,95.7252426147461
2024-04-12,95.94234466552734
2024-04-15,94.88399505615234
2024-04-16,94.5673828125
2024-04-17,95.08300018310547
2024-04-18,94.89302062988281
2024-04-19,94.99254608154297
2024-04-22,95.22772216796875
2024-04-23,95.39055633544922
2024-04-24,95.0196533203125
2024-04-25,94.7392349243164
2024-04-26,95.10108184814453
2024-04-29,95.49910736083984
2024-04-30,94.97444152832031
2024-05-01,95.36949157714844
2024-05-02,95.95983123779297
2024-05-03,96.63191986083984
2024-05-06,96.90435028076172
2024-05-07,96.94974517822266
2024-05-08,96.70453643798828
2024-05-09,96.85895538330078
2024-05-10,96.55015563964844
2024-05-13,96.58649444580078
2024-05-14,96.8680191040039
2024-05-15,97.7308120727539
2024-05-16,97.576416015625
2024-05-17,97.34937286376953
2024-05-20,97.30396270751953
2024-05-21,97.46743774414062
2024-05-22,97.32210540771484
2024-05-23,96.895263671875
2024-05-24,97.15864562988281
2024-05-28,96.577392578125
2024-05-29,96.05973052978516
2024-05-30,96.65003967285156
2024-05-31,97.07688903808594
2024-06-03,97.74696350097656
2024-06-04,98.12985229492188
2024-06-05,98.45804595947266
2024-06-06,98.39423370361328
2024-06-07,97.50992584228516
2024-06-10,97.30935668945312
2024-06-11,97.7287368774414
2024-06-12,98.3304214477539
2024-06-13,98.7953872680664
2024-06-14,98.8774185180664
2024-06-17,98.41246795654297
2024-06-18,98.8683090209961
2024-06-20,98.54010772705078
2024-06-21,98.56744384765625
2024-06-24,98.66775512695312
2024-06-25,98.63127899169922
2024-06-26,98.0934066772461
2024-06-27,98.28482818603516
2024-06-28,97.65581512451172
2024-07-01,97.07575225830078
2024-07-02,97.69788360595703
2024-07-03,98.4206314086914
2024-07-05,98.93295288085938
2024-07-08,98.92378234863281
2024-07-09,98.7408218383789
2024-07-10,98.97869110107422
2024-07-11,99.50931549072266
2024-07-12,99.875244140625
2024-07-15,99.3263168334961
2024-07-16,99.90267944335938
2024-07-17,99.94842529296875
2024-07-18,99.51844024658203
2024-07-19,99.15251922607422
2024-07-22,99.09762573242188
2024-07-23,99.02442169189453
2024-07-24,98.4206314086914
2024-07-25,98.81401062011719
2024-07-26,99.36295318603516
2024-07-29,99.57333374023438
2024-07-30,99.65569305419922
2024-07-31,100.23204040527344
2024-08-01,100.56441497802734
2024-08-02,101.54683685302734
2024-08-05,101.28974914550781
2024-08-06,100.62869262695312
2024-08-07,100.16960906982422
2024-08-08,100.21553039550781
2024-08-09,100.72966766357422
2024-08-12,100.94084167480469
2024-08-13,101.64783477783203
2024-08-14,102.09772491455078
2024-08-15,101.78555297851562
2024-08-16,102.08853149414062
2024-08-19,102.32723999023438
2024-08-20,102.5935287475586
2024-08-21,102.82303619384766
2024-08-22,102.40071868896484
2024-08-23,102.98831939697266
2024-08-26,102.8597640991211
2024-08-27,102.77715301513672
2024-08-28,102.56597900390625
2024-08-29,102.39151763916016
2024-08-30,102.10688781738281
2024-09-03,102.41561126708984
2024-09-04,103.05143737792969
2024-09-05,103.55825805664062
2024-09-06,103.51219177246094
2024-09-09,103.74258422851562
2024-09-10,104.02822875976562
2024-09-11,104.07431030273438
2024-09-12,104.00057983398438
2024-09-13,104.3230972290039
2024-09-16,104.78386688232422
2024-09-17,104.79308319091797
2024-09-18,104.3599624633789
2024-09-19,104.45211029052734
2024-09-20,104.54425048828125
2024-09-23,104.3968276977539
2024-09-24,104.5719223022461
2024-09-25,103.95449829101562
2024-09-26,103.95449829101562
2024-09-27,104.36919403076172
2024-09-30,104.11117553710938
2024-10-01,104.61151885986328
2024-10-02,104.38029479980469
2024-10-03,103.70514678955078
2024-10-04,103.14097595214844
2024-10-07,102.61380767822266
2024-10-08,102.81725311279297
2024-10-09,102.61380767822266
2024-10-10,102.50282287597656
2024-10-11,102.48432159423828
2024-10-14,102.49358367919922
2024-10-15,102.99299621582031
2024-10-16,103.31671142578125
2024-10-17,102.5490493774414
2024-10-18,102.4288330078125
2024-10-21,101.38373565673828
2024-10-22,101.37448120117188
2024-10-23,101.03225708007812
2024-10-24,101.33748626708984
2024-10-25,101.09703826904297
2024-10-28,101.0137939453125
2024-10-29,101.13400268554688
2024-10-30,101.0045394897461
2024-10-31,100.80106353759766
2024-11-01,100.24882507324219
2024-11-04,100.99134063720703
2024-11-05,101.4739761352539
2024-11-06,100.4158935546875
2024-11-07,101.60391998291016
2024-11-08,101.95662689208984
2024-11-11,101.76171875
2024-11-12,100.84283447265625
2024-11-13,100.46229553222656
2024-11-14,100.43444061279297
2024-11-15,100.48087310791016
2024-11-18,100.6664810180664
2024-11-19,100.87998962402344
2024-11-20,100.63865661621094
2024-11-21,100.51798248291016
2024-11-22,100.61080169677734
2024-11-25,101.86377716064453
2024-11-26,101.60391998291016
2024-11-27,101.97517395019531
2024-11-29,102.6063232421875
2024-12-02,102.76742553710938
2024-12-03,102.40420532226562
2024-12-04,102.89783477783203
2024-12-05,102.8698959350586
2024-12-06,103.10272979736328
2024-12-09,102.84195709228516
2024-12-10,102.68360900878906
2024-12-11,102.40420532226562
2024-12-12,101.8267593383789
2024-12-13,101.25862121582031
2024-12-16,101.38902282714844
2024-12-17,101.39833068847656
2024-12-18,100.14118957519531
2024-12-19,99.59907531738281
2024-12-20,99.99166107177734
2024-12-23,99.70189666748047
2024-12-24,100.01031494140625
2024-12-26,100.1037826538086
2024-12-27,99.68318939208984
2024-12-30,100.11314392089844
2024-12-31,99.86077117919922
2025-01-02,99.87012481689453
2025-01-03,99.63644409179688
2025-01-06,99.38410949707031
2025-01-07,98.92610931396484
2025-01-08,99.08500671386719
2025-01-10,98.51485443115234
2025-01-13,98.23445129394531
2025-01-14,98.34659576416016
2025-01-15,99.5243148803711
2025-01-16,99.7205810546875
2025-01-17,99.80470275878906
2025-01-21,100.38421630859375
2025-01-22,100.06641387939453
2025-01-23,99.92620849609375
2025-01-24,100.12248992919922
2025-01-27,100.81415557861328
2025-01-28,100.67395782470703
2025-01-29,100.54307556152344
2025-01-30,100.7674331665039
2025-01-31,100.44027709960938
2025-02-03,100.59882354736328
2025-02-04,100.79582977294922
2025-02-05,101.4993667602539
2025-02-06,101.3117446899414
2025-02-07,100.870849609375
2025-02-10,100.89898681640625
2025-02-11,100.67387390136719
2025-02-12,100.12977600097656
2025-02-13,100.90836334228516
2025-02-14,101.30237579345703
2025-02-18,100.8896255493164
2025-02-19,100.94589233398438
2025-02-20,101.18981170654297
2025-02-21,101.5462646484375
2025-02-24,101.8089370727539
2025-02-25,102.58753967285156
2025-02-26,102.80328369140625
2025-02-27,102.37177276611328
2025-02-28,102.82205200195312
2025-03-03,103.14690399169922
2025-03-04,102.80792236328125
2025-03-05,102.47835540771484
2025-03-06,102.15819549560547
2025-03-07,101.99812316894531
2025-03-10,102.34651947021484
2025-03-11,101.6779556274414
2025-03-12,101.37664794921875
2025-03-13,101.69678497314453
2025-03-14,101.64970397949219
2025-03-17,101.85687255859375
2025-03-18,102.10169219970703
2025-03-19,102.70433044433594
2025-03-20,102.55368041992188
2025-03-21,102.41244506835938
2025-03-24,101.9698715209961
2025-03-25,102.07344055175781
2025-03-26,101.65912628173828
2025-03-27,101.53671264648438
2025-03-28,102.1487808227539
2025-03-31,102.34651947021484
2025-04-01,102.71232604980469
2025-04-02,102.94863891601562
2025-04-03,102.9391860961914
2025-04-04,102.82575988769531
2025-04-07,100.8218002319336
2025-04-08,99.54569244384766
2025-04-09,101.20935821533203
2025-04-10,99.48898315429688
2025-04-11,99.47007751464844
2025-04-14,100.0844955444336
2025-04-15,100.623291015625
2025-04-16,101.04867553710938
2025-04-17,100.90687561035156
2025-04-21,99.81983947753906
2025-04-22,100.06559753417969
2025-04-23,100.50987243652344
2025-04-24,101.54020690917969
2025-04-25,102.0790023803711
2025-04-28,102.31531524658203
2025-04-29,102.55162811279297
2025-04-30,102.0695571899414
2025-05-01,101.7107925415039
2025-05-02,101.46406555175781
2025-05-05,101.32170104980469
2025-05-06,101.52098846435547
2025-05-07,101.72979736328125
2025-05-08,101.21729278564453
2025-05-09,101.1793441772461
2025-05-12,101.16034698486328
2025-05-13,101.24576568603516
2025-05-14,100.7332763671875
2025-05-15,101.4545669555664
2025-05-16,101.64437866210938
2025-05-19,101.65384674072266
2025-05-20,101.40711212158203
2025-05-21,100.27771759033203
2025-05-22,100.79022979736328
2025-05-23,100.86614990234375
2025-05-27,101.7772445678711
2025-05-28,101.53048706054688
2025-05-29,101.98603057861328
2025-05-30,102.28024291992188
2025-06-02,101.99066162109375
2025-06-03,102.03828430175781
2025-06-04,102.78129577636719
2025-06-05,102.4669418334961
2025-06-06,101.84778594970703
2025-06-09,102.1526107788086
2025-06-10,102.40028381347656
2025-06-11,102.7241439819336
2025-06-12,103.29568481445312
2025-06-13,102.676513671875
2025-06-16,102.49551391601562
2025-06-17,102.84796142578125
2025-06-18,102.92418670654297
2025-06-20,103.00992584228516
2025-06-23,103.26709747314453
2025-06-24,103.75289916992188
2025-06-25,103.62907409667969
2025-06-26,104.01010131835938
2025-06-27,103.83863830566406
2025-06-30,104.41017150878906
2025-07-01,104.53636932373047
2025-07-02,104.5172348022461
2025-07-03,104.2686767578125
2025-07-07,103.64723205566406
2025-07-08,103.35084533691406
2025-07-09,103.943603515625
2025-07-10,103.96273040771484
2025-07-11,103.33172607421875
2025-07-14,103.30304718017578
2025-07-15,102.93017578125
2025-07-16,103.09272003173828
2025-07-17,103.3412857055664
2025-07-18,103.5324935913086
2025-07-21,103.93402862548828
2025-07-22,104.18263244628906
2025-07-23,104.02009582519531
2025-07-24,103.86711883544922
2025-07-25,104.20174407958984
2025-07-28,103.99140930175781
2025-07-29,104.67977905273438
2025-07-30,104.28779602050781
2025-07-31,104.31645965576172
2025-08-01,105.24188232421875
2025-08-04,105.42427825927734
2025-08-05,105.50108337402344
2025-08-06,105.47228240966797
2025-08-07,105.36668395996094
2025-08-08,105.03070068359375
2025-08-11,105.19389343261719
2025-08-12,105.28990173339844
2025-08-13,105.84668731689453
2025-08-14,105.48186492919922
2025-08-15,105.34748077392578
2025-08-18,105.1554946899414
2025-08-19,105.31867218017578
2025-08-20,105.36668395996094
2025-08-21,104.96348571777344
2025-08-22,105.7890625
2025-08-25,105.51068115234375
2025-08-26,105.58747100830078
2025-08-27,105.6258773803711
2025-08-28,105.7890625
2025-08-29,105.40508270263672
2025-09-02,105.0525131225586
2025-09-03,105.67866516113281
2025-09-04,106.40117645263672
2025-09-05,107.09479522705078
2025-09-08,107.47048950195312
2025-09-09,107.27782440185547
2025-09-10,107.59571075439453
2025-09-11,108.0966567993164
2025-09-12,107.90399169921875
2025-09-15,108.24117279052734
2025-09-16,108.14482116699219
2025-09-17,107.9521713256836
2025-09-18,107.7305908203125
2025-09-19,107.64388275146484
2025-09-22,107.40306091308594
2025-09-23,107.614990234375
2025-09-24,107.18148040771484
2025-09-25,106.98881530761719
2025-09-26,107.1333236694336
2025-09-29,107.48976135253906
2025-09-30,107.3837890625
2025-10-01,107.81500244140625
2025-10-02,107.98905181884766
2025-10-03,107.85369110107422
2025-10-06,107.505615234375
2025-10-07,107.70865631103516
2025-10-08,107.57330322265625
2025-10-09,107.36058807373047
2025-10-10,107.66032409667969
2025-10-13,108.02772521972656
2025-10-14,108.38545989990234
2025-10-15,108.38545989990234
2025-10-16,108.69486236572266
2025-10-17,108.48214721679688
2025-10-20,108.81087493896484
2025-10-21,108.83020782470703
2025-10-22,108.93658447265625
2025-10-23,108.80120849609375
2025-10-24,108.98492431640625
2025-10-27,109.16860961914062
2025-10-28,109.17827606201172
2025-10-29,108.55950164794922
2025-10-30,107.9793701171875
2025-10-31,107.54428100585938
2025-11-03,107.25511932373047
2025-11-04,107.40068054199219
2025-11-05,107.0804443359375
2025-11-06,107.64326477050781
2025-11-07,107.42977905273438
2025-11-10,107.48799896240234
2025-11-11,107.91496276855469
2025-11-12,107.80823516845703
2025-11-13,107.27452087402344
2025-11-14,106.98341369628906
2025-11-17,107.05134582519531
2025-11-18,107.099853515625
2025-11-19,107.10955810546875
2025-11-20,107.25511932373047
2025-11-21,107.63356018066406
2025-11-24,108.0605239868164
2025-11-25,108.36134338378906
2025-11-26,108.7300796508789
2025-11-28,108.54570770263672
2025-12-01,107.96424865722656
2025-12-02,108.03241729736328
2025-12-03,108.27590942382812
2025-12-04,108.08113098144531
2025-12-05,107.9739990234375
2025-12-08,107.7499771118164
2025-12-09,107.61361694335938
2025-12-10,108.11033630371094
2025-12-11,107.95451354980469
2025-12-12,107.30195617675781
2025-12-15,107.42858123779297
2025-12-16,107.67206573486328
2025-12-17,107.55519104003906
2025-12-18,107.96424865722656
2025-12-19,107.6865463256836
2025-12-22,107.6669921875
2025-12-23,107.7745590209961
2025-12-24,108.19501495361328
2025-12-26,108.18523406982422
2025-12-29,108.3319091796875
2025-12-30,108.20478820800781
2025-12-31,107.74523162841797
2026-01-02,107.71588897705078
2026-01-05,108.01901245117188
2026-01-06,108.01901245117188
2026-01-07,108.09723663330078
2026-01-08,107.79410552978516
2026-01-09,108.18523406982422
2026-01-12,108.0581283569336
2026-01-13,108.29280090332031
2026-01-14,108.56658935546875
2026-01-15,108.4296875
2026-01-16,108.11679077148438
2026-01-20,107.46165466308594
2026-01-21,108.10701751708984
2026-01-22,108.31234741210938
2026-01-23,108.38079833984375
2026-01-26,108.46880340576172
2026-01-27,108.35145568847656
2026-01-28,108.19501495361328
2026-01-29,108.22434997558594
2026-01-30,108.11679077148438
2026-02-02,108.01667785644531
2026-02-03,108.06574249267578
2026-02-04,107.92835998535156
2026-02-05,108.4485092163086
2026-02-06,108.50740051269531
2026-02-09,108.50740051269531
2026-02-10,108.7625732421875
2026-02-11,108.64479064941406
2026-02-12,109.15514373779297
2026-02-13,109.51828002929688
2026-02-17,109.62622833251953
2026-02-18,109.51828002929688
2026-02-19,109.60660552978516
2026-02-20,109.51828002929688
2026-02-23,109.63604736328125
2026-02-24,109.60660552978516
2026-02-25,109.57716369628906
2026-02-26,109.64586639404297
2026-02-27,109.60660552978516
2026-03-02,109.23532104492188
2026-03-03,109.18608856201172
2026-03-04,109.2845687866211
2026-03-05,108.85125732421875
2026-03-06,108.48687744140625
2026-03-09,109.13684844970703
2026-03-10,108.38838958740234
2026-03-11,107.50206756591797
2026-03-12,106.9210205078125
2026-03-13,106.52709197998047
2026-03-16,107.03919982910156
2026-03-17,107.63993072509766
2026-03-18,107.05889129638672
2026-03-19,107.53160095214844
2026-03-20,106.21195220947266
2026-03-23,106.91117858886719
2026-03-24,106.69451141357422
2026-03-25,107.0785903930664
2026-03-26,106.24149322509766
2026-03-27,105.9854507446289
2026-03-30,106.66496276855469
2026-03-31,107.33464050292969
2026-04-01,107.44935607910156
2026-04-02,107.90422058105469
2026-04-06,107.73611450195312
2026-04-07,107.85478210449219
2026-04-08,108.27008819580078
2026-04-09,108.27008819580078
2026-04-10,107.98332977294922
2026-04-13,108.39865112304688
2026-04-14,108.75464630126953
2026-04-15,108.715087890625
2026-04-16,108.21076965332031
2026-04-17,108.81397247314453
2026-04-20,108.8040771484375
2026-04-21,108.38876342773438
2026-04-22,108.59642028808594
2026-04-23,108.29975891113281
2026-04-24,108.37886810302734
2026-04-27,108.07232666015625
2026-04-28,108.12177276611328
2026-04-29,107.51856994628906
2026-04-30,107.6372299194336
2026-05-01,107.81095886230469
2026-05-04,107.4635009765625
2026-05-05,107.860595703125
2026-05-06,108.39667510986328
2026-05-07,107.94994354248047
2026-05-08,108.40660095214844
2026-05-11,108.13856506347656
2026-05-12,107.77124786376953
2026-05-13,107.83081817626953
2026-05-14,107.7613296508789
2026-05-15,107.07633209228516
2026-05-18,106.87779235839844
2026-05-19,106.34171295166016
2026-05-20,107.16567993164062
2026-05-21,107.38408660888672
2026-05-22,107.58263397216797
2026-05-26,107.98965454101562
2026-05-27,108.13856506347656
2026-05-28,108.4661636352539
2026-05-29,108.56543731689453
2026-06-01,108.54849243164062
2026-06-02,108.53852844238281
2026-06-03,108.23957824707031
2026-06-04,108.4687728881836
2026-06-05,107.79115295410156
2026-06-08,107.6815414428711
2026-06-09,108.03031921386719
2026-06-10,107.78119659423828
2026-06-11,108.69796752929688
2026-06-12,108.62821197509766
2026-06-15,108.60828399658203
2026-06-16,108.73783111572266
2026-06-17,108.38905334472656
2026-06-18,108.68800354003906
2026-06-22,108.39901733398438
2026-06-23,108.528564453125
2026-06-24,109.02681732177734
2026-06-25,109.11650085449219
2026-06-26,109.11650085449219
2026-06-29,109.3157958984375
2026-06-30,108.68800354003906
2026-07-01,108.45999908447266
2026-07-02,108.63999938964844
2026-07-06,108.66999816894531
2026-07-07,107.87999725341797
2026-07-08,107.66999816894531
2026-07-09,107.70999908447266
2026-07-10,107.45999908447266
2026-07-13,106.95999908447266
2026-07-14,107.20999908447266
2026-07-15,107.58000183105469
2026-07-16,107.5
2026-07-17,107.55999755859375
2026-07-20,107.1500015258789
2026-07-21,106.8499984741211
2026-07-22,106.66999816894531
