date,value
2007-04-11,31.54659652709961
2007-04-12,31.56774139404297
2007-04-13,31.510311126708984
2007-04-16,31.498228073120117
2007-04-17,31.483110427856445
2007-04-18,31.492172241210938
2007-04-19,31.601024627685547
2007-04-20,31.58287811279297
2007-04-23,31.601024627685547
2007-04-24,31.818681716918945
2007-04-25,31.867050170898438
2007-04-26,31.92449188232422
2007-04-27,31.92449188232422
2007-04-30,31.927526473999023
2007-05-01,31.931474685668945
2007-05-02,31.91933250427246
2007-05-03,31.92237663269043
2007-05-04,31.96176528930664
2007-05-07,31.9587459564209
2007-05-08,31.98297882080078
2007-05-09,31.898128509521484
2007-05-10,32.0133171081543
2007-05-11,32.03150177001953
2007-05-14,32.02846908569336
2007-05-15,32.00423049926758
2007-05-16,32.089111328125
2007-05-17,32.08000946044922
2007-05-18,32.089111328125
2007-05-21,32.11942672729492
2007-05-22,32.1224365234375
2007-05-23,32.09818649291992
2007-05-24,32.10729217529297
2007-05-25,32.15276336669922
2007-05-29,32.02543640136719
2007-05-30,32.09818649291992
2007-05-31,32.04664611816406
2007-06-01,32.04240036010742
2007-06-04,32.06982421875
2007-06-05,32.024112701416016
2007-06-06,31.984445571899414
2007-06-07,31.835094451904297
2007-06-08,31.74973487854004
2007-06-11,31.68265724182129
2007-06-12,31.52109718322754
2007-06-13,31.575942993164062
2007-06-14,31.600379943847656
2007-06-15,31.594266891479492
2007-06-18,31.612550735473633
2007-06-19,31.652204513549805
2007-06-20,31.371728897094727
2007-06-21,31.429643630981445
2007-06-22,31.490623474121094
2007-06-25,31.30769157409668
2007-06-26,31.3991641998291
2007-06-27,31.289411544799805
2007-06-28,31.124799728393555
2007-06-29,31.036396026611328
2007-07-02,31.279592514038086
2007-07-03,31.2213191986084
2007-07-05,31.10785484313965
2007-07-06,31.14158821105957
2007-07-09,31.23665428161621
2007-07-10,31.153844833374023
2007-07-11,30.920799255371094
2007-07-12,31.01280975341797
2007-07-13,31.14158821105957
2007-07-16,31.153844833374023
2007-07-17,31.190662384033203
2007-07-18,30.95758819580078
2007-07-19,30.99128532409668
2007-07-20,30.911584854125977
2007-07-23,30.844120025634766
2007-07-24,30.666271209716797
2007-07-25,30.37494659423828
2007-07-26,29.945598602294922
2007-07-27,29.445737838745117
2007-07-30,29.730918884277344
2007-07-31,29.832124710083008
2007-08-01,29.770414352416992
2007-08-02,29.94016456604004
2007-08-03,29.94016456604004
2007-08-06,29.87534523010254
2007-08-07,30.088335037231445
2007-08-08,30.443283081054688
2007-08-09,30.41242790222168
2007-08-10,30.350675582885742
2007-08-13,30.572933197021484
2007-08-14,30.335247039794922
2007-08-15,30.50501823425293
2007-08-16,30.46491050720215
2007-08-17,30.77355194091797
2007-08-20,30.480321884155273
2007-08-21,30.32291030883789
2007-08-22,30.55746841430664
2007-08-23,30.742677688598633
2007-08-24,30.819856643676758
2007-08-27,31.02048110961914
2007-08-28,30.912466049194336
2007-08-29,31.035911560058594
2007-08-30,31.10074234008789
2007-08-31,31.38161849975586
2007-09-04,31.599950790405273
2007-09-05,31.612390518188477
2007-09-06,31.593753814697266
2007-09-07,31.233469009399414
2007-09-10,31.367029190063477
2007-09-11,31.624794006347656
2007-09-12,31.76766014099121
2007-09-13,31.65582847595215
2007-09-14,31.9539852142334
2007-09-17,32.099952697753906
2007-09-18,32.32973861694336
2007-09-19,32.94778823852539
2007-09-20,32.14033126831055
2007-09-21,32.22108459472656
2007-09-24,32.43846130371094
2007-09-25,32.51607894897461
2007-09-26,32.39812088012695
2007-09-27,32.2987174987793
2007-09-28,32.2987174987793
2007-10-01,32.42216873168945
2007-10-02,32.48466873168945
2007-10-03,32.312808990478516
2007-10-04,32.450260162353516
2007-10-05,32.469024658203125
2007-10-08,32.57841873168945
2007-10-09,32.603397369384766
2007-10-10,32.57526779174805
2007-10-11,32.622161865234375
2007-10-12,32.65651321411133
2007-10-15,32.81279373168945
2007-10-16,32.68777084350586
2007-10-17,32.2846565246582
2007-10-18,32.26901626586914
2007-10-19,32.125267028808594
2007-10-22,31.828405380249023
2007-10-23,32.094024658203125
2007-10-24,32.094024658203125
2007-10-25,32.14088439941406
2007-10-26,32.21587371826172
2007-10-29,32.312808990478516
2007-10-30,32.25025939941406
2007-10-31,32.45342254638672
2007-11-01,32.24265670776367
2007-11-02,32.16401290893555
2007-11-05,32.14826965332031
2007-11-06,32.314998626708984
2007-11-07,32.27408981323242
2007-11-08,31.86516761779785
2007-11-09,32.0067138671875
2007-11-12,32.13256072998047
2007-11-13,32.0067138671875
2007-11-14,32.085391998291016
2007-11-15,32.07594299316406
2007-11-16,32.085391998291016
2007-11-19,32.085391998291016
2007-11-20,31.77079200744629
2007-11-21,31.173131942749023
2007-11-23,31.113367080688477
2007-11-26,31.456256866455078
2007-11-27,31.50343894958496
2007-11-28,31.802257537841797
2007-11-29,31.95953941345215
2007-11-30,32.0885124206543
2007-12-03,32.412025451660156
2007-12-04,32.28856658935547
2007-12-05,31.908693313598633
2007-12-06,32.19361114501953
2007-12-07,32.17778015136719
2007-12-10,32.13028335571289
2007-12-11,32.09861755371094
2007-12-12,32.27273941040039
2007-12-13,32.25691604614258
2007-12-14,32.304405212402344
2007-12-17,32.13028335571289
2007-12-18,32.16194152832031
2007-12-19,32.32021713256836
2007-12-20,32.250587463378906
2007-12-21,32.351871490478516
2007-12-24,32.2379150390625
2007-12-26,32.09547805786133
2007-12-27,32.30717086791992
2007-12-28,31.992027282714844
2007-12-31,32.062042236328125
2008-01-02,31.673688888549805
2008-01-03,31.613216400146484
2008-01-04,31.578205108642578
2008-01-07,31.390390396118164
2008-01-08,31.20891571044922
2008-01-09,30.86830711364746
2008-01-10,31.09751319885254
2008-01-11,31.164377212524414
2008-01-14,31.05613899230957
2008-01-15,31.135717391967773
2008-01-16,31.100690841674805
2008-01-17,30.88104820251465
2008-01-18,31.122983932495117
2008-01-22,30.90652084350586
2008-01-23,30.967002868652344
2008-01-24,31.355337142944336
2008-01-25,31.403104782104492
2008-01-28,31.259876251220703
2008-01-29,31.291706085205078
2008-01-30,31.412649154663086
2008-01-31,31.476322174072266
2008-02-01,31.493627548217773
2008-02-04,31.500043869018555
2008-02-05,31.246849060058594
2008-02-06,31.18276596069336
2008-02-07,31.051359176635742
2008-02-08,30.817413330078125
2008-02-11,30.573869705200195
2008-02-12,30.689250946044922
2008-02-13,30.609100341796875
2008-02-14,30.759727478027344
2008-02-15,30.68283462524414
2008-02-19,30.525772094726562
2008-02-20,30.605897903442383
2008-02-21,30.71164894104004
2008-02-22,30.76612663269043
2008-02-25,30.859067916870117
2008-02-26,31.057758331298828
2008-02-27,31.051359176635742
2008-02-28,31.006479263305664
2008-02-29,30.887916564941406
2008-03-03,30.89629554748535
2008-03-04,30.860824584960938
2008-03-05,30.947925567626953
2008-03-06,30.867290496826172
2008-03-07,30.802764892578125
2008-03-10,30.731828689575195
2008-03-11,30.809228897094727
2008-03-12,30.802764892578125
2008-03-13,30.586671829223633
2008-03-14,30.402814865112305
2008-03-17,30.260900497436523
2008-03-18,30.705991744995117
2008-03-19,30.738269805908203
2008-03-20,30.883413314819336
2008-03-24,31.118873596191406
2008-03-25,31.199504852294922
2008-03-26,31.125328063964844
2008-03-27,31.02533721923828
2008-03-28,31.04145622253418
2008-03-31,31.180143356323242
2008-04-01,31.317174911499023
2008-04-02,31.333396911621094
2008-04-03,31.278217315673828
2008-04-04,31.39835548400879
2008-04-07,31.648359298706055
2008-04-08,31.755510330200195
2008-04-09,31.479511260986328
2008-04-10,31.59316635131836
2008-04-11,31.33989143371582
2008-04-14,31.450294494628906
2008-04-15,31.447052001953125
2008-04-16,31.583406448364258
2008-04-17,31.615875244140625
2008-04-18,31.830175399780273
2008-04-21,31.778217315673828
2008-04-22,31.820436477661133
2008-04-23,31.950326919555664
2008-04-24,31.96007537841797
2008-04-25,32.112674713134766
2008-04-28,32.30101776123047
2008-04-29,32.20684814453125
2008-04-30,32.23931121826172
2008-05-01,32.92444610595703
2008-05-02,32.591346740722656
2008-05-05,32.53909683227539
2008-05-06,32.3072509765625
2008-05-07,32.33009719848633
2008-05-08,32.26153564453125
2008-05-09,32.33009719848633
2008-05-12,32.287654876708984
2008-05-13,32.27785110473633
2008-05-14,32.232120513916016
2008-05-15,32.31703186035156
2008-05-16,32.36277389526367
2008-05-19,32.49010467529297
2008-05-20,32.42805480957031
2008-05-21,32.36927032470703
2008-05-22,32.320281982421875
2008-05-23,32.12762451171875
2008-05-27,31.948001861572266
2008-05-28,32.1047477722168
2008-05-29,32.07210922241211
2008-05-30,32.075382232666016
2008-06-02,31.81045150756836
2008-06-03,31.833459854125977
2008-06-04,31.80061149597168
2008-06-05,31.93864631652832
2008-06-06,31.849895477294922
2008-06-09,31.951793670654297
2008-06-10,31.96494483947754
2008-06-11,31.958351135253906
2008-06-12,31.905752182006836
2008-06-13,32.04710006713867
2008-06-16,31.603384017944336
2008-06-17,31.65929412841797
2008-06-18,31.728290557861328
2008-06-19,31.527772903442383
2008-06-20,31.40287208557129
2008-06-23,31.28783416748047
2008-06-24,31.156373977661133
2008-06-25,31.261545181274414
2008-06-26,31.015018463134766
2008-06-27,30.92957878112793
2008-06-30,30.896696090698242
2008-07-01,30.863941192626953
2008-07-02,30.840776443481445
2008-07-03,30.827518463134766
2008-07-07,30.854007720947266
2008-07-08,30.771255493164062
2008-07-09,30.66534996032715
2008-07-10,30.705059051513672
2008-07-11,30.66534996032715
2008-07-14,30.592525482177734
2008-07-15,30.119218826293945
2008-07-16,30.218505859375
2008-07-17,30.307876586914062
2008-07-18,30.79442024230957
2008-07-21,30.94666862487793
2008-07-22,31.052614212036133
2008-07-23,30.96986198425293
2008-07-24,31.04267692565918
2008-07-25,31.10883140563965
2008-07-28,31.002952575683594
2008-07-29,31.009567260742188
2008-07-30,31.01618766784668
2008-07-31,31.07906723022461
2008-08-01,30.94007110595703
2008-08-04,30.726726531982422
2008-08-05,30.943416595458984
2008-08-06,30.73673439025879
2008-08-07,30.700063705444336
2008-08-08,30.753387451171875
2008-08-11,30.666738510131836
2008-08-12,30.786739349365234
2008-08-13,30.83340835571289
2008-08-14,30.83340835571289
2008-08-15,30.903379440307617
2008-08-18,30.83340835571289
2008-08-19,30.893383026123047
2008-08-20,30.886728286743164
2008-08-21,30.84339141845703
2008-08-22,30.666738510131836
2008-08-25,30.83340835571289
2008-08-26,30.666738510131836
2008-08-27,30.700063705444336
2008-08-28,30.743379592895508
2008-08-29,30.800067901611328
2008-09-02,30.806785583496094
2008-09-03,30.907453536987305
2008-09-04,31.041719436645508
2008-09-05,31.014850616455078
2008-09-08,30.977933883666992
2008-09-09,31.04505729675293
2008-09-10,30.873899459838867
2008-09-11,30.873899459838867
2008-09-12,30.873899459838867
2008-09-15,29.7396183013916
2008-09-16,29.055011749267578
2008-09-17,27.30997657775879
2008-09-18,29.464448928833008
2008-09-19,29.840272903442383
2008-09-22,29.813430786132812
2008-09-23,29.52147674560547
2008-09-24,29.786617279052734
2008-09-25,29.028167724609375
2008-09-26,28.9274959564209
2008-09-29,26.585094451904297
2008-09-30,27.51803207397461
2008-10-01,28.716087341308594
2008-10-02,27.968143463134766
2008-10-03,27.866609573364258
2008-10-06,26.854703903198242
2008-10-07,26.401229858398438
2008-10-08,25.29791259765625
2008-10-09,24.709028244018555
2008-10-10,23.060882568359375
2008-10-13,25.890174865722656
2008-10-14,26.059391021728516
2008-10-15,24.92225456237793
2008-10-16,23.9780216217041
2008-10-17,23.690351486206055
2008-10-20,24.164154052734375
2008-10-21,24.025400161743164
2008-10-22,23.82571029663086
2008-10-23,24.22844886779785
2008-10-24,23.622663497924805
2008-10-27,22.421234130859375
2008-10-28,22.6750545501709
2008-10-29,23.707263946533203
2008-10-30,24.357074737548828
2008-10-31,24.367206573486328
2008-11-03,24.565420150756836
2008-11-04,24.842205047607422
2008-11-05,24.637170791625977
2008-11-06,24.637170791625977
2008-11-07,24.893444061279297
2008-11-10,24.89687156677246
2008-11-11,24.85244369506836
2008-11-12,24.500486373901367
2008-11-13,24.37063217163086
2008-11-14,24.073348999023438
2008-11-17,23.700878143310547
2008-11-18,23.202009201049805
2008-11-19,22.409231185913086
2008-11-20,21.664302825927734
2008-11-21,21.87958335876465
2008-11-24,21.97867774963379
2008-11-25,22.207626342773438
2008-11-26,22.723594665527344
2008-11-28,22.638195037841797
2008-12-01,22.17125701904297
2008-12-02,22.409568786621094
2008-12-03,22.413000106811523
2008-12-04,22.281770706176758
2008-12-05,22.29213523864746
2008-12-08,22.551156997680664
2008-12-09,22.381938934326172
2008-12-10,22.364667892456055
2008-12-11,22.191993713378906
2008-12-12,22.499351501464844
2008-12-15,22.381938934326172
2008-12-16,22.79633140563965
2008-12-17,23.37998390197754
2008-12-18,24.73719596862793
2008-12-19,24.571422576904297
2008-12-22,25.5556640625
2008-12-23,25.92864418029785
2008-12-24,25.521133422851562
2008-12-26,26.008075714111328
2008-12-29,26.183338165283203
2008-12-30,26.263315200805664
2008-12-31,26.433740615844727
2009-01-02,26.35025405883789
2009-01-05,27.623088836669922
2009-01-06,27.856094360351562
2009-01-07,27.35183334350586
2009-01-08,26.955385208129883
2009-01-09,27.35183334350586
2009-01-12,26.757160186767578
2009-01-13,26.659791946411133
2009-01-14,26.318971633911133
2009-01-15,26.214641571044922
2009-01-16,26.426767349243164
2009-01-20,25.97467803955078
2009-01-21,25.978166580200195
2009-01-22,25.908599853515625
2009-01-23,25.494768142700195
2009-01-26,25.56085205078125
2009-01-27,25.79732322692871
2009-01-28,26.711963653564453
2009-01-29,26.047731399536133
2009-01-30,26.165966033935547
2009-02-02,25.608474731445312
2009-02-03,25.65412712097168
2009-02-04,25.633052825927734
2009-02-05,25.422286987304688
2009-02-06,25.935182571411133
2009-02-09,26.135400772094727
2009-02-10,25.9632625579834
2009-02-11,25.9035587310791
2009-02-12,25.82275390625
2009-02-13,25.924631118774414
2009-02-17,25.264225006103516
2009-02-18,25.1131591796875
2009-02-19,25.239622116088867
2009-02-20,24.87076187133789
2009-02-23,24.24550437927246
2009-02-24,24.589746475219727
2009-02-25,24.47034454345703
2009-02-26,23.985538482666016
2009-02-27,23.62373924255371
2009-03-02,23.133363723754883
2009-03-03,23.22568130493164
2009-03-04,23.222126007080078
2009-03-05,22.121383666992188
2009-03-06,22.01487159729004
2009-03-09,21.88704490661621
2009-03-10,22.970035552978516
2009-03-11,23.335752487182617
2009-03-12,23.7227840423584
2009-03-13,23.77605628967285
2009-03-16,23.91100311279297
2009-03-17,23.77605628967285
2009-03-18,24.3228759765625
2009-03-19,24.10983657836914
2009-03-20,24.06366729736328
2009-03-23,24.56077766418457
2009-03-24,24.606937408447266
2009-03-25,24.73830795288086
2009-03-26,25.121814727783203
2009-03-27,24.86614990234375
2009-03-30,23.701496124267578
2009-03-31,24.074316024780273
2009-04-01,24.112424850463867
2009-04-02,24.98923110961914
2009-04-03,25.341392517089844
2009-04-06,25.258737564086914
2009-04-07,24.967676162719727
2009-04-08,25.262332916259766
2009-04-09,25.98103904724121
2009-04-13,25.963085174560547
2009-04-14,25.830123901367188
2009-04-15,26.04928970336914
2009-04-16,26.462539672851562
2009-04-17,27.04111671447754
2009-04-20,26.05290985107422
2009-04-21,26.347572326660156
2009-04-22,26.473339080810547
2009-04-23,26.444589614868164
2009-04-24,26.854257583618164
2009-04-27,26.642227172851562
2009-04-28,26.699750900268555
2009-04-29,27.195636749267578
2009-04-30,27.407655715942383
2009-05-01,27.36455726623535
2009-05-04,27.299386978149414
2009-05-05,27.534761428833008
2009-05-06,27.762924194335938
2009-05-07,27.306610107421875
2009-05-08,27.795547485351562
2009-05-11,27.65066146850586
2009-05-12,27.75931739807129
2009-05-13,27.397140502929688
2009-05-14,27.107423782348633
2009-05-15,26.7271671295166
2009-05-18,27.295753479003906
2009-05-19,27.47682762145996
2009-05-20,27.88243293762207
2009-05-21,27.52389907836914
2009-05-22,27.904193878173828
2009-05-26,27.83174705505371
2009-05-27,27.88243293762207
2009-05-28,27.980224609375
2009-05-29,28.19025421142578
2009-06-01,28.85732078552246
2009-06-02,28.773277282714844
2009-06-03,28.608806610107422
2009-06-04,28.69649887084961
2009-06-05,28.78789710998535
2009-06-08,28.839059829711914
2009-06-09,28.893877029418945
2009-06-10,28.93045425415039
2009-06-11,28.996225357055664
2009-06-12,29.146099090576172
2009-06-15,28.714792251586914
2009-06-16,28.44065284729004
2009-06-17,28.276165008544922
2009-06-18,28.546649932861328
2009-06-19,28.57590103149414
2009-06-22,28.18844223022461
2009-06-23,28.23595428466797
2009-06-24,28.378520965576172
2009-06-25,28.64898681640625
2009-06-26,28.641679763793945
2009-06-29,28.999910354614258
2009-06-30,29.13512420654297
2009-07-01,29.207027435302734
2009-07-02,28.69803810119629
2009-07-06,28.2701473236084
2009-07-07,27.875446319580078
2009-07-08,28.045106887817383
2009-07-09,28.447187423706055
2009-07-10,28.229543685913086
2009-07-13,28.29227066040039
2009-07-14,28.402923583984375
2009-07-15,29.030006408691406
2009-07-16,29.118518829345703
2009-07-17,29.144357681274414
2009-07-20,29.550098419189453
2009-07-21,29.693958282470703
2009-07-22,29.730867385864258
2009-07-23,30.033323287963867
2009-07-24,30.210371017456055
2009-07-27,30.26570701599121
2009-07-28,30.298919677734375
2009-07-29,30.402183532714844
2009-07-30,30.65300750732422
2009-07-31,31.150989532470703
2009-08-03,31.210159301757812
2009-08-04,31.143173217773438
2009-08-05,31.04275894165039
2009-08-06,30.797231674194336
2009-08-07,31.01299476623535
2009-08-10,31.154348373413086
2009-08-11,31.079967498779297
2009-08-12,31.001821517944336
2009-08-13,30.607500076293945
2009-08-14,30.455007553100586
2009-08-17,29.711029052734375
2009-08-18,30.224374771118164
2009-08-19,30.347129821777344
2009-08-20,30.2541446685791
2009-08-21,30.667043685913086
2009-08-24,30.50710678100586
2009-08-25,30.50336265563965
2009-08-26,30.622406005859375
2009-08-27,30.466142654418945
2009-08-28,30.61867904663086
2009-08-31,30.622406005859375
2009-09-01,30.33462905883789
2009-09-02,30.173297882080078
2009-09-03,30.36840057373047
2009-09-04,30.601041793823242
2009-09-08,31.03624153137207
2009-09-09,30.743595123291016
2009-09-10,31.22008514404297
2009-09-11,31.516468048095703
2009-09-14,31.554014205932617
2009-09-15,31.779136657714844
2009-09-16,32.18809509277344
2009-09-17,32.24436569213867
2009-09-18,32.15433120727539
2009-09-21,32.17306900024414
2009-09-22,32.135562896728516
2009-09-23,32.23310089111328
2009-09-24,32.29314041137695
2009-09-25,32.18809509277344
2009-09-28,32.443214416503906
2009-09-29,32.40568923950195
2009-09-30,32.39820098876953
2009-10-01,31.5451717376709
2009-10-02,31.55652618408203
2009-10-05,31.980220794677734
2009-10-06,31.87049102783203
2009-10-07,32.10502624511719
2009-10-08,32.30931091308594
2009-10-09,32.43415451049805
2009-10-12,32.42657470703125
2009-10-13,32.419029235839844
2009-10-14,32.54763412475586
2009-10-15,32.540035247802734
2009-10-16,32.53628921508789
2009-10-19,32.54384231567383
2009-10-20,32.60438537597656
2009-10-21,32.66111373901367
2009-10-22,32.91078567504883
2009-10-23,32.85403060913086
2009-10-26,32.87295913696289
2009-10-27,32.61570739746094
2009-10-28,32.07854461669922
2009-10-29,32.52870178222656
2009-10-30,32.22230529785156
2009-11-02,32.47517776489258
2009-11-03,32.54766845703125
2009-11-04,32.597267150878906
2009-11-05,32.62395477294922
2009-11-06,32.65446853637695
2009-11-09,32.784156799316406
2009-11-10,32.7726936340332
2009-11-11,32.791805267333984
2009-11-12,32.829917907714844
2009-11-13,32.76506805419922
2009-11-16,32.91769790649414
2009-11-17,32.9100227355957
2009-11-18,32.82610321044922
2009-11-19,32.89475631713867
2009-11-20,32.88715744018555
2009-11-23,32.852821350097656
2009-11-24,32.871883392333984
2009-11-25,32.88715744018555
2009-11-27,32.65829086303711
2009-11-30,32.76506805419922
2009-12-01,32.927242279052734
2009-12-02,32.9617919921875
2009-12-03,33.00406265258789
2009-12-04,33.13854217529297
2009-12-07,33.18080139160156
2009-12-08,33.219234466552734
2009-12-09,33.219234466552734
2009-12-10,33.384456634521484
2009-12-11,33.403656005859375
2009-12-14,33.672611236572266
2009-12-15,33.63801956176758
2009-12-16,33.714866638183594
2009-12-17,33.69563674926758
2009-12-18,33.67641067504883
2009-12-21,33.77632141113281
2009-12-22,33.84931945800781
2009-12-23,33.93003845214844
2009-12-24,34.05681228637695
2009-12-28,33.95693588256836
2009-12-29,33.77513885498047
2009-12-30,33.91823196411133
2009-12-31,33.97238540649414
2010-01-04,34.2392463684082
2010-01-05,34.401676177978516
2010-01-06,34.49064254760742
2010-01-07,34.6298713684082
2010-01-08,34.684017181396484
2010-01-11,34.653072357177734
2010-01-12,34.47517395019531
2010-01-13,34.55252456665039
2010-01-14,34.59119415283203
2010-01-15,34.45195770263672
2010-01-19,34.467430114746094
2010-01-20,34.41714859008789
2010-01-21,33.87956619262695
2010-01-22,33.55854797363281
2010-01-25,33.60884475708008
2010-01-26,33.651371002197266
2010-01-27,33.66299057006836
2010-01-28,33.51988983154297
2010-01-29,33.34971237182617
2010-02-01,33.51066589355469
2010-02-02,33.61202621459961
2010-02-03,33.78352355957031
2010-02-04,33.304115295410156
2010-02-05,33.1092529296875
2010-02-08,32.96503829956055
2010-02-09,33.03126907348633
2010-02-10,32.58698654174805
2010-02-11,32.71947479248047
2010-02-12,32.69998550415039
2010-02-16,33.02351760864258
2010-02-17,33.276824951171875
2010-02-18,33.59254455566406
2010-02-19,33.81857681274414
2010-02-22,33.86149215698242
2010-02-23,33.61592483520508
2010-02-24,33.74453353881836
2010-02-25,33.748435974121094
2010-02-26,33.974483489990234
2010-03-01,34.00039291381836
2010-03-02,34.22032165527344
2010-03-03,34.25564956665039
2010-03-04,34.28308868408203
2010-03-05,34.4873046875
2010-03-08,34.495147705078125
2010-03-09,34.644344329833984
2010-03-10,34.65614700317383
2010-03-11,34.62473678588867
2010-03-12,34.63256072998047
2010-03-15,34.593318939208984
2010-03-16,34.71113586425781
2010-03-17,34.71113586425781
2010-03-18,34.76215744018555
2010-03-19,34.58937454223633
2010-03-22,34.75429916381836
2010-03-23,34.750396728515625
2010-03-24,34.73073959350586
2010-03-25,34.813209533691406
2010-03-26,34.80141830444336
2010-03-29,34.8445930480957
2010-03-30,34.809295654296875
2010-03-31,34.699317932128906
2010-04-01,34.61546325683594
2010-04-05,34.59962463378906
2010-04-06,34.825130462646484
2010-04-07,34.8765754699707
2010-04-08,34.935890197753906
2010-04-09,34.98733139038086
2010-04-12,34.9952507019043
2010-04-13,35.090179443359375
2010-04-14,35.185142517089844
2010-04-15,35.28009033203125
2010-04-16,34.9952507019043
2010-04-19,34.92801284790039
2010-04-20,35.30381393432617
2010-04-21,35.30777359008789
2010-04-22,35.20490646362305
2010-04-23,35.43437576293945
2010-04-26,35.43437576293945
2010-04-27,34.98733139038086
2010-04-28,35.011070251464844
2010-04-29,35.25239944458008
2010-04-30,35.367103576660156
2010-05-03,35.36314010620117
2010-05-04,35.000526428222656
2010-05-05,34.522396087646484
2010-05-06,33.66571807861328
2010-05-07,33.661720275878906
2010-05-10,34.291282653808594
2010-05-11,34.251434326171875
2010-05-12,34.6697883605957
2010-05-13,34.45464324951172
2010-05-14,34.25541305541992
2010-05-17,34.21158981323242
2010-05-18,34.13985824584961
2010-05-19,33.940643310546875
2010-05-20,32.9285774230957
2010-05-21,33.59001541137695
2010-05-24,33.64179611206055
2010-05-25,33.601924896240234
2010-05-26,33.19949722290039
2010-05-27,33.65773391723633
2010-05-28,33.713523864746094
2010-06-01,33.55411911010742
2010-06-02,33.72676086425781
2010-06-03,33.73878860473633
2010-06-04,33.55010223388672
2010-06-07,33.31721115112305
2010-06-08,33.36942672729492
2010-06-09,33.441688537597656
2010-06-10,33.78298568725586
2010-06-11,33.831153869628906
2010-06-14,33.87532424926758
2010-06-15,34.20456314086914
2010-06-16,34.232666015625
2010-06-17,34.48963928222656
2010-06-18,34.638187408447266
2010-06-21,34.762664794921875
2010-06-22,34.51372146606445
2010-06-23,34.48963928222656
2010-06-24,34.25273895263672
2010-06-25,34.40932083129883
2010-06-28,34.48563003540039
2010-06-29,34.14030838012695
2010-06-30,34.088130950927734
2010-07-01,34.251136779785156
2010-07-02,34.25923538208008
2010-07-06,34.53022384643555
2010-07-07,34.94682693481445
2010-07-08,35.108604431152344
2010-07-09,35.02772521972656
2010-07-12,34.99940872192383
2010-07-13,35.2703971862793
2010-07-14,35.238037109375
2010-07-15,35.290626525878906
2010-07-16,35.07625961303711
2010-07-19,35.193565368652344
2010-07-20,35.476688385009766
2010-07-21,35.460514068603516
2010-07-22,35.77600860595703
2010-07-23,35.93782424926758
2010-07-26,35.953975677490234
2010-07-27,35.90544128417969
2010-07-28,35.82859802246094
2010-07-29,35.93782424926758
2010-07-30,35.844757080078125
2010-08-02,36.03170394897461
2010-08-03,36.03170394897461
2010-08-04,36.01130294799805
2010-08-05,35.99504470825195
2010-08-06,35.986907958984375
2010-08-09,35.92174530029297
2010-08-10,35.90952682495117
2010-08-11,35.44120788574219
2010-08-12,35.31903839111328
2010-08-13,35.47380065917969
2010-08-16,35.51856994628906
2010-08-17,35.6529541015625
2010-08-18,35.714054107666016
2010-08-19,35.64073181152344
2010-08-20,35.726261138916016
2010-08-23,35.726261138916016
2010-08-24,35.5389404296875
2010-08-25,35.49007034301758
2010-08-26,35.44120788574219
2010-08-27,35.43711853027344
2010-08-30,35.502288818359375
2010-08-31,35.49007034301758
2010-09-01,35.873573303222656
2010-09-02,35.93101119995117
2010-09-03,36.03764343261719
2010-09-07,35.98432540893555
2010-09-08,35.99252700805664
2010-09-09,36.136085510253906
2010-09-10,36.23042297363281
2010-09-13,36.41912078857422
2010-09-14,36.41091537475586
2010-09-15,36.378108978271484
2010-09-16,36.439598083496094
2010-09-17,36.50526809692383
2010-09-20,36.562660217285156
2010-09-21,36.50114440917969
2010-09-22,36.35346221923828
2010-09-23,36.2591552734375
2010-09-24,36.40272521972656
2010-09-27,36.464195251464844
2010-09-28,36.51752853393555
2010-09-29,36.60368728637695
2010-09-30,36.78828430175781
2010-10-01,36.83659362792969
2010-10-04,36.708580017089844
2010-10-05,36.840694427490234
2010-10-06,36.807674407958984
2010-10-07,36.88199234008789
2010-10-08,37.005828857421875
2010-10-11,37.08428192138672
2010-10-12,37.05128860473633
2010-10-13,37.17512893676758
2010-10-14,36.997596740722656
2010-10-15,37.0925407409668
2010-10-18,37.043025970458984
2010-10-19,37.03886413574219
2010-10-20,37.15448760986328
2010-10-21,37.096683502197266
2010-10-22,37.265968322753906
2010-10-25,37.41046142578125
2010-10-26,37.4682731628418
2010-10-27,37.42696762084961
2010-10-28,37.4476318359375
2010-10-29,37.464134216308594
2010-11-01,37.39388656616211
2010-11-02,37.57676696777344
2010-11-03,37.70146179199219
2010-11-04,38.19187545776367
2010-11-05,38.15036392211914
2010-11-08,38.038124084472656
2010-11-09,37.930057525634766
2010-11-10,37.618343353271484
2010-11-11,37.46869659423828
2010-11-12,37.33154296875
2010-11-15,37.26092529296875
2010-11-16,36.84941482543945
2010-11-17,37.03643798828125
2010-11-18,37.50611114501953
2010-11-19,37.493648529052734
2010-11-22,37.23182678222656
2010-11-23,36.7205924987793
2010-11-24,36.94086456298828
2010-11-26,36.8078727722168
2010-11-29,36.90347671508789
2010-11-30,36.98660659790039
2010-12-01,37.32884979248047
2010-12-02,37.349727630615234
2010-12-03,37.41250991821289
2010-12-06,37.391563415527344
2010-12-07,37.58405685424805
2010-12-08,37.46271896362305
2010-12-09,37.38319778442383
2010-12-10,37.39994812011719
2010-12-13,37.2116584777832
2010-12-14,37.395782470703125
2010-12-15,37.24932098388672
2010-12-16,37.38739013671875
2010-12-17,37.44179916381836
2010-12-20,37.50875473022461
2010-12-21,37.588218688964844
2010-12-22,37.692832946777344
2010-12-23,37.730464935302734
2010-12-27,37.75977325439453
2010-12-28,37.783790588378906
2010-12-29,37.91010284423828
2010-12-30,37.95220947265625
2010-12-31,38.01958465576172
2011-01-03,38.04908752441406
2011-01-04,38.22171401977539
2011-01-05,38.31855392456055
2011-01-06,38.364871978759766
2011-01-07,38.21747589111328
2011-01-10,38.188026428222656
2011-01-11,38.335384368896484
2011-01-12,38.4154052734375
2011-01-13,38.406978607177734
2011-01-14,38.470123291015625
2011-01-18,38.46591567993164
2011-01-19,38.34799575805664
2011-01-20,38.27222442626953
2011-01-21,38.428043365478516
2011-01-24,38.48275375366211
2011-01-25,38.541725158691406
2011-01-26,38.621742248535156
2011-01-27,38.672271728515625
2011-01-28,38.440673828125
2011-01-31,38.64702224731445
2011-02-01,38.72286605834961
2011-02-02,38.76523971557617
2011-02-03,38.76523971557617
2011-02-04,38.93476867675781
2011-02-07,39.006813049316406
2011-02-08,39.04916763305664
2011-02-09,38.82881164550781
2011-02-10,38.87118911743164
2011-02-11,38.968631744384766
2011-02-14,38.99833297729492
2011-02-15,38.922027587890625
2011-02-16,38.93476867675781
2011-02-17,39.023780822753906
2011-02-18,39.14242935180664
2011-02-22,38.8203239440918
2011-02-23,38.85844421386719
2011-02-24,38.88813400268555
2011-02-25,39.006813049316406
2011-02-28,39.20176315307617
2011-03-01,39.141632080078125
2011-03-02,39.17575454711914
2011-03-03,39.31645965576172
2011-03-04,39.235443115234375
2011-03-07,39.24399185180664
2011-03-08,39.209861755371094
2011-03-09,39.098976135253906
2011-03-10,38.894264221191406
2011-03-11,38.885746002197266
2011-03-14,38.727943420410156
2011-03-15,38.527488708496094
2011-03-16,38.288665771484375
2011-03-17,38.702335357666016
2011-03-18,38.885746002197266
2011-03-21,39.12454605102539
2011-03-22,39.145877838134766
2011-03-23,39.098976135253906
2011-03-24,39.13307571411133
2011-03-25,39.145877838134766
2011-03-28,39.15864181518555
2011-03-29,39.18001937866211
2011-03-30,39.23971176147461
2011-03-31,39.21839141845703
2011-04-01,39.171199798583984
2011-04-04,39.4114990234375
2011-04-05,39.36856460571289
2011-04-06,39.45441436767578
2011-04-07,39.493038177490234
2011-04-08,39.493038177490234
2011-04-11,39.45441436767578
2011-04-12,39.32994842529297
2011-04-13,39.51877975463867
2011-04-14,39.36000442504883
2011-04-15,39.4114990234375
2011-04-18,39.274166107177734
2011-04-19,39.4114990234375
2011-04-20,39.56169509887695
2011-04-21,39.65610122680664
2011-04-25,39.61318588256836
2011-04-26,39.70330047607422
2011-04-27,39.72904968261719
2011-04-28,39.75053024291992
2011-04-29,39.84491729736328
2011-05-02,39.82461929321289
2011-05-03,39.833248138427734
2011-05-04,39.82029724121094
2011-05-05,39.65620803833008
2011-05-06,39.859161376953125
2011-05-09,39.910980224609375
2011-05-10,39.99733352661133
2011-05-11,39.93687057495117
2011-05-12,39.97575759887695
2011-05-13,39.811641693115234
2011-05-16,39.88939666748047
2011-05-17,39.958465576171875
2011-05-18,40.005958557128906
2011-05-19,39.98869705200195
2011-05-20,39.958465576171875
2011-05-23,39.76850509643555
2011-05-24,39.70368957519531
2011-05-25,39.70368957519531
2011-05-26,39.669185638427734
2011-05-27,39.79008102416992
2011-05-31,39.898033142089844
2011-06-01,39.66603088378906
2011-06-02,39.63995361328125
2011-06-03,39.483558654785156
2011-06-06,39.38797378540039
2011-06-07,39.35755920410156
2011-06-08,39.170745849609375
2011-06-09,39.19680404663086
2011-06-10,38.94049072265625
2011-06-13,38.79277038574219
2011-06-14,39.036033630371094
2011-06-15,38.870967864990234
2011-06-16,38.180179595947266
2011-06-17,38.601600646972656
2011-06-20,38.870967864990234
2011-06-21,39.13162612915039
2011-06-22,38.849212646484375
2011-06-23,39.05778121948242
2011-06-24,38.870967864990234
2011-06-27,38.862266540527344
2011-06-28,39.01869201660156
2011-06-29,39.405330657958984
2011-06-30,39.670352935791016
2011-07-01,39.881134033203125
2011-07-05,39.93361282348633
2011-07-06,39.951087951660156
2011-07-07,40.10850524902344
2011-07-08,39.99917984008789
2011-07-11,39.605655670166016
2011-07-12,39.49636459350586
2011-07-13,39.802406311035156
2011-07-14,39.780555725097656
2011-07-15,39.76746368408203
2011-07-18,39.69748306274414
2011-07-19,39.876739501953125
2011-07-20,39.91175842285156
2011-07-21,40.104095458984375
2011-07-22,40.156585693359375
2011-07-25,39.94232177734375
2011-07-26,40.025413513183594
2011-07-27,39.71058654785156
2011-07-28,39.771812438964844
2011-07-29,39.81113052368164
2011-08-01,39.89958190917969
2011-08-02,39.406864166259766
2011-08-03,39.3848876953125
2011-08-04,38.24992752075195
2011-08-05,38.21031951904297
2011-08-08,36.582679748535156
2011-08-09,37.700042724609375
2011-08-10,37.06217956542969
2011-08-11,37.73524856567383
2011-08-12,37.55924987792969
2011-08-15,38.17075729370117
2011-08-16,37.92879104614258
2011-08-17,38.34672164916992
2011-08-18,37.880393981933594
2011-08-19,37.55049514770508
2011-08-22,37.594478607177734
2011-08-23,37.87599182128906
2011-08-24,37.70444107055664
2011-08-25,37.400901794433594
2011-08-26,37.77925491333008
2011-08-29,38.16195297241211
2011-08-30,38.232330322265625
2011-08-31,38.72502517700195
2011-09-01,38.699806213378906
2011-09-02,38.51826095581055
2011-09-06,38.062259674072266
2011-09-07,38.24821090698242
2011-09-08,38.36772918701172
2011-09-09,38.022422790527344
2011-09-12,37.694786071777344
2011-09-13,37.98255920410156
2011-09-14,38.23492431640625
2011-09-15,38.4917106628418
2011-09-16,38.469573974609375
2011-09-19,38.41202163696289
2011-09-20,38.4740104675293
2011-09-21,38.141929626464844
2011-09-22,37.623931884765625
2011-09-23,37.72575759887695
2011-09-26,37.86743927001953
2011-09-27,37.91170883178711
2011-09-28,37.4866943359375
2011-09-29,37.415855407714844
2011-09-30,36.67204666137695
2011-10-03,36.229984283447266
2011-10-04,36.11857223510742
2011-10-05,36.559757232666016
2011-10-06,37.125701904296875
2011-10-07,37.156883239746094
2011-10-10,37.9545783996582
2011-10-11,37.535682678222656
2011-10-12,38.409114837646484
2011-10-13,38.248714447021484
2011-10-14,38.516075134277344
2011-10-17,38.29325485229492
2011-10-18,38.498252868652344
2011-10-19,38.37348175048828
2011-10-20,38.7121696472168
2011-10-21,39.1800651550293
2011-10-24,40.24068069458008
2011-10-25,39.527679443359375
2011-10-26,39.6970100402832
2011-10-27,40.28078079223633
2011-10-28,40.16046905517578
2011-10-31,39.786136627197266
2011-11-01,39.0760612487793
2011-11-02,39.44814682006836
2011-11-03,39.838134765625
2011-11-04,39.79781723022461
2011-11-07,39.66329574584961
2011-11-08,39.752967834472656
2011-11-09,38.91020584106445
2011-11-10,38.95054626464844
2011-11-11,39.466060638427734
2011-11-14,39.20159149169922
2011-11-15,39.098487854003906
2011-11-16,38.71744155883789
2011-11-17,38.529178619384766
2011-11-18,38.50228500366211
2011-11-21,38.06742858886719
2011-11-22,37.77606964111328
2011-11-23,37.0947151184082
2011-11-25,37.0947151184082
2011-11-28,37.923988342285156
2011-11-29,38.1705322265625
2011-11-30,38.82053756713867
2011-12-01,38.99152374267578
2011-12-02,39.21257400512695
2011-12-05,39.43366241455078
2011-12-06,39.60957336425781
2011-12-07,39.48324966430664
2011-12-08,39.226112365722656
2011-12-09,39.564476013183594
2011-12-12,39.352439880371094
2011-12-13,39.20357131958008
2011-12-14,39.13591003417969
2011-12-15,39.27574157714844
2011-12-16,39.46072006225586
2011-12-19,39.41109848022461
2011-12-20,39.902801513671875
2011-12-21,40.015602111816406
2011-12-22,40.16899108886719
2011-12-23,40.353965759277344
2011-12-27,40.51507568359375
2011-12-28,40.3244743347168
2011-12-29,40.56499099731445
2011-12-30,40.587669372558594
2012-01-03,40.719303131103516
2012-01-04,40.65122604370117
2012-01-05,40.474220275878906
2012-01-06,40.347145080566406
2012-01-09,40.401615142822266
2012-01-10,40.54230880737305
2012-01-11,40.50144958496094
2012-01-12,40.44701385498047
2012-01-13,40.401615142822266
2012-01-17,40.48330307006836
2012-01-18,40.59677505493164
2012-01-19,40.6557731628418
2012-01-20,40.6557731628418
2012-01-23,40.79645919799805
2012-01-24,40.90084457397461
2012-01-25,41.259368896484375
2012-01-26,41.35923385620117
2012-01-27,41.209468841552734
2012-01-30,41.07784652709961
2012-01-31,41.18223190307617
2012-02-01,41.25844192504883
2012-02-02,41.28583908081055
2012-02-03,41.40449905395508
2012-02-06,41.413612365722656
2012-02-07,41.49577713012695
2012-02-08,41.532283782958984
2012-02-09,41.55052947998047
2012-02-10,41.19001770019531
2012-02-13,41.308658599853516
2012-02-14,41.308658599853516
2012-02-15,41.17626953125
2012-02-16,41.3497314453125
2012-02-17,41.3360481262207
2012-02-21,41.491188049316406
2012-02-22,41.62356948852539
2012-02-23,41.7741584777832
2012-02-24,41.9019775390625
2012-02-27,41.91109085083008
2012-02-28,41.99327087402344
2012-02-29,42.04800796508789
2012-03-01,42.1201057434082
2012-03-02,41.94567108154297
2012-03-05,41.711517333984375
2012-03-06,41.15605163574219
2012-03-07,41.27080154418945
2012-03-08,41.592166900634766
2012-03-09,41.638057708740234
2012-03-12,41.638057708740234
2012-03-13,41.9410514831543
2012-03-14,41.835487365722656
2012-03-15,41.69316482543945
2012-03-16,41.541664123535156
2012-03-19,41.697723388671875
2012-03-20,41.66559600830078
2012-03-21,41.532474517822266
2012-03-22,41.63348388671875
2012-03-23,41.54624938964844
2012-03-26,41.798744201660156
2012-03-27,41.8721923828125
2012-03-28,41.73445510864258
2012-03-29,41.729896545410156
2012-03-30,41.64725875854492
2012-04-02,41.71882629394531
2012-04-03,41.68191146850586
2012-04-04,41.529476165771484
2012-04-05,41.42782211303711
2012-04-09,41.215423583984375
2012-04-10,41.0122184753418
2012-04-11,41.261573791503906
2012-04-12,41.63106918334961
2012-04-13,41.497154235839844
2012-04-16,41.56178283691406
2012-04-17,41.741939544677734
2012-04-18,41.72806930541992
2012-04-19,41.6495475769043
2012-04-20,41.71420669555664
2012-04-23,41.62646484375
2012-04-24,41.72343444824219
2012-04-25,42.02827072143555
2012-04-26,42.05597686767578
2012-04-27,42.03751754760742
2012-04-30,42.120635986328125
2012-05-01,42.152687072753906
2012-05-02,42.31523132324219
2012-05-03,42.28738021850586
2012-05-04,42.20380783081055
2012-05-07,42.27342987060547
2012-05-08,42.26414108276367
2012-05-09,42.11552810668945
2012-05-10,42.06908416748047
2012-05-11,42.1759147644043
2012-05-14,41.864707946777344
2012-05-15,41.660377502441406
2012-05-16,41.251644134521484
2012-05-17,40.680419921875
2012-05-18,40.680419921875
2012-05-21,41.103050231933594
2012-05-22,41.09840393066406
2012-05-23,41.05659484863281
2012-05-24,41.065895080566406
2012-05-25,40.93583297729492
2012-05-29,41.3863639831543
2012-05-30,41.200565338134766
2012-05-31,40.76400375366211
2012-06-01,40.409793853759766
2012-06-04,40.4425048828125
2012-06-05,40.69950485229492
2012-06-06,41.13413619995117
2012-06-07,41.28833770751953
2012-06-08,41.44721984863281
2012-06-11,41.17619323730469
2012-06-12,41.46593475341797
2012-06-13,41.34444046020508
2012-06-14,41.65286636352539
2012-06-15,41.727657318115234
2012-06-18,41.74163818359375
2012-06-19,42.03607177734375
2012-06-20,42.199649810791016
2012-06-21,41.853816986083984
2012-06-22,42.138893127441406
2012-06-25,42.0734748840332
2012-06-26,42.0126953125
2012-06-27,42.26504898071289
2012-06-28,42.26038360595703
2012-06-29,42.66227340698242
2012-07-02,42.70838928222656
2012-07-03,42.86347579956055
2012-07-05,42.86813735961914
2012-07-06,42.811737060546875
2012-07-09,42.825843811035156
2012-07-10,42.63783645629883
2012-07-11,42.774131774902344
2012-07-12,42.68014144897461
2012-07-13,42.811737060546875
2012-07-16,42.64725112915039
2012-07-17,42.84934616088867
2012-07-18,43.02794647216797
2012-07-19,43.13603591918945
2012-07-20,42.93394470214844
2012-07-23,42.86347579956055
2012-07-24,42.600276947021484
2012-07-25,42.51095199584961
2012-07-26,42.94802474975586
2012-07-27,43.20183563232422
2012-07-30,43.20183563232422
2012-07-31,43.09843444824219
2012-08-01,43.33237838745117
2012-08-02,43.15754318237305
2012-08-03,43.337120056152344
2012-08-06,43.30875778198242
2012-08-07,43.223655700683594
2012-08-08,43.25203323364258
2012-08-09,43.25675964355469
2012-08-10,43.218963623046875
2012-08-13,43.24257278442383
2012-08-14,43.30875778198242
2012-08-15,43.1008186340332
2012-08-16,43.26150894165039
2012-08-17,43.26150894165039
2012-08-20,43.31346893310547
2012-08-21,43.40800094604492
2012-08-22,43.36545944213867
2012-08-23,43.35601806640625
2012-08-24,43.549800872802734
2012-08-27,43.516693115234375
2012-08-28,43.478885650634766
2012-08-29,43.540321350097656
2012-08-30,43.52140808105469
2012-08-31,43.63483810424805
2012-09-04,43.63390350341797
2012-09-05,43.6386604309082
2012-09-06,43.895240783691406
2012-09-07,43.9713134765625
2012-09-10,43.89999008178711
2012-09-11,44.19940948486328
2012-09-12,44.332462310791016
2012-09-13,44.61758041381836
2012-09-14,44.61283874511719
2012-09-17,44.57478713989258
2012-09-18,44.59379196166992
2012-09-19,44.53678512573242
2012-09-20,44.327701568603516
2012-09-21,44.26593017578125
2012-09-24,44.20893096923828
2012-09-25,43.81446075439453
2012-09-26,43.59586715698242
2012-09-27,44.071083068847656
2012-09-28,43.86201858520508
2012-10-01,43.787960052490234
2012-10-02,43.89783477783203
2012-10-03,44.007667541503906
2012-10-04,44.194026947021484
2012-10-05,44.17012405395508
2012-10-08,44.1080207824707
2012-10-09,43.98381042480469
2012-10-10,43.87872314453125
2012-10-11,44.11758804321289
2012-10-12,44.194026947021484
2012-10-15,44.39467239379883
2012-10-16,44.557064056396484
2012-10-17,44.657432556152344
2012-10-18,44.63351821899414
2012-10-19,44.40899658203125
2012-10-22,44.4185676574707
2012-10-23,44.25132369995117
2012-10-24,44.213111877441406
2012-10-25,44.2847785949707
2012-10-26,44.17969512939453
2012-10-31,44.23225784301758
2012-11-01,44.208351135253906
2012-11-02,44.14622497558594
2012-11-05,44.0745735168457
2012-11-06,44.14146423339844
2012-11-07,43.87872314453125
2012-11-08,43.735389709472656
2012-11-09,43.65897750854492
2012-11-12,43.67329406738281
2012-11-13,43.57295227050781
2012-11-14,43.33412170410156
2012-11-15,43.314998626708984
2012-11-16,43.4391975402832
2012-11-19,43.98860168457031
2012-11-20,43.993370056152344
2012-11-21,43.97902297973633
2012-11-23,44.12712097167969
2012-11-26,44.13670349121094
2012-11-27,44.17969512939453
2012-11-28,44.18923568725586
2012-11-29,44.385108947753906
2012-11-30,44.45195007324219
2012-12-03,44.677242279052734
2012-12-04,44.677242279052734
2012-12-05,44.749229431152344
2012-12-06,44.83091735839844
2012-12-07,44.763641357421875
2012-12-10,44.80208206176758
2012-12-11,44.84528732299805
2012-12-12,44.979793548583984
2012-12-13,44.82130813598633
2012-12-14,44.787681579589844
2012-12-17,44.96055603027344
2012-12-18,44.98454284667969
2012-12-19,44.93654251098633
2012-12-20,45.09505081176758
2012-12-21,44.96536636352539
2012-12-24,44.80208206176758
2012-12-26,44.91071319580078
2012-12-27,45.00245666503906
2012-12-28,44.88174819946289
2012-12-31,45.074920654296875
2013-01-02,45.49980163574219
2013-01-03,45.35978317260742
2013-01-04,45.38877868652344
2013-01-07,45.42738342285156
2013-01-08,45.39359664916992
2013-01-09,45.4804801940918
2013-01-10,45.55777359008789
2013-01-11,45.63984298706055
2013-01-14,45.57709503173828
2013-01-15,45.58673858642578
2013-01-16,45.509464263916016
2013-01-17,45.67365264892578
2013-01-18,45.73638916015625
2013-01-22,45.765403747558594
2013-01-23,45.71226501464844
2013-01-24,45.81367492675781
2013-01-25,45.7991828918457
2013-01-28,45.775028228759766
2013-01-29,45.69780349731445
2013-01-30,45.369415283203125
2013-01-31,45.22941207885742
2013-02-01,45.37946701049805
2013-02-04,45.1900634765625
2013-02-05,45.292022705078125
2013-02-06,45.224082946777344
2013-02-07,45.136695861816406
2013-02-08,45.14643478393555
2013-02-11,45.14155578613281
2013-02-12,45.296897888183594
2013-02-13,45.36484146118164
2013-02-14,45.34543228149414
2013-02-15,45.35031509399414
2013-02-19,45.39398956298828
2013-02-20,45.35031509399414
2013-02-21,45.398826599121094
2013-02-22,45.51049041748047
2013-02-25,45.36969757080078
2013-02-26,45.5930061340332
2013-02-27,45.67067337036133
2013-02-28,45.65127182006836
2013-03-01,45.74205780029297
2013-03-04,45.74691390991211
2013-03-05,45.83966064453125
2013-03-06,45.81039047241211
2013-03-07,45.878684997558594
2013-03-08,45.93238830566406
2013-03-11,45.90311050415039
2013-03-12,45.88359069824219
2013-03-13,45.89336395263672
2013-03-14,46.06905746459961
2013-03-15,46.06415557861328
2013-03-18,46.07389450073242
2013-03-19,45.995826721191406
2013-03-20,46.14714813232422
2013-03-21,46.06415557861328
2013-03-22,46.030025482177734
2013-03-25,45.961666107177734
2013-03-26,46.04465103149414
2013-03-27,45.96657180786133
2013-03-28,46.04955291748047
2013-04-01,46.13197326660156
2013-04-02,46.097564697265625
2013-04-03,46.097564697265625
2013-04-04,46.08290481567383
2013-04-05,46.12703323364258
2013-04-08,46.17609405517578
2013-04-09,46.32329559326172
2013-04-10,46.47048568725586
2013-04-11,46.47048568725586
2013-04-12,46.48518753051758
2013-04-15,46.190826416015625
2013-04-16,46.50972366333008
2013-04-17,46.43611145019531
2013-04-18,46.36252975463867
2013-04-19,46.338016510009766
2013-04-22,46.44591522216797
2013-04-23,46.62745666503906
2013-04-24,46.710853576660156
2013-04-25,46.83839797973633
2013-04-26,46.78938293457031
2013-04-29,46.87767028808594
2013-04-30,47.02484130859375
2013-05-01,46.93513488769531
2013-05-02,47.23590087890625
2013-05-03,47.30982208251953
2013-05-06,47.33940124511719
2013-05-07,47.304901123046875
2013-05-08,47.47251510620117
2013-05-09,47.33445358276367
2013-05-10,47.08797836303711
2013-05-13,46.89569091796875
2013-05-14,46.944976806640625
2013-05-15,46.949954986572266
2013-05-16,47.063323974609375
2013-05-17,47.063323974609375
2013-05-20,47.112613677978516
2013-05-21,47.20134353637695
2013-05-22,46.910491943359375
2013-05-23,46.782283782958984
2013-05-24,46.69356155395508
2013-05-28,46.521018981933594
2013-05-29,46.33366012573242
2013-05-30,46.42731857299805
2013-05-31,45.811073303222656
2013-06-03,45.7708854675293
2013-06-04,45.7708854675293
2013-06-05,45.374488830566406
2013-06-06,45.73126983642578
2013-06-07,45.76100158691406
2013-06-10,45.66685104370117
2013-06-11,45.384368896484375
2013-06-12,45.41904067993164
2013-06-13,45.939414978027344
2013-06-14,45.99394989013672
2013-06-17,45.98897171020508
2013-06-18,46.10295486450195
2013-06-19,45.414085388183594
2013-06-20,44.96809387207031
2013-06-21,44.675689697265625
2013-06-24,44.12561798095703
2013-06-25,44.7550163269043
2013-06-26,45.126670837402344
2013-06-27,45.3447265625
2013-06-28,45.03745651245117
2013-07-01,45.28156661987305
2013-07-02,45.1421012878418
2013-07-03,45.24671173095703
2013-07-05,44.76346206665039
2013-07-08,45.38121795654297
2013-07-09,45.40612030029297
2013-07-10,45.58546829223633
2013-07-11,46.15842056274414
2013-07-12,46.11357498168945
2013-07-15,46.30788040161133
2013-07-16,46.193302154541016
2013-07-17,46.53206253051758
2013-07-18,46.81103515625
2013-07-19,46.78119659423828
2013-07-22,46.81601333618164
2013-07-23,46.70146179199219
2013-07-24,46.30788040161133
2013-07-25,46.203243255615234
2013-07-26,46.22315216064453
2013-07-29,46.12355041503906
2013-07-30,46.18830871582031
2013-07-31,46.32283401489258
2013-08-01,45.88374710083008
2013-08-02,46.16412353515625
2013-08-05,45.92881774902344
2013-08-06,45.88374710083008
2013-08-07,45.738582611083984
2013-08-08,45.838722229003906
2013-08-09,45.84370040893555
2013-08-12,45.80366516113281
2013-08-13,45.80366516113281
2013-08-14,45.71351623535156
2013-08-15,45.478240966796875
2013-08-16,45.32304382324219
2013-08-19,45.02265548706055
2013-08-20,45.438209533691406
2013-08-21,45.272987365722656
2013-08-22,45.51830291748047
2013-08-23,45.70853042602539
2013-08-26,45.71351623535156
2013-08-27,45.41816329956055
2013-08-28,45.588375091552734
2013-08-29,45.77362060546875
2013-08-30,45.73357391357422
2013-09-03,45.49200439453125
2013-09-04,45.663124084472656
2013-09-05,45.43162155151367
2013-09-06,45.582576751708984
2013-09-09,45.69835662841797
2013-09-10,45.85939025878906
2013-09-11,45.9197883605957
2013-09-12,45.86443328857422
2013-09-13,45.82918167114258
2013-09-16,46.08086013793945
2013-09-17,46.231834411621094
2013-09-18,46.674705505371094
2013-09-19,46.538814544677734
2013-09-20,46.48344802856445
2013-09-23,46.47846221923828
2013-09-24,46.37778091430664
2013-09-25,46.29726028442383
2013-09-26,46.272098541259766
2013-09-27,46.221778869628906
2013-09-30,46.090911865234375
2013-10-01,46.29069137573242
2013-10-02,46.31089782714844
2013-10-03,46.34123611450195
2013-10-04,46.422157287597656
2013-10-07,46.30076599121094
2013-10-08,46.28059768676758
2013-10-09,46.32100296020508
2013-10-10,46.533451080322266
2013-10-11,46.619407653808594
2013-10-14,46.69022750854492
2013-10-15,46.67503356933594
2013-10-16,46.92282485961914
2013-10-17,47.150421142578125
2013-10-18,47.24652862548828
2013-10-21,47.140323638916016
2013-10-22,47.28193664550781
2013-10-23,47.32239532470703
2013-10-24,47.337581634521484
2013-10-25,47.35274887084961
2013-10-28,47.34261703491211
2013-10-29,47.418487548828125
2013-10-30,47.22631072998047
2013-10-31,47.25157928466797
2013-11-01,47.1702766418457
2013-11-04,47.2515869140625
2013-11-05,47.12455368041992
2013-11-06,47.26173400878906
2013-11-07,47.2922477722168
2013-11-08,47.210941314697266
2013-11-11,47.0330696105957
2013-11-12,46.96702194213867
2013-11-13,47.14486312866211
2013-11-14,47.28207778930664
2013-11-15,47.35321044921875
2013-11-18,47.21603775024414
2013-11-19,47.19568634033203
2013-11-20,47.14995193481445
2013-11-21,47.31257629394531
2013-11-22,47.34814453125
2013-11-25,47.419288635253906
2013-11-26,47.45486831665039
2013-11-27,47.42438888549805
2013-11-29,47.475189208984375
2013-12-02,47.49049758911133
2013-12-03,47.4445686340332
2013-12-04,47.321998596191406
2013-12-05,47.2862548828125
2013-12-06,47.41902542114258
2013-12-09,47.59266662597656
2013-12-10,47.59266662597656
2013-12-11,47.4496955871582
2013-12-12,47.36284255981445
2013-12-13,47.4394645690918
2013-12-16,47.48031234741211
2013-12-17,47.48540496826172
2013-12-18,47.56705856323242
2013-12-19,47.51602554321289
2013-12-20,47.54668045043945
2013-12-23,47.58241271972656
2013-12-24,47.55689239501953
2013-12-26,47.60154342651367
2013-12-27,47.59640884399414
2013-12-30,47.637451171875
2013-12-31,47.66825866699219
2014-01-02,47.7503776550293
2014-01-03,47.734981536865234
2014-01-06,47.837650299072266
2014-01-07,47.837650299072266
2014-01-08,47.8067741394043
2014-01-09,47.87870407104492
2014-01-10,48.02238845825195
2014-01-13,47.971046447753906
2014-01-14,48.042930603027344
2014-01-15,48.14046096801758
2014-01-16,48.119903564453125
2014-01-17,48.1301383972168
2014-01-21,48.1917839050293
2014-01-22,48.119903564453125
2014-01-23,48.058319091796875
2014-01-24,47.74013900756836
2014-01-27,47.72471618652344
2014-01-28,47.93515396118164
2014-01-29,47.79146957397461
2014-01-30,47.8735466003418
2014-01-31,47.8581428527832
2014-02-03,47.71479034423828
2014-02-04,47.771514892578125
2014-02-05,47.771514892578125
2014-02-06,47.941688537597656
2014-02-07,48.18410873413086
2014-02-10,48.2150764465332
2014-02-11,48.297607421875
2014-02-12,48.22023391723633
2014-02-13,48.3594856262207
2014-02-14,48.436859130859375
2014-02-18,48.503944396972656
2014-02-19,48.3801155090332
2014-02-20,48.52969741821289
2014-02-21,48.57097625732422
2014-02-24,48.67927551269531
2014-02-25,48.736026763916016
2014-02-26,48.81851577758789
2014-02-27,48.911354064941406
2014-02-28,48.962955474853516
2014-03-03,48.9178581237793
2014-03-04,49.09408950805664
2014-03-05,49.00593566894531
2014-03-06,48.933414459228516
2014-03-07,48.746829986572266
2014-03-10,48.75202560424805
2014-03-11,48.70018005371094
2014-03-12,48.7830924987793
2014-03-13,48.653499603271484
2014-03-14,48.61724090576172
2014-03-17,48.684627532958984
2014-03-18,48.82976150512695
2014-03-19,48.58097457885742
2014-03-20,48.746829986572266
2014-03-21,48.7157096862793
2014-03-24,48.73127746582031
2014-03-25,48.82976150512695
2014-03-26,48.84012985229492
2014-03-27,48.76755142211914
2014-03-28,48.85051727294922
2014-03-31,48.92303466796875
2014-04-01,49.0141716003418
2014-04-02,48.96210861206055
2014-04-03,48.982940673828125
2014-04-04,49.09748840332031
2014-04-07,48.993343353271484
2014-04-08,49.10795974731445
2014-04-09,49.18601608276367
2014-04-10,49.04545593261719
2014-04-11,48.83709716796875
2014-04-14,48.993343353271484
2014-04-15,49.04545593261719
2014-04-16,49.07147979736328
2014-04-17,49.0141716003418
2014-04-21,49.0141716003418
2014-04-22,49.066253662109375
2014-04-23,49.0819091796875
2014-04-24,49.09230422973633
2014-04-25,49.07667922973633
2014-04-28,49.066253662109375
2014-04-29,49.13920974731445
2014-04-30,49.12875747680664
2014-05-01,49.0780143737793
2014-05-02,49.193115234375
2014-05-05,49.17216110229492
2014-05-06,49.18263626098633
2014-05-07,49.2558708190918
2014-05-08,49.245399475097656
2014-05-09,49.29248809814453
2014-05-12,49.344791412353516
2014-05-13,49.42326354980469
2014-05-14,49.44941711425781
2014-05-15,49.402347564697266
2014-05-16,49.50168991088867
2014-05-19,49.574954986572266
2014-05-20,49.51217269897461
2014-05-21,49.50693893432617
2014-05-22,49.5435791015625
2014-05-23,49.55929183959961
2014-05-27,49.6063346862793
2014-05-28,49.6220703125
2014-05-29,49.669090270996094
2014-05-30,49.721431732177734
2014-06-02,49.56329345703125
2014-06-03,49.56850814819336
2014-06-04,49.56850814819336
2014-06-05,49.689353942871094
2014-06-06,49.83124542236328
2014-06-09,49.889034271240234
2014-06-10,49.862754821777344
2014-06-11,49.8680534362793
2014-06-12,49.836524963378906
2014-06-13,49.89430236816406
2014-06-16,49.8680534362793
2014-06-17,49.83124542236328
2014-06-18,50.05718231201172
2014-06-19,50.046688079833984
2014-06-20,50.09400939941406
2014-06-23,50.08872604370117
2014-06-24,50.046688079833984
2014-06-25,50.12028503417969
2014-06-26,50.0677604675293
2014-06-27,50.0677604675293
2014-06-30,50.025657653808594
2014-07-01,50.03886413574219
2014-07-02,50.07056427001953
2014-07-03,49.996673583984375
2014-07-07,49.959720611572266
2014-07-08,49.97026824951172
2014-07-09,49.93334197998047
2014-07-10,49.78025817871094
2014-07-11,49.86470413208008
2014-07-14,49.84884262084961
2014-07-15,49.76972579956055
2014-07-16,49.69053268432617
2014-07-17,49.34220504760742
2014-07-18,49.54805374145508
2014-07-21,49.46357345581055
2014-07-22,49.53218078613281
2014-07-23,49.62721252441406
2014-07-24,49.71693420410156
2014-07-25,49.63249588012695
2014-07-28,49.48469161987305
2014-07-29,49.4161262512207
2014-07-30,49.21027374267578
2014-07-31,48.80915451049805
2014-08-01,48.80437469482422
2014-08-04,49.10133361816406
2014-08-05,49.005889892578125
2014-08-06,49.122554779052734
2014-08-07,49.15433120727539
2014-08-08,49.30812454223633
2014-08-11,49.54143142700195
2014-08-12,49.53081512451172
2014-08-13,49.67399978637695
2014-08-14,49.769439697265625
2014-08-15,49.87019348144531
2014-08-18,50.013343811035156
2014-08-19,49.997440338134766
2014-08-20,50.03459930419922
2014-08-21,50.03459930419922
2014-08-22,49.9126091003418
2014-08-25,50.018653869628906
2014-08-26,50.0557746887207
2014-08-27,50.008052825927734
2014-08-28,49.9338264465332
2014-08-29,49.970924377441406
2014-09-02,50.0295295715332
2014-09-03,49.90166473388672
2014-09-04,49.73655700683594
2014-09-05,49.67793655395508
2014-09-08,49.630001068115234
2014-09-09,49.40093994140625
2014-09-10,49.422245025634766
2014-09-11,49.422245025634766
2014-09-12,49.36366271972656
2014-09-15,49.273094177246094
2014-09-16,49.374324798583984
2014-09-17,49.53413391113281
2014-09-18,49.550132751464844
2014-09-19,49.624691009521484
2014-09-22,49.53413391113281
2014-09-23,49.28376007080078
2014-09-24,49.13459014892578
2014-09-25,48.79902267456055
2014-09-26,48.76707077026367
2014-09-29,48.66584014892578
2014-09-30,48.980140686035156
2014-10-01,49.034149169921875
2014-10-02,49.13045883178711
2014-10-03,49.29629898071289
2014-10-06,49.34980010986328
2014-10-07,49.16256332397461
2014-10-08,49.39792251586914
2014-10-09,48.87367248535156
2014-10-10,48.477806091308594
2014-10-13,48.237083435058594
2014-10-14,48.3975830078125
2014-10-15,48.40825653076172
2014-10-16,48.681087493896484
2014-10-17,49.0930290222168
2014-10-20,49.44608688354492
2014-10-21,49.8472785949707
2014-10-22,49.52096176147461
2014-10-23,49.49960708618164
2014-10-24,49.638675689697266
2014-10-27,49.43537902832031
2014-10-28,49.51561737060547
2014-10-29,49.47818374633789
2014-10-30,49.456790924072266
2014-10-31,49.49960708618164
2014-11-03,49.603824615478516
2014-11-04,49.44798278808594
2014-11-05,49.43726348876953
2014-11-06,49.566200256347656
2014-11-07,49.61456298828125
2014-11-10,49.63606262207031
2014-11-11,49.7489013671875
2014-11-12,49.58768844604492
2014-11-13,49.38349914550781
2014-11-14,49.136390686035156
2014-11-17,49.13100051879883
2014-11-18,49.0342903137207
2014-11-19,49.02351379394531
2014-11-20,49.028926849365234
2014-11-21,49.29757308959961
2014-11-24,49.29217529296875
2014-11-25,49.3727912902832
2014-11-26,49.43726348876953
2014-11-28,48.96442794799805
2014-12-01,48.47161865234375
2014-12-02,48.7360954284668
2014-12-03,48.81708526611328
2014-12-04,48.784706115722656
2014-12-05,48.74694061279297
2014-12-08,48.49858856201172
2014-12-09,48.47161865234375
2014-12-10,47.91565704345703
2014-12-11,47.742897033691406
2014-12-12,47.09519577026367
2014-12-15,47.06821823120117
2014-12-16,46.9008674621582
2014-12-17,47.856285095214844
2014-12-18,48.239505767822266
2014-12-19,48.703704833984375
2014-12-22,48.584957122802734
2014-12-23,48.757713317871094
2014-12-24,48.923587799072266
2014-12-26,48.77181625366211
2014-12-29,48.79889678955078
2014-12-30,48.70130920410156
2014-12-31,48.57120895385742
2015-01-02,48.57120895385742
2015-01-05,48.121299743652344
2015-01-06,47.93699264526367
2015-01-07,48.23513412475586
2015-01-08,48.59834289550781
2015-01-09,48.84226608276367
2015-01-12,48.782615661621094
2015-01-13,48.782615661621094
2015-01-14,48.66880416870117
2015-01-15,48.37064743041992
2015-01-16,48.554969787597656
2015-01-20,48.468231201171875
2015-01-21,48.7283935546875
2015-01-22,48.79347610473633
2015-01-23,48.79347610473633
2015-01-26,49.015743255615234
2015-01-27,48.97780227661133
2015-01-28,48.87479019165039
2015-01-29,49.048248291015625
2015-01-30,48.9127311706543
2015-02-02,49.10049057006836
2015-02-03,49.37812423706055
2015-02-04,49.1712760925293
2015-02-05,49.459754943847656
2015-02-06,49.497840881347656
2015-02-09,49.37812423706055
2015-02-10,49.546836853027344
2015-02-11,49.53050994873047
2015-02-12,49.52506637573242
2015-02-13,49.59579849243164
2015-02-17,49.56313705444336
2015-02-18,49.73188400268555
2015-02-19,49.61758804321289
2015-02-20,49.753665924072266
2015-02-23,49.79176712036133
2015-02-24,49.84073257446289
2015-02-25,50.00404357910156
2015-02-26,49.9931526184082
2015-02-27,50.00404357910156
2015-03-02,49.9947624206543
2015-03-03,49.852622985839844
2015-03-04,49.759708404541016
2015-03-05,49.852622985839844
2015-03-06,49.535587310791016
2015-03-09,49.43172073364258
2015-03-10,49.24037551879883
2015-03-11,49.37706756591797
2015-03-12,49.475440979003906
2015-03-13,49.30598449707031
2015-03-16,49.25679016113281
2015-03-17,49.010807037353516
2015-03-18,49.44813919067383
2015-03-19,49.05453109741211
2015-03-20,49.43719482421875
2015-03-23,49.475440979003906
2015-03-24,49.55199432373047
2015-03-25,49.4207878112793
2015-03-26,49.415313720703125
2015-03-27,49.453575134277344
2015-03-30,49.59025955200195
2015-03-31,49.530113220214844
2015-04-01,49.63223648071289
2015-04-02,49.67068862915039
2015-04-06,49.79697036743164
2015-04-07,50.060543060302734
2015-04-08,50.049537658691406
2015-04-09,50.00013732910156
2015-04-10,50.115413665771484
2015-04-13,50.022098541259766
2015-04-14,50.0440673828125
2015-04-15,50.241729736328125
2015-04-16,50.13741683959961
2015-04-17,49.983638763427734
2015-04-20,50.09348678588867
2015-04-21,50.12643051147461
2015-04-22,50.07699966430664
2015-04-23,50.060543060302734
2015-04-24,50.14289474487305
2015-04-27,50.159366607666016
2015-04-28,50.08249282836914
2015-04-29,49.98915100097656
2015-04-30,49.961692810058594
2015-05-01,50.07310485839844
2015-05-04,50.062076568603516
2015-05-05,49.995880126953125
2015-05-06,49.84698486328125
2015-05-07,49.841468811035156
2015-05-08,50.2330436706543
2015-05-11,49.918678283691406
2015-05-12,49.91316223144531
2015-05-13,49.841468811035156
2015-05-14,50.084129333496094
2015-05-15,50.19443893432617
2015-05-18,50.1116828918457
2015-05-19,50.03449249267578
2015-05-20,49.97383117675781
2015-05-21,50.045536041259766
2015-05-22,50.084129333496094
2015-05-26,49.97932434082031
2015-05-27,50.089656829833984
2015-05-28,50.06760025024414
2015-05-29,50.13930130004883
2015-06-01,50.22348403930664
2015-06-02,50.129295349121094
2015-06-03,49.85785675048828
2015-06-04,49.69723892211914
2015-06-05,49.54765701293945
2015-06-08,49.54765701293945
2015-06-09,49.46453857421875
2015-06-10,49.531005859375
2015-06-11,49.630714416503906
2015-06-12,49.447933197021484
2015-06-15,49.21524429321289
2015-06-16,49.49223709106445
2015-06-17,49.447933197021484
2015-06-18,49.630714416503906
2015-06-19,49.65846633911133
2015-06-22,49.75812911987305
2015-06-23,49.72489929199219
2015-06-24,49.59193801879883
2015-06-25,49.44237518310547
2015-06-26,49.29835510253906
2015-06-29,48.96044158935547
2015-06-30,49.193119049072266
2015-07-01,49.20143127441406
2015-07-02,49.38506317138672
2015-07-06,49.22368240356445
2015-07-07,49.26265335083008
2015-07-08,49.017822265625
2015-07-09,49.12910842895508
2015-07-10,49.41292190551758
2015-07-13,49.45740509033203
2015-07-14,49.40731430053711
2015-07-15,49.40731430053711
2015-07-16,49.48523712158203
2015-07-17,49.351680755615234
2015-07-20,49.1235237121582
2015-07-21,49.03451156616211
2015-07-22,48.71732711791992
2015-07-23,48.689491271972656
2015-07-24,48.55038070678711
2015-07-27,48.34450149536133
2015-07-28,48.60603713989258
2015-07-29,48.889827728271484
2015-07-30,49.03451156616211
2015-07-31,48.95104217529297
2015-08-03,48.859405517578125
2015-08-04,48.88728713989258
2015-08-05,48.82024002075195
2015-08-06,48.6190185546875
2015-08-07,48.468082427978516
2015-08-10,48.60785675048828
2015-08-11,48.38423156738281
2015-08-12,48.31716537475586
2015-08-13,48.25569152832031
2015-08-14,48.283634185791016
2015-08-17,48.283634185791016
2015-08-18,48.2221565246582
2015-08-19,48.17740249633789
2015-08-20,47.94265365600586
2015-08-21,47.769371032714844
2015-08-24,47.37811279296875
2015-08-25,47.47311782836914
2015-08-26,47.8699836730957
2015-08-27,48.22773742675781
2015-08-28,48.27245330810547
2015-08-31,48.205387115478516
2015-09-01,48.04985809326172
2015-09-02,48.246360778808594
2015-09-03,48.313724517822266
2015-09-04,48.263206481933594
2015-09-08,48.527095794677734
2015-09-09,48.465328216552734
2015-09-10,48.583251953125
2015-09-11,48.56641387939453
2015-09-14,48.482177734375
2015-09-15,48.470951080322266
2015-09-16,48.29688262939453
2015-09-17,48.336181640625
2015-09-18,48.201416015625
2015-09-21,48.111602783203125
2015-09-22,47.763492584228516
2015-09-23,47.679298400878906
2015-09-24,47.443477630615234
2015-09-25,47.202056884765625
2015-09-28,46.47779083251953
2015-09-29,46.47216033935547
2015-09-30,46.76408767700195
2015-10-01,46.46394729614258
2015-10-02,46.50910186767578
2015-10-05,47.0676383972168
2015-10-06,47.3271598815918
2015-10-07,47.81230926513672
2015-10-08,48.009765625
2015-10-09,48.01539993286133
2015-10-12,47.925132751464844
2015-10-13,47.81230926513672
2015-10-14,47.77845001220703
2015-10-15,47.891292572021484
2015-10-16,48.11130905151367
2015-10-19,48.241065979003906
2015-10-20,48.286190032958984
2015-10-21,48.235443115234375
2015-10-22,48.25234603881836
2015-10-23,48.42159652709961
2015-10-26,48.370819091796875
2015-10-27,48.21283721923828
2015-10-28,48.34259796142578
2015-10-29,48.21849822998047
2015-10-30,48.27493667602539
2015-11-02,48.42453384399414
2015-11-03,48.47554397583008
2015-11-04,48.333858489990234
2015-11-05,48.14682388305664
2015-11-06,47.914432525634766
2015-11-09,47.716087341308594
2015-11-10,47.608402252197266
2015-11-11,47.49503707885742
2015-11-12,47.17765808105469
2015-11-13,47.041648864746094
2015-11-16,47.262672424316406
2015-11-17,47.29667663574219
2015-11-18,47.387367248535156
2015-11-19,46.962310791015625
2015-11-20,46.95095443725586
2015-11-23,46.91128158569336
2015-11-24,46.973602294921875
2015-11-25,47.024635314941406
2015-11-27,47.09831619262695
2015-11-30,47.06997299194336
2015-12-01,47.404850006103516
2015-12-02,47.30801010131836
2015-12-03,47.182735443115234
2015-12-04,47.07453918457031
2015-12-07,46.74420166015625
2015-12-08,46.163333892822266
2015-12-09,46.40251541137695
2015-12-10,46.20889663696289
2015-12-11,45.286285400390625
2015-12-14,44.893348693847656
2015-12-15,45.62799072265625
2015-12-16,45.97539138793945
2015-12-17,45.46282958984375
2015-12-18,45.29198455810547
2015-12-21,45.14962387084961
2015-12-22,45.69634246826172
2015-12-23,45.986778259277344
2015-12-24,46.0806770324707
2015-12-28,45.805877685546875
2015-12-29,46.069210052490234
2015-12-30,46.10355758666992
2015-12-31,46.1322135925293
2016-01-04,45.85739517211914
2016-01-05,45.94327163696289
2016-01-06,45.94327163696289
2016-01-07,45.64558410644531
2016-01-08,45.52535629272461
2016-01-11,45.45663833618164
2016-01-12,45.50246810913086
2016-01-13,44.99864196777344
2016-01-14,45.19904327392578
2016-01-15,44.603633880615234
2016-01-19,44.44905090332031
2016-01-20,44.1513557434082
2016-01-21,44.44905090332031
2016-01-22,45.13029861450195
2016-01-25,44.68376541137695
2016-01-26,45.08451843261719
2016-01-27,45.015830993652344
2016-01-28,45.24480438232422
2016-01-29,45.3936653137207
2016-02-01,45.123836517333984
2016-02-02,44.80165100097656
2016-02-03,45.02027130126953
2016-02-04,44.87643051147461
2016-02-05,44.531219482421875
2016-02-08,44.01343536376953
2016-02-09,43.846580505371094
2016-02-10,43.78329086303711
2016-02-11,43.489891052246094
2016-02-12,44.1400146484375
2016-02-16,44.18031311035156
2016-02-17,44.54273223876953
2016-02-18,44.58304214477539
2016-02-19,44.6693229675293
2016-02-22,45.054805755615234
2016-02-23,44.96275329589844
2016-02-24,45.03752899169922
2016-02-25,45.27920150756836
2016-02-26,45.584110260009766
2016-02-29,46.07314682006836
2016-03-01,46.80131912231445
2016-03-02,46.48323059082031
2016-03-03,46.63934326171875
2016-03-04,46.77238464355469
2016-03-07,46.83024597167969
2016-03-08,46.50057601928711
2016-03-09,46.6162109375
2016-03-10,46.94010925292969
2016-03-11,47.50691604614258
2016-03-14,47.37390899658203
2016-03-15,46.93435287475586
2016-03-16,47.24665832519531
2016-03-17,47.54740524291992
2016-03-18,47.65729904174805
2016-03-21,47.605224609375
2016-03-22,47.47797775268555
2016-03-23,47.258243560791016
2016-03-24,47.050018310546875
2016-03-28,46.83604049682617
2016-03-29,47.015281677246094
2016-03-30,47.183048248291016
2016-03-31,47.24665832519531
2016-04-01,47.28094482421875
2016-04-04,47.16472244262695
2016-04-05,46.99040985107422
2016-04-06,47.38551712036133
2016-04-07,47.15312194824219
2016-04-08,47.368080139160156
2016-04-11,47.43201446533203
2016-04-12,47.71090316772461
2016-04-13,48.024723052978516
2016-04-14,48.007286071777344
2016-04-15,47.931732177734375
2016-04-18,48.20482635498047
2016-04-19,48.40818405151367
2016-04-20,48.50117492675781
2016-04-21,48.350101470947266
2016-04-22,48.460506439208984
2016-04-25,48.27455139160156
2016-04-26,48.43724822998047
2016-04-27,48.72195053100586
2016-04-28,48.6406364440918
2016-04-29,48.72195053100586
2016-05-02,48.74062728881836
2016-05-03,48.42543029785156
2016-05-04,48.244510650634766
2016-05-05,48.20362854003906
2016-05-06,48.174434661865234
2016-05-09,48.086883544921875
2016-05-10,48.495487213134766
2016-05-11,48.46046447753906
2016-05-12,48.53633117675781
2016-05-13,48.32036590576172
2016-05-16,48.58888244628906
2016-05-17,48.489646911621094
2016-05-18,48.495487213134766
2016-05-19,48.36123275756836
2016-05-20,48.530513763427734
2016-05-23,48.54219055175781
2016-05-24,48.83403396606445
2016-05-25,48.909908294677734
2016-05-26,48.769813537597656
2016-05-27,48.8515510559082
2016-05-31,48.80485534667969
2016-06-01,48.882266998291016
2016-06-02,48.894012451171875
2016-06-03,48.98200225830078
2016-06-06,49.19899368286133
2016-06-07,49.41602325439453
2016-06-08,49.60371017456055
2016-06-09,49.41016387939453
2016-06-10,49.169677734375
2016-06-13,48.84120178222656
2016-06-14,48.677001953125
2016-06-15,48.70043182373047
2016-06-16,48.729774475097656
2016-06-17,48.75911331176758
2016-06-20,49.046531677246094
2016-06-21,49.23421096801758
2016-06-22,49.2811164855957
2016-06-23,49.64476776123047
2016-06-24,48.82947540283203
2016-06-27,48.12565231323242
2016-06-28,48.729774475097656
2016-06-29,49.34565734863281
2016-06-30,49.679962158203125
2016-07-01,49.77839279174805
2016-07-05,49.495513916015625
2016-07-06,49.713565826416016
2016-07-07,49.77839279174805
2016-07-08,50.43840408325195
2016-07-11,50.46786880493164
2016-07-12,50.60928726196289
2016-07-13,50.46194076538086
2016-07-14,50.562164306640625
2016-07-15,50.46197509765625
2016-07-18,50.63288497924805
2016-07-19,50.49736404418945
2016-07-20,50.62698745727539
2016-07-21,50.55625534057617
2016-07-22,50.78022003173828
2016-07-25,50.5385856628418
2016-07-26,50.3441276550293
2016-07-27,50.49736404418945
2016-07-28,50.28518295288086
2016-07-29,50.332340240478516
2016-08-01,50.04998016357422
2016-08-02,49.978919982910156
2016-08-03,50.2038688659668
2016-08-04,50.52353286743164
2016-08-05,50.63597869873047
2016-08-08,50.84320068359375
2016-08-09,51.0207633972168
2016-08-10,50.92606735229492
2016-08-11,51.05036163330078
2016-08-12,51.091819763183594
2016-08-15,51.2457275390625
2016-08-16,51.1391716003418
2016-08-17,51.21018981933594
2016-08-18,51.411441802978516
2016-08-19,51.257568359375
2016-08-22,51.17466735839844
2016-08-23,51.34635543823242
2016-08-24,51.20425033569336
2016-08-25,51.29900360107422
2016-08-26,51.23978042602539
2016-08-29,51.494346618652344
2016-08-30,51.52394104003906
2016-08-31,51.32268524169922
2016-09-01,51.42430877685547
2016-09-02,51.66214370727539
2016-09-06,51.72157287597656
2016-09-07,51.57891845703125
2016-09-08,51.48378372192383
2016-09-09,50.99032211303711
2016-09-12,51.16868591308594
2016-09-13,50.77634048461914
2016-09-14,50.76444625854492
2016-09-15,51.061702728271484
2016-09-16,51.07357406616211
2016-09-19,51.103294372558594
2016-09-20,51.043853759765625
2016-09-21,51.465946197509766
2016-09-22,51.638343811035156
2016-09-23,51.57891845703125
2016-09-26,51.352996826171875
2016-09-27,51.50163269042969
2016-09-28,51.846435546875
2016-09-29,51.65025329589844
2016-09-30,51.876155853271484
2016-10-03,51.84389114379883
2016-10-04,51.75434494018555
2016-10-05,51.8917121887207
2016-10-06,51.9215202331543
2016-10-07,52.04097366333008
2016-10-10,52.19023513793945
2016-10-11,51.897647857666016
2016-10-12,51.87974166870117
2016-10-13,51.74837875366211
2016-10-14,51.86778259277344
2016-10-17,51.796146392822266
2016-10-18,52.00511932373047
2016-10-19,52.15441131591797
2016-10-20,52.160404205322266
2016-10-21,52.17236328125
2016-10-24,52.20217514038086
2016-10-25,52.17236328125
2016-10-26,51.96333312988281
2016-10-27,51.772254943847656
2016-10-28,51.52146530151367
2016-10-31,51.36619567871094
2016-11-01,51.165863037109375
2016-11-02,50.93790054321289
2016-11-03,50.94991683959961
2016-11-04,50.973907470703125
2016-11-07,51.68769073486328
2016-11-08,51.57372283935547
2016-11-09,51.21383285522461
2016-11-10,50.54203796386719
2016-11-11,50.06815719604492
2016-11-14,50.44007110595703
2016-11-15,51.105857849121094
2016-11-16,50.90193176269531
2016-11-17,50.76395797729492
2016-11-18,50.76395797729492
2016-11-21,51.17185592651367
2016-11-22,51.54972839355469
2016-11-23,51.357818603515625
2016-11-25,51.423763275146484
2016-11-28,51.417781829833984
2016-11-29,51.351776123046875
2016-11-30,51.37581253051758
2016-12-01,51.13539123535156
2016-12-02,51.442657470703125
2016-12-05,51.57522201538086
2016-12-06,51.83427429199219
2016-12-07,52.09341049194336
2016-12-08,52.08736038208008
2016-12-09,52.1114616394043
2016-12-12,52.03916931152344
2016-12-13,52.16568374633789
2016-12-14,51.77406692504883
2016-12-15,51.79815673828125
2016-12-16,51.84638595581055
2016-12-19,51.97889709472656
2016-12-20,52.05122375488281
2016-12-21,52.141605377197266
2016-12-22,52.25400924682617
2016-12-23,52.35074234008789
2016-12-27,52.30239486694336
2016-12-28,52.229827880859375
2016-12-29,52.30239486694336
2016-12-30,52.32052230834961
2017-01-03,52.53816223144531
2017-01-04,52.82227325439453
2017-01-05,52.74370193481445
2017-01-06,52.73160934448242
2017-01-09,52.71949005126953
2017-01-10,52.72553253173828
2017-01-11,52.75578689575195
2017-01-12,52.76787185668945
2017-01-13,52.78598403930664
2017-01-17,52.73160934448242
2017-01-18,52.779930114746094
2017-01-19,52.61067199707031
2017-01-20,52.71349334716797
2017-01-23,52.71349334716797
2017-01-24,52.74970626831055
2017-01-25,52.93712615966797
2017-01-26,52.912967681884766
2017-01-27,52.96127700805664
2017-01-30,52.852500915527344
2017-01-31,52.798091888427734
2017-02-01,52.99363327026367
2017-02-02,53.02394485473633
2017-02-03,53.11504364013672
2017-02-06,53.078609466552734
2017-02-07,52.99968719482422
2017-02-08,53.036094665527344
2017-02-09,53.10895919799805
2017-02-10,53.14541244506836
2017-02-13,53.224327087402344
2017-02-14,53.260738372802734
2017-02-15,53.27899169921875
2017-02-16,53.23645782470703
2017-02-17,53.29112243652344
2017-02-21,53.467185974121094
2017-02-22,53.49147415161133
2017-02-23,53.54004669189453
2017-02-24,53.582576751708984
2017-02-27,53.649322509765625
2017-02-28,53.60683822631836
2017-03-01,53.80443572998047
2017-03-02,53.633670806884766
2017-03-03,53.658050537109375
2017-03-06,53.487281799316406
2017-03-07,53.13970184326172
2017-03-08,52.78599548339844
2017-03-09,52.645751953125
2017-03-10,52.627464294433594
2017-03-13,52.670162200927734
2017-03-14,52.5115966796875
2017-03-15,53.23731231689453
2017-03-16,53.084835052490234
2017-03-17,53.10314178466797
2017-03-20,52.999446868896484
2017-03-21,52.62136459350586
2017-03-22,52.74944305419922
2017-03-23,52.76774597167969
2017-03-24,52.950679779052734
2017-03-27,52.89581298828125
2017-03-28,53.18851089477539
2017-03-29,53.298282623291016
2017-03-30,53.54825973510742
2017-03-31,53.53000259399414
2017-04-03,53.50124740600586
2017-04-04,53.519596099853516
2017-04-05,53.476722717285156
2017-04-06,53.54410171508789
2017-04-07,53.519596099853516
2017-04-10,53.59309768676758
2017-04-11,53.48896408081055
2017-04-12,53.525733947753906
2017-04-13,53.415496826171875
2017-04-17,53.57470703125
2017-04-18,53.56245422363281
2017-04-19,53.51345443725586
2017-04-20,53.69106674194336
2017-04-21,53.648197174072266
2017-04-24,53.899295806884766
2017-04-25,53.99729919433594
2017-04-26,53.948299407958984
2017-04-27,53.98500061035156
2017-04-28,53.966651916503906
2017-05-01,53.99433898925781
2017-05-02,54.01280975341797
2017-05-03,54.06198501586914
2017-05-04,53.77293014526367
2017-05-05,53.86516571044922
2017-05-08,53.92668151855469
2017-05-09,53.889774322509766
2017-05-10,54.1235237121582
2017-05-11,54.129642486572266
2017-05-12,54.11116409301758
2017-05-15,54.23417663574219
2017-05-16,54.31415939331055
2017-05-17,54.07429885864258
2017-05-18,54.13579177856445
2017-05-19,54.23417663574219
2017-05-22,54.400264739990234
2017-05-23,54.394107818603516
2017-05-24,54.48635482788086
2017-05-25,54.443328857421875
2017-05-26,54.47406768798828
2017-05-30,54.52941131591797
2017-05-31,54.52330017089844
2017-06-01,54.68202590942383
2017-06-02,54.712886810302734
2017-06-05,54.663482666015625
2017-06-06,54.57700729370117
2017-06-07,54.46582794189453
2017-06-08,54.50906753540039
2017-06-09,54.55232238769531
2017-06-12,54.64496612548828
2017-06-13,54.7437629699707
2017-06-14,54.74995803833008
2017-06-15,54.53994369506836
2017-06-16,54.44728088378906
2017-06-19,54.61406326293945
2017-06-20,54.42258071899414
2017-06-21,54.107566833496094
2017-06-22,54.25582504272461
2017-06-23,54.47817611694336
2017-06-26,54.55232238769531
2017-06-27,54.37933349609375
2017-06-28,54.601680755615234
2017-06-29,54.46582794189453
2017-06-30,54.595550537109375
2017-07-03,54.568851470947266
2017-07-05,54.525428771972656
2017-07-06,54.3889274597168
2017-07-07,54.33934020996094
2017-07-10,54.4013557434082
2017-07-11,54.36416244506836
2017-07-12,54.71773910522461
2017-07-13,54.76115417480469
2017-07-14,54.91622543334961
2017-07-17,54.93487548828125
2017-07-18,54.95967102050781
2017-07-19,55.05270767211914
2017-07-20,55.0837287902832
2017-07-21,55.040287017822266
2017-07-24,55.0837287902832
2017-07-25,55.10850524902344
2017-07-26,55.18919372558594
2017-07-27,55.14577865600586
2017-07-28,55.15194320678711
2017-07-31,55.15194320678711
2017-08-01,55.206748962402344
2017-08-02,55.2192268371582
2017-08-03,55.11334228515625
2017-08-04,55.12579345703125
2017-08-07,55.10087966918945
2017-08-08,54.86415481567383
2017-08-09,54.65238571166992
2017-08-10,54.3035888671875
2017-08-11,54.39699935913086
2017-08-14,54.68353271484375
2017-08-15,54.70223617553711
2017-08-16,54.70841979980469
2017-08-17,54.40324401855469
2017-08-18,54.48419952392578
2017-08-21,54.54029083251953
2017-08-22,54.7645149230957
2017-08-23,54.770755767822266
2017-08-24,54.851715087890625
2017-08-25,54.95136642456055
2017-08-28,54.95759963989258
2017-08-29,54.889122009277344
2017-08-30,55.03856658935547
2017-08-31,55.18804931640625
2017-09-01,55.244380950927734
2017-09-05,55.11929702758789
2017-09-06,55.081729888916016
2017-09-07,55.088016510009766
2017-09-08,54.912845611572266
2017-09-11,55.088016510009766
2017-09-12,55.15681457519531
2017-09-13,55.175540924072266
2017-09-14,55.250633239746094
2017-09-15,55.30069351196289
2017-09-18,55.27568054199219
2017-09-19,55.33194351196289
2017-09-20,55.32567596435547
2017-09-21,55.25690841674805
2017-09-22,55.313194274902344
2017-09-25,55.3444709777832
2017-09-26,55.413246154785156
2017-09-27,55.43828582763672
2017-09-28,55.43828582763672
2017-09-29,55.51958465576172
2017-10-02,55.49135971069336
2017-10-03,55.591819763183594
2017-10-04,55.53529739379883
2017-10-05,55.60437774658203
2017-10-06,55.52274703979492
2017-10-09,55.5290412902832
2017-10-10,55.573001861572266
2017-10-11,55.51644515991211
2017-10-12,55.453651428222656
2017-10-13,55.47877502441406
2017-10-16,55.51014709472656
2017-10-17,55.591819763183594
2017-10-18,55.64833450317383
2017-10-19,55.6546745300293
2017-10-20,55.70487976074219
2017-10-23,55.64204788208008
2017-10-24,55.64204788208008
2017-10-25,55.48506546020508
2017-10-26,55.41594696044922
2017-10-27,55.56671905517578
2017-10-30,55.55413055419922
2017-10-31,55.56671905517578
2017-11-01,55.51372528076172
2017-11-02,55.482200622558594
2017-11-03,55.48849105834961
2017-11-06,55.49482345581055
2017-11-07,55.33709716796875
2017-11-08,55.091156005859375
2017-11-09,54.8199462890625
2017-11-10,54.93980026245117
2017-11-13,54.90192413330078
2017-11-14,54.66860580444336
2017-11-15,54.66860580444336
2017-11-16,55.20462417602539
2017-11-17,55.166831970214844
2017-11-20,55.179447174072266
2017-11-21,55.29297637939453
2017-11-22,55.381256103515625
2017-11-24,55.41908645629883
2017-11-27,55.24882125854492
2017-11-28,55.41908645629883
2017-11-29,55.34975814819336
2017-11-30,55.36234664916992
2017-12-01,55.3446159362793
2017-12-04,55.325618743896484
2017-12-05,55.293914794921875
2017-12-06,55.2432746887207
2017-12-07,55.26862716674805
2017-12-08,55.325618743896484
2017-12-11,55.338279724121094
2017-12-12,55.31294631958008
2017-12-13,55.3446159362793
2017-12-14,55.23063278198242
2017-12-15,55.23695373535156
2017-12-18,55.293914794921875
2017-12-19,55.17995071411133
2017-12-20,55.224281311035156
2017-12-21,55.28213882446289
2017-12-22,55.333003997802734
2017-12-26,55.41571807861328
2017-12-27,55.44114685058594
2017-12-28,55.41571807861328
2017-12-29,55.4984130859375
2018-01-02,55.54928970336914
2018-01-03,55.81642150878906
2018-01-04,55.911827087402344
2018-01-05,55.949954986572266
2018-01-08,55.90544891357422
2018-01-09,55.73368835449219
2018-01-10,55.612876892089844
2018-01-11,55.797332763671875
2018-01-12,55.701927185058594
2018-01-16,55.670101165771484
2018-01-17,55.67648696899414
2018-01-18,55.619266510009766
2018-01-19,55.67648696899414
2018-01-22,55.72732925415039
2018-01-23,55.89272689819336
2018-01-24,55.810035705566406
2018-01-25,55.77190017700195
2018-01-26,55.81642150878906
2018-01-29,55.619266510009766
2018-01-30,55.42845153808594
2018-01-31,55.5238037109375
2018-02-01,55.41911697387695
2018-02-02,55.067840576171875
2018-02-05,54.761260986328125
2018-02-06,55.0933723449707
2018-02-07,54.88898468017578
2018-02-08,54.40996170043945
2018-02-09,54.256690979003906
2018-02-12,54.62712860107422
2018-02-13,54.454654693603516
2018-02-14,54.55047607421875
2018-02-15,54.991207122802734
2018-02-16,55.2147331237793
2018-02-20,55.023094177246094
2018-02-21,54.77402877807617
2018-02-22,54.812355041503906
2018-02-23,55.176387786865234
2018-02-26,55.27220153808594
2018-02-27,55.12531661987305
2018-02-28,55.042259216308594
2018-03-01,54.67742156982422
2018-03-02,54.985198974609375
2018-03-05,54.985198974609375
2018-03-06,55.06214141845703
2018-03-07,54.9275016784668
2018-03-08,54.99161148071289
2018-03-09,55.19038009643555
2018-03-12,55.10062026977539
2018-03-13,54.9275016784668
2018-03-14,54.86335754394531
2018-03-15,54.90182113647461
2018-03-16,55.01724624633789
2018-03-19,54.79282760620117
2018-03-20,54.90182113647461
2018-03-21,54.92106246948242
2018-03-22,54.59404373168945
2018-03-23,54.45296096801758
2018-03-26,54.80564498901367
2018-03-27,54.75437927246094
2018-03-28,54.728721618652344
2018-03-29,54.9146614074707
2018-04-02,54.70157241821289
2018-04-03,54.85606002807617
2018-04-04,54.9783935546875
2018-04-05,55.023468017578125
2018-04-06,54.901145935058594
2018-04-09,55.10716247558594
2018-04-10,55.3067741394043
2018-04-11,55.32608413696289
2018-04-12,55.525672912597656
2018-04-13,55.55787658691406
2018-04-16,55.64155197143555
2018-04-17,55.66731262207031
2018-04-18,55.609378814697266
2018-04-19,55.435543060302734
2018-04-20,55.30032730102539
2018-04-23,55.15227127075195
2018-04-24,55.04279327392578
2018-04-25,55.0491943359375
2018-04-26,55.24237823486328
2018-04-27,55.21663284301758
2018-04-30,55.178001403808594
2018-05-01,55.2187385559082
2018-05-02,55.19932174682617
2018-05-03,55.192848205566406
2018-05-04,55.23164367675781
2018-05-07,55.28340148925781
2018-05-08,55.19932174682617
2018-05-09,55.289859771728516
2018-05-10,55.451507568359375
2018-05-11,55.432106018066406
2018-05-14,55.44499588012695
2018-05-15,55.17347717285156
2018-05-16,55.24461364746094
2018-05-17,55.27693176269531
2018-05-18,55.2187385559082
2018-05-21,55.296321868896484
2018-05-22,55.33512878417969
2018-05-23,55.380367279052734
2018-05-24,55.412723541259766
2018-05-25,55.322200775146484
2018-05-29,55.08942413330078
2018-05-30,55.25752639770508
2018-05-31,55.2057991027832
2018-06-01,55.33182144165039
2018-06-04,55.448707580566406
2018-06-05,55.51365661621094
2018-06-06,55.650081634521484
2018-06-07,55.669551849365234
2018-06-08,55.63707733154297
2018-06-11,55.740970611572266
2018-06-12,55.78647232055664
2018-06-13,55.8059196472168
2018-06-14,55.96830749511719
2018-06-15,55.935855865478516
2018-06-18,55.92938232421875
2018-06-19,55.851417541503906
2018-06-20,55.90989685058594
2018-06-21,55.79296112060547
2018-06-22,55.79945755004883
2018-06-25,55.669551849365234
2018-06-26,55.66306686401367
2018-06-27,55.546138763427734
2018-06-28,55.3902702331543
2018-06-29,55.26039505004883
2018-07-02,55.31321716308594
2018-07-03,55.319732666015625
2018-07-05,55.52851867675781
2018-07-06,55.672054290771484
2018-07-09,55.756858825683594
2018-07-10,55.76337432861328
2018-07-11,55.67854309082031
2018-07-12,55.8547477722168
2018-07-13,55.8547477722168
2018-07-16,55.81561279296875
2018-07-17,55.83517074584961
2018-07-18,55.86124038696289
2018-07-19,55.83517074584961
2018-07-20,55.86124038696289
2018-07-23,55.84169006347656
2018-07-24,55.95909881591797
2018-07-25,56.06351852416992
2018-07-26,56.07003402709961
2018-07-27,56.05045700073242
2018-07-30,56.07003402709961
2018-07-31,56.187477111816406
2018-08-01,56.23792266845703
2018-08-02,56.27066421508789
2018-08-03,56.31653594970703
2018-08-06,56.4213981628418
2018-08-07,56.44758224487305
2018-08-08,56.414833068847656
2018-08-09,56.375511169433594
2018-08-10,56.27719497680664
2018-08-13,56.23792266845703
2018-08-14,56.33621597290039
2018-08-15,56.23792266845703
2018-08-16,56.30998992919922
2018-08-17,56.375511169433594
2018-08-20,56.4017219543457
2018-08-21,56.486900329589844
2018-08-22,56.506534576416016
2018-08-23,56.50001525878906
2018-08-24,56.598289489746094
2018-08-27,56.617950439453125
2018-08-28,56.591766357421875
2018-08-29,56.55899429321289
2018-08-30,56.51310729980469
2018-08-31,56.58518981933594
2018-09-04,56.467403411865234
2018-09-05,56.40815353393555
2018-09-06,56.454246520996094
2018-09-07,56.39502716064453
2018-09-10,56.50688171386719
2018-09-11,56.52000427246094
2018-09-12,56.65163040161133
2018-09-13,56.75694274902344
2018-09-14,56.80957794189453
2018-09-17,56.77009963989258
2018-09-18,56.76354217529297
2018-09-19,56.65824508666992
2018-09-20,56.73720169067383
2018-09-21,56.750335693359375
2018-09-24,56.724037170410156
2018-09-25,56.67795181274414
2018-09-26,56.73720169067383
2018-09-27,56.842491149902344
2018-09-28,56.88199234008789
2018-10-01,57.04657745361328
2018-10-02,57.00031280517578
2018-10-03,56.84827423095703
2018-10-04,56.63674545288086
2018-10-05,56.385520935058594
2018-10-08,56.25994110107422
2018-10-09,56.345863342285156
2018-10-10,55.94264221191406
2018-10-11,55.988929748535156
2018-10-12,56.28638458251953
2018-10-15,56.24671936035156
2018-10-16,56.438438415527344
2018-10-17,56.32603073120117
2018-10-18,56.08806610107422
2018-10-19,56.121124267578125
2018-10-22,56.147579193115234
2018-10-23,56.09468078613281
2018-10-24,55.81706619262695
2018-10-25,55.929439544677734
2018-10-26,55.67824935913086
2018-10-29,55.625370025634766
2018-10-30,55.757545471191406
2018-10-31,55.757545471191406
2018-11-01,56.01332092285156
2018-11-02,55.98011779785156
2018-11-05,56.02663803100586
2018-11-06,56.172733306884766
2018-11-07,56.49827194213867
2018-11-08,56.358768463134766
2018-11-09,56.039894104003906
2018-11-12,55.6944694519043
2018-11-13,55.6014404296875
2018-11-14,55.495174407958984
2018-11-15,55.481876373291016
2018-11-16,55.315799713134766
2018-11-19,55.14308547973633
2018-11-20,54.97038269042969
2018-11-21,55.24937438964844
2018-11-23,54.94380187988281
2018-11-26,55.202877044677734
2018-11-27,55.176326751708984
2018-11-28,55.634674072265625
2018-11-29,55.64794158935547
2018-11-30,55.535003662109375
2018-12-03,55.919376373291016
2018-12-04,55.57240295410156
2018-12-06,55.37889099121094
2018-12-07,55.2721061706543
2018-12-10,55.31216812133789
2018-12-11,55.4122428894043
2018-12-12,55.59242630004883
2018-12-13,55.72587585449219
2018-12-14,55.49233627319336
2018-12-17,55.13199234008789
2018-12-18,55.032073974609375
2018-12-19,54.53593444824219
2018-12-20,54.05990219116211
2018-12-21,53.791709899902344
2018-12-24,53.389434814453125
2018-12-26,54.2878532409668
2018-12-27,54.25434494018555
2018-12-28,54.33482360839844
2018-12-31,54.3750114440918
2019-01-02,54.30125045776367
2019-01-03,54.32807922363281
2019-01-04,55.23991012573242
2019-01-07,55.776283264160156
2019-01-08,56.13837814331055
2019-01-09,56.20539855957031
2019-01-10,56.4266357421875
2019-01-11,56.245628356933594
2019-01-14,56.0645866394043
2019-01-15,56.2523078918457
2019-01-16,56.3394775390625
2019-01-17,56.49369430541992
2019-01-18,56.65459442138672
2019-01-22,56.279144287109375
2019-01-23,56.39314270019531
2019-01-24,56.453460693359375
2019-01-25,56.59425735473633
2019-01-28,56.50711441040039
2019-01-29,56.473602294921875
2019-01-30,56.92279815673828
2019-01-31,57.0636100769043
2019-02-01,57.03596878051758
2019-02-04,57.170692443847656
2019-02-05,57.37273025512695
2019-02-06,57.318878173828125
2019-02-07,57.12357711791992
2019-02-08,57.11008071899414
2019-02-11,57.13705062866211
2019-02-12,57.413169860839844
2019-02-13,57.33235168457031
2019-02-14,57.33905792236328
2019-02-15,57.52092361450195
2019-02-19,57.54115295410156
2019-02-20,57.58827590942383
2019-02-21,57.53440475463867
2019-02-22,57.64891052246094
2019-02-25,57.696067810058594
2019-02-26,57.7701416015625
2019-02-27,57.79033660888672
2019-02-28,57.75667953491211
2019-03-01,57.920433044433594
2019-03-04,57.832435607910156
2019-03-05,57.805381774902344
2019-03-06,57.71066665649414
2019-03-07,57.670074462890625
2019-03-08,57.57537078857422
2019-03-11,57.76482009887695
2019-03-12,57.86629104614258
2019-03-13,58.021881103515625
2019-03-14,57.98126220703125
2019-03-15,58.035396575927734
2019-03-18,58.0151481628418
2019-03-19,58.048973083496094
2019-03-20,58.299293518066406
2019-03-21,58.2857551574707
2019-03-22,58.07599639892578
2019-03-25,58.05571746826172
2019-03-26,58.19780349731445
2019-03-27,58.23836898803711
2019-03-28,58.353416442871094
2019-03-29,58.50226593017578
2019-04-01,58.487972259521484
2019-04-02,58.515167236328125
2019-04-03,58.5355224609375
2019-04-04,58.62385559082031
2019-04-05,58.73262023925781
2019-04-08,58.698646545410156
2019-04-09,58.65789031982422
2019-04-10,58.91608428955078
2019-04-11,59.004398345947266
2019-04-12,59.09275817871094
2019-04-15,59.052001953125
2019-04-16,59.01799011230469
2019-04-17,58.875301361083984
2019-04-18,58.90250778198242
2019-04-22,58.8005485534668
2019-04-23,59.004398345947266
2019-04-24,58.922874450683594
2019-04-25,58.950077056884766
2019-04-26,59.099552154541016
2019-04-29,59.0723876953125
2019-04-30,59.07916259765625
2019-05-01,58.8853759765625
2019-05-02,58.926334381103516
2019-05-03,59.07645034790039
2019-05-06,59.10374450683594
2019-05-07,58.74885940551758
2019-05-08,58.769378662109375
2019-05-09,58.680633544921875
2019-05-10,58.84443283081055
2019-05-13,58.305301666259766
2019-05-14,58.434993743896484
2019-05-15,58.489559173583984
2019-05-16,58.66700744628906
2019-05-17,58.64651107788086
2019-05-20,58.59195327758789
2019-05-21,58.77618408203125
2019-05-22,58.82395935058594
2019-05-23,58.5305061340332
2019-05-24,58.448612213134766
2019-05-28,58.394046783447266
2019-05-29,58.23707962036133
2019-05-30,58.35990524291992
2019-05-31,57.93682861328125
2019-06-03,58.03004837036133
2019-06-04,58.612754821777344
2019-06-05,58.74985122680664
2019-06-06,58.87325668334961
2019-06-07,59.024085998535156
2019-06-10,59.113197326660156
2019-06-11,59.19546127319336
2019-06-12,59.058349609375
2019-06-13,59.19546127319336
2019-06-14,59.15432357788086
2019-06-17,59.0651969909668
2019-06-18,59.47653579711914
2019-06-19,59.75758743286133
2019-06-20,60.059207916259766
2019-06-21,59.867305755615234
2019-06-24,59.86041259765625
2019-06-25,59.60681915283203
2019-06-26,59.579345703125
2019-06-27,59.7438850402832
2019-06-28,59.76442337036133
2019-07-01,59.78233337402344
2019-07-02,59.913169860839844
2019-07-03,60.140411376953125
2019-07-05,59.899375915527344
2019-07-08,59.78233337402344
2019-07-09,59.71348190307617
2019-07-10,59.87873077392578
2019-07-11,59.76165008544922
2019-07-12,59.85811233520508
2019-07-15,59.899375915527344
2019-07-16,59.77547073364258
2019-07-17,59.69971466064453
2019-07-18,59.72724533081055
2019-07-19,59.623966217041016
2019-07-22,59.82365036010742
2019-07-23,59.92693328857422
2019-07-24,59.975128173828125
2019-07-25,59.89250946044922
2019-07-26,60.02332305908203
2019-07-29,59.933815002441406
2019-07-30,59.961387634277344
2019-07-31,59.85811233520508
2019-08-01,59.8283576965332
2019-08-02,59.73847198486328
2019-08-05,59.11612319946289
2019-08-06,59.49644088745117
2019-08-07,59.489532470703125
2019-08-08,59.724605560302734
2019-08-09,59.64164733886719
2019-08-12,59.43418884277344
2019-08-13,59.696983337402344
2019-08-14,59.16451644897461
2019-08-15,59.337345123291016
2019-08-16,59.537940979003906
2019-08-19,59.71080017089844
2019-08-20,59.759185791015625
2019-08-21,60.0150260925293
2019-08-22,60.12570571899414
2019-08-23,59.84908676147461
2019-08-26,60.14643096923828
2019-08-27,60.11880874633789
2019-08-28,60.264007568359375
2019-08-29,60.32622146606445
2019-08-30,60.270912170410156
2019-09-03,60.09799575805664
2019-09-04,60.22296905517578
2019-09-05,60.459144592285156
2019-09-06,60.51467514038086
2019-09-09,60.5771598815918
2019-09-10,60.61189270019531
2019-09-11,60.60492706298828
2019-09-12,60.639678955078125
2019-09-13,60.528564453125
2019-09-16,60.74383544921875
2019-09-17,60.778560638427734
2019-09-18,60.74383544921875
2019-09-19,60.67440414428711
2019-09-20,60.7507438659668
2019-09-23,60.72299575805664
2019-09-24,60.639678955078125
2019-09-25,60.5771598815918
2019-09-26,60.535491943359375
2019-09-27,60.466068267822266
2019-09-30,60.535491943359375
2019-10-01,60.396080017089844
2019-10-02,60.040443420410156
2019-10-03,60.07529830932617
2019-10-04,60.26358413696289
2019-10-07,60.214744567871094
2019-10-08,59.991661071777344
2019-10-09,60.17291259765625
2019-10-10,60.2496452331543
2019-10-11,60.500640869140625
2019-10-14,60.54249572753906
2019-10-15,60.674949645996094
2019-10-16,60.626129150390625
2019-10-17,60.709815979003906
2019-10-18,60.72377014160156
2019-10-21,60.74468231201172
2019-10-22,60.75860595703125
2019-10-23,60.81437683105469
2019-10-24,60.88414001464844
2019-10-25,60.93293380737305
2019-10-28,60.92593765258789
2019-10-29,60.81437683105469
2019-10-30,60.73771667480469
2019-10-31,60.52851867675781
2019-11-01,60.78828048706055
2019-11-04,60.91429901123047
2019-11-05,60.8513069152832
2019-11-06,60.781272888183594
2019-11-07,60.75328826904297
2019-11-08,60.80928039550781
2019-11-11,60.774261474609375
2019-11-12,60.78828048706055
2019-11-13,60.725276947021484
2019-11-14,60.69026565551758
2019-11-15,60.87232208251953
2019-11-18,60.79531478881836
2019-11-19,60.5782356262207
2019-11-20,60.452213287353516
2019-11-21,60.46619415283203
2019-11-22,60.6972770690918
2019-11-25,60.8582878112793
2019-11-26,60.928321838378906
2019-11-27,61.005367279052734
2019-11-29,60.87232208251953
2019-12-02,60.830810546875
2019-12-03,60.746463775634766
2019-12-04,60.92926788330078
2019-12-05,61.02062225341797
2019-12-06,61.1049690246582
2019-12-09,61.1049690246582
2019-12-10,61.25260925292969
2019-12-11,61.37910842895508
2019-12-12,61.51973342895508
2019-12-13,61.58296585083008
2019-12-16,61.70246505737305
2019-12-17,61.892276763916016
2019-12-18,62.00468826293945
2019-12-19,61.97226333618164
2019-12-20,61.88056564331055
2019-12-23,61.90878677368164
2019-12-24,61.95814514160156
2019-12-26,62.04985046386719
2019-12-27,62.0216178894043
2019-12-30,61.979305267333984
2019-12-31,62.035728454589844
2020-01-02,62.2967643737793
2020-01-03,62.233280181884766
2020-01-06,62.1697883605957
2020-01-07,62.11336898803711
2020-01-08,62.1697883605957
2020-01-09,62.332027435302734
2020-01-10,62.35318374633789
2020-01-13,62.35318374633789
2020-01-14,62.34614181518555
2020-01-15,62.360233306884766
2020-01-16,62.38143539428711
2020-01-17,62.332027435302734
2020-01-21,62.1980094909668
2020-01-22,62.31090545654297
2020-01-23,62.12039566040039
2020-01-24,61.85942077636719
2020-01-27,61.44318389892578
2020-01-28,61.97226333618164
2020-01-29,61.936981201171875
2020-01-30,62.000484466552734
2020-01-31,61.74652862548828
2020-02-03,61.736595153808594
2020-02-04,62.1049690246582
2020-02-05,62.360015869140625
2020-02-06,62.409576416015625
2020-02-07,62.31748962402344
2020-02-10,62.4024772644043
2020-02-11,62.44499969482422
2020-02-12,62.60792541503906
2020-02-13,62.62919998168945
2020-02-14,62.622074127197266
2020-02-18,62.49458312988281
2020-02-19,62.52292251586914
2020-02-20,62.62919998168945
2020-02-21,62.572505950927734
2020-02-24,61.89952850341797
2020-02-25,61.467445373535156
2020-02-26,61.53118896484375
2020-02-27,60.70236587524414
2020-02-28,60.95029830932617
2020-03-02,61.412784576416016
2020-03-03,61.14951705932617
2020-03-04,61.98912811279297
2020-03-05,61.20644760131836
2020-03-06,60.5162353515625
2020-03-09,57.91203308105469
2020-03-10,58.80145263671875
2020-03-11,57.52068328857422
2020-03-12,55.222389221191406
2020-03-13,56.95856857299805
2020-03-16,53.82780838012695
2020-03-17,54.333003997802734
2020-03-18,51.93510437011719
2020-03-19,50.768184661865234
2020-03-20,49.62975311279297
2020-03-23,48.83280944824219
2020-03-24,50.846466064453125
2020-03-25,52.27665328979492
2020-03-26,54.66740798950195
2020-03-27,54.80970001220703
2020-03-30,55.27935028076172
2020-03-31,54.83817672729492
2020-04-01,53.33287811279297
2020-04-02,53.747650146484375
2020-04-03,52.59630584716797
2020-04-06,53.8763542175293
2020-04-07,53.8763542175293
2020-04-08,55.277984619140625
2020-04-09,58.89642333984375
2020-04-13,58.052608489990234
2020-04-14,58.295738220214844
2020-04-15,57.75227355957031
2020-04-16,57.695037841796875
2020-04-17,57.98824691772461
2020-04-20,57.11579513549805
2020-04-21,56.07173538208008
2020-04-22,56.565162658691406
2020-04-23,56.53657150268555
2020-04-24,56.00740051269531
2020-04-27,56.23624038696289
2020-04-28,56.4078483581543
2020-04-29,57.401832580566406
2020-04-30,57.516258239746094
2020-05-01,56.52415084838867
2020-05-04,56.44511413574219
2020-05-05,56.933631896972656
2020-05-06,56.610355377197266
2020-05-07,56.754032135009766
2020-05-08,57.2928466796875
2020-05-11,57.03422546386719
2020-05-12,56.9623908996582
2020-05-13,56.66063690185547
2020-05-14,56.46665954589844
2020-05-15,56.54570770263672
2020-05-18,57.54428482055664
2020-05-19,57.616111755371094
2020-05-20,58.226802825927734
2020-05-21,58.212379455566406
2020-05-22,58.35610580444336
2020-05-26,58.79429244995117
2020-05-27,58.91644287109375
2020-05-28,58.973915100097656
2020-05-29,59.21098327636719
2020-06-01,59.65885543823242
2020-06-02,60.250244140625
2020-06-03,60.531532287597656
2020-06-04,60.343997955322266
2020-06-05,60.913780212402344
2020-06-08,60.98588562011719
2020-06-09,60.509864807128906
2020-06-10,60.42336654663086
2020-06-11,58.872737884521484
2020-06-12,59.45692825317383
2020-06-15,60.033870697021484
2020-06-16,60.27907180786133
2020-06-17,59.99781036376953
2020-06-18,59.976200103759766
2020-06-19,59.774253845214844
2020-06-22,59.73094940185547
2020-06-23,59.81752014160156
2020-06-24,59.20449447631836
2020-06-25,59.22612380981445
2020-06-26,58.6635856628418
2020-06-29,58.33180618286133
2020-06-30,58.86554718017578
2020-07-01,59.04875564575195
2020-07-02,59.48332595825195
2020-07-06,59.91064453125
2020-07-07,59.512271881103516
2020-07-08,59.671634674072266
2020-07-09,59.54124450683594
2020-07-10,59.7440185546875
2020-07-13,59.41813278198242
2020-07-14,59.92512130737305
2020-07-15,60.265525817871094
2020-07-16,60.323455810546875
2020-07-17,60.49000930786133
2020-07-20,60.8521842956543
2020-07-21,61.13462448120117
2020-07-22,61.25776672363281
2020-07-23,61.214298248291016
2020-07-24,61.272216796875
2020-07-27,61.41706085205078
2020-07-28,61.25776672363281
2020-07-29,61.598148345947266
2020-07-30,61.7285270690918
2020-07-31,61.844398498535156
2020-08-03,61.85966110229492
2020-08-04,61.83783721923828
2020-08-05,61.946922302246094
2020-08-06,62.08509063720703
2020-08-07,61.93241500854492
2020-08-10,61.96148681640625
2020-08-11,61.401554107666016
2020-08-12,61.416107177734375
2020-08-13,61.248836517333984
2020-08-14,61.139774322509766
2020-08-17,61.503379821777344
2020-08-18,61.597900390625
2020-08-19,61.423397064208984
2020-08-20,61.626991271972656
2020-08-21,61.61971664428711
2020-08-24,61.90329360961914
2020-08-25,61.96873092651367
2020-08-26,61.96148681640625
2020-08-27,61.86695861816406
2020-08-28,61.9178581237793
2020-08-31,61.83058547973633
2020-09-01,62.167152404785156
2020-09-02,62.24015808105469
2020-09-03,61.85322570800781
2020-09-04,61.68528366088867
2020-09-08,61.34217071533203
2020-09-09,61.82400131225586
2020-09-10,61.53196334838867
2020-09-11,61.656105041503906
2020-09-14,61.59040069580078
2020-09-15,61.7583122253418
2020-09-16,61.7583122253418
2020-09-17,61.69257354736328
2020-09-18,61.539249420166016
2020-09-21,61.04281234741211
2020-09-22,61.25453186035156
2020-09-23,60.63395309448242
2020-09-24,60.67048263549805
2020-09-25,60.56095886230469
2020-09-28,60.9552001953125
2020-09-29,61.00628662109375
2020-09-30,61.25453186035156
2020-10-01,61.464962005615234
2020-10-02,61.464962005615234
2020-10-05,61.92685317993164
2020-10-06,61.78758239746094
2020-10-07,62.007545471191406
2020-10-08,62.14686965942383
2020-10-09,62.2861442565918
2020-10-12,62.601444244384766
2020-10-13,62.32281494140625
2020-10-14,62.168861389160156
2020-10-15,62.12486267089844
2020-10-16,62.05153274536133
2020-10-19,61.831573486328125
2020-10-20,62.05153274536133
2020-10-21,62.0442008972168
2020-10-22,62.154205322265625
2020-10-23,62.22749710083008
2020-10-26,61.67760467529297
2020-10-27,61.706912994384766
2020-10-28,61.19367980957031
2020-10-29,61.369659423828125
2020-10-30,61.50161361694336
2020-11-02,61.64814376831055
2020-11-03,62.1783447265625
2020-11-04,62.76007080078125
2020-11-05,62.98095703125
2020-11-06,62.76007080078125
2020-11-09,63.238704681396484
2020-11-10,63.15032958984375
2020-11-11,63.128238677978516
2020-11-12,62.70118713378906
2020-11-13,62.91471481323242
2020-11-16,63.26816940307617
2020-11-17,63.29023742675781
2020-11-18,63.17241287231445
2020-11-19,63.385963439941406
2020-11-20,63.26816940307617
2020-11-23,63.3639030456543
2020-11-24,63.55535888671875
2020-11-25,63.52584457397461
2020-11-27,63.62898635864258
2020-11-30,63.562686920166016
2020-12-01,63.72608184814453
2020-12-02,63.90353775024414
2020-12-03,63.940494537353516
2020-12-04,64.20663452148438
2020-12-07,64.17707061767578
2020-12-08,64.12525939941406
2020-12-09,64.02918243408203
2020-12-10,64.1474838256836
2020-12-11,64.08091735839844
2020-12-14,64.09571075439453
2020-12-15,64.29532623291016
2020-12-16,64.19921875
2020-12-17,64.29495239257812
2020-12-18,64.34693908691406
2020-12-21,64.1168212890625
2020-12-22,64.19845581054688
2020-12-23,64.48799133300781
2020-12-24,64.62165069580078
2020-12-28,64.70327758789062
2020-12-29,64.62165069580078
2020-12-30,64.7552261352539
2020-12-31,64.80719757080078
2021-01-04,64.67359161376953
2021-01-05,64.69586944580078
2021-01-06,64.57707214355469
2021-01-07,64.7626724243164
2021-01-08,64.85916900634766
2021-01-11,64.51029968261719
2021-01-12,64.59191131591797
2021-01-13,64.78492736816406
2021-01-14,64.77010345458984
2021-01-15,64.66617584228516
2021-01-19,64.85173797607422
2021-01-20,64.9705581665039
2021-01-21,64.93342590332031
2021-01-22,64.80719757080078
2021-01-25,64.82207489013672
2021-01-26,64.72557830810547
2021-01-27,64.53996276855469
2021-01-28,64.73294830322266
2021-01-29,64.5622329711914
2021-02-01,64.7693862915039
2021-02-02,64.92582702636719
2021-02-03,64.97799682617188
2021-02-04,65.11211395263672
2021-02-05,65.20899200439453
2021-02-08,65.40269470214844
2021-02-09,65.28345489501953
2021-02-10,65.2685546875
2021-02-11,65.2983627319336
2021-02-12,65.40269470214844
2021-02-16,65.2983627319336
2021-02-17,65.2760238647461
2021-02-18,65.18659973144531
2021-02-19,65.1940689086914
2021-02-22,64.99286651611328
2021-02-23,65.14936828613281
2021-02-24,65.2164306640625
2021-02-25,64.59797668457031
2021-02-26,64.404296875
2021-03-01,65.1273422241211
2021-03-02,65.03011322021484
2021-03-03,64.8207778930664
2021-03-04,64.57403564453125
2021-03-05,64.7684326171875
2021-03-08,64.29734802246094
2021-03-09,64.3870620727539
2021-03-10,64.5889892578125
2021-03-11,64.82825469970703
2021-03-12,64.64879608154297
2021-03-15,64.65626525878906
2021-03-16,64.50672149658203
2021-03-17,64.59645080566406
2021-03-18,64.10295867919922
2021-03-19,64.3497085571289
2021-03-22,64.58149719238281
2021-03-23,64.64879608154297
2021-03-24,64.68614959716797
2021-03-25,64.7983627319336
2021-03-26,64.99271392822266
2021-03-29,65.03011322021484
2021-03-30,64.87310791015625
2021-03-31,65.18716430664062
2021-04-01,65.32520294189453
2021-04-05,65.355224609375
2021-04-06,65.4677505493164
2021-04-07,65.44525146484375
2021-04-08,65.4677505493164
2021-04-09,65.42271423339844
2021-04-12,65.355224609375
2021-04-13,65.40023040771484
2021-04-14,65.37020874023438
2021-04-15,65.63279724121094
2021-04-16,65.49774932861328
2021-04-19,65.39273071289062
2021-04-20,65.28018951416016
2021-04-21,65.49774932861328
2021-04-22,65.37773132324219
2021-04-23,65.55029296875
2021-04-26,65.52027130126953
2021-04-27,65.43022918701172
2021-04-28,65.55779266357422
2021-04-29,65.63279724121094
2021-04-30,65.60279083251953
2021-05-03,65.6283950805664
2021-05-04,65.59075164794922
2021-05-05,65.71871948242188
2021-05-06,65.6961441040039
2021-05-07,65.74132537841797
2021-05-10,65.59075164794922
2021-05-11,65.52299499511719
2021-05-12,65.2068099975586
2021-05-13,65.44019317626953
2021-05-14,65.65097045898438
2021-05-17,65.53053283691406
2021-05-18,65.3724365234375
2021-05-19,65.19927978515625
2021-05-20,65.47785949707031
2021-05-21,65.57569885253906
2021-05-24,65.65097045898438
2021-05-25,65.65852355957031
2021-05-26,65.68109893798828
2021-05-27,65.65097045898438
2021-05-28,65.6283950805664
2021-06-01,65.82552337646484
2021-06-02,65.90862274169922
2021-06-03,65.77267456054688
2021-06-04,65.91616821289062
2021-06-07,65.93885040283203
2021-06-08,65.98416137695312
2021-06-09,66.03700256347656
2021-06-10,66.15788269042969
2021-06-11,66.1805191040039
2021-06-14,66.12010192871094
2021-06-15,66.11254119873047
2021-06-16,66.02193450927734
2021-06-17,66.06721496582031
2021-06-18,66.03700256347656
2021-06-21,66.16541290283203
2021-06-22,66.21075439453125
2021-06-23,66.14273834228516
2021-06-24,66.34671020507812
2021-06-25,66.4146728515625
2021-06-28,66.40711975097656
2021-06-29,66.4902114868164
2021-06-30,66.49775695800781
2021-07-01,66.62809753417969
2021-07-02,66.73421478271484
2021-07-06,66.69630432128906
2021-07-07,66.71902465820312
2021-07-08,66.57505798339844
2021-07-09,66.68873596191406
2021-07-12,66.6659927368164
2021-07-13,66.46897888183594
2021-07-14,66.57505798339844
2021-07-15,66.52960205078125
2021-07-16,66.43864440917969
2021-07-19,65.99153900146484
2021-07-20,66.32500457763672
2021-07-21,66.48413848876953
2021-07-22,66.52203369140625
2021-07-23,66.65084838867188
2021-07-26,66.55232238769531
2021-07-27,66.46137237548828
2021-07-28,66.51444244384766
2021-07-29,66.6584243774414
2021-07-30,66.56751251220703
2021-08-02,66.40251159667969
2021-08-03,66.478515625
2021-08-04,66.35684967041016
2021-08-05,66.5089340209961
2021-08-06,66.43289947509766
2021-08-09,66.2808609008789
2021-08-10,66.12879943847656
2021-08-11,66.23526000976562
2021-08-12,66.34927368164062
2021-08-13,66.49374389648438
2021-08-16,66.51654815673828
2021-08-17,66.36448669433594
2021-08-18,66.21243286132812
2021-08-19,66.20482635498047
2021-08-20,66.36448669433594
2021-08-23,66.56976318359375
2021-08-24,66.66100311279297
2021-08-25,66.72942352294922
2021-08-26,66.69141387939453
2021-08-27,66.8738784790039
2021-08-30,66.95752716064453
2021-08-31,66.97273254394531
2021-09-01,67.02989196777344
2021-09-02,67.1137924194336
2021-09-03,67.12142944335938
2021-09-07,66.94602966308594
2021-09-08,67.02228546142578
2021-09-09,67.08329772949219
2021-09-10,66.9841537475586
2021-09-13,67.15193939208984
2021-09-14,67.12142944335938
2021-09-15,67.22058868408203
2021-09-16,67.19769287109375
2021-09-17,67.1137924194336
2021-09-20,66.87738037109375
2021-09-21,66.99177551269531
2021-09-22,67.1137924194336
2021-09-23,67.14430236816406
2021-09-24,67.0451889038086
2021-09-27,66.9841537475586
2021-09-28,66.67906188964844
2021-09-29,66.80111694335938
2021-09-30,66.72484588623047
2021-10-01,66.88478088378906
2021-10-04,66.64757537841797
2021-10-05,66.61697387695312
2021-10-06,66.57868957519531
2021-10-07,66.58636474609375
2021-10-08,66.38740539550781
2021-10-11,66.18077850341797
2021-10-12,66.30322265625
2021-10-13,66.4792251586914
2021-10-14,66.85417938232422
2021-10-15,66.7393798828125
2021-10-18,66.70877075195312
2021-10-19,66.75468444824219
2021-10-20,66.77763366699219
2021-10-21,66.60929870605469
2021-10-22,66.44862365722656
2021-10-25,66.56339263916016
2021-10-26,66.57868957519531
2021-10-27,66.52513122558594
2021-10-28,66.69346618652344
2021-10-29,66.51748657226562
2021-11-01,66.44609832763672
2021-11-02,66.60731506347656
2021-11-03,66.73778533935547
2021-11-04,66.91433715820312
2021-11-05,67.16766357421875
2021-11-08,67.08320617675781
2021-11-09,67.1369400024414
2021-11-10,66.76081085205078
2021-11-11,66.64567565917969
2021-11-12,66.66869354248047
2021-11-15,66.59194946289062
2021-11-16,66.62261962890625
2021-11-17,66.55354309082031
2021-11-18,66.49983215332031
2021-11-19,66.44609832763672
2021-11-22,66.19279479980469
2021-11-23,66.10065460205078
2021-11-24,66.08531951904297
2021-11-26,65.60936737060547
2021-11-29,66.0162353515625
2021-11-30,65.73988342285156
2021-12-01,65.7491226196289
2021-12-02,66.23431396484375
2021-12-03,66.23431396484375
2021-12-06,66.52696228027344
2021-12-07,66.88126373291016
2021-12-08,66.86587524414062
2021-12-09,66.56546020507812
2021-12-10,66.71953582763672
2021-12-13,66.71953582763672
2021-12-14,66.60399627685547
2021-12-15,66.85814666748047
2021-12-16,66.80867004394531
2021-12-17,66.74687194824219
2021-12-20,66.63095092773438
2021-12-21,66.98644256591797
2021-12-22,67.1641616821289
2021-12-23,67.35736846923828
2021-12-27,67.42691040039062
2021-12-28,67.39601135253906
2021-12-29,67.2878189086914
2021-12-30,67.25695037841797
2021-12-31,67.24146270751953
2022-01-03,67.2105484008789
2022-01-04,67.04054260253906
2022-01-05,66.52273559570312
2022-01-06,66.53047943115234
2022-01-07,66.36048889160156
2022-01-10,66.4145736694336
2022-01-11,66.72370147705078
2022-01-12,66.83185577392578
2022-01-13,66.59230041503906
2022-01-14,66.53047943115234
2022-01-18,66.20592498779297
2022-01-19,66.14409637451172
2022-01-20,66.02043914794922
2022-01-21,66.02816772460938
2022-01-24,65.95858764648438
2022-01-25,65.76541137695312
2022-01-26,65.54131317138672
2022-01-27,65.25536346435547
2022-01-28,65.44083404541016
2022-01-31,65.4562759399414
2022-02-01,65.71610260009766
2022-02-02,65.81695556640625
2022-02-03,65.22750091552734
2022-02-04,64.97154235839844
2022-02-07,64.92500305175781
2022-02-08,64.8552017211914
2022-02-09,65.19646453857422
2022-02-10,64.3355484008789
2022-02-11,64.11064910888672
2022-02-14,64.00203704833984
2022-02-15,64.11064910888672
2022-02-16,64.46739959716797
2022-02-17,64.19596862792969
2022-02-18,64.28902435302734
2022-02-22,64.14167022705078
2022-02-23,64.02530670166016
2022-02-24,64.4828872680664
2022-02-25,64.84745788574219
2022-02-28,64.89398956298828
2022-03-01,64.71260833740234
2022-03-02,64.86829376220703
2022-03-03,64.67366027832031
2022-03-04,64.25332641601562
2022-03-07,63.69282913208008
2022-03-08,63.46705627441406
2022-03-09,63.99644470214844
2022-03-10,63.45930480957031
2022-03-11,63.0
2022-03-14,62.252723693847656
2022-03-15,62.71977233886719
2022-03-16,63.59942626953125
2022-03-17,64.03536224365234
2022-03-18,64.24552154541016
2022-03-21,63.50602340698242
2022-03-22,63.83294677734375
2022-03-23,63.630523681640625
2022-03-24,63.76292419433594
2022-03-25,63.3036003112793
2022-03-28,63.70063018798828
2022-03-29,64.48685455322266
2022-03-30,64.29222869873047
2022-03-31,64.05874633789062
2022-04-01,64.05401611328125
2022-04-04,64.53861999511719
2022-04-05,63.702293395996094
2022-04-06,63.2020378112793
2022-04-07,63.100460052490234
2022-04-08,62.71743392944336
2022-04-11,62.28758239746094
2022-04-12,62.76432800292969
2022-04-13,63.139530181884766
2022-04-14,62.71743392944336
2022-04-18,62.61582946777344
2022-04-19,62.561100006103516
2022-04-20,62.756507873535156
2022-04-21,62.326622009277344
2022-04-22,61.951446533203125
2022-04-25,62.47512435913086
2022-04-26,62.10776901245117
2022-04-27,61.802940368652344
2022-04-28,62.1468505859375
2022-04-29,61.380863189697266
2022-05-02,61.384788513183594
2022-05-03,61.70650863647461
2022-05-04,62.334232330322266
2022-05-05,61.227848052978516
2022-05-06,60.88257598876953
2022-05-09,60.23917007446289
2022-05-10,60.58440399169922
2022-05-11,60.22347640991211
2022-05-12,60.1999397277832
2022-05-13,60.27054977416992
2022-05-16,60.18424606323242
2022-05-17,60.12929916381836
2022-05-18,59.634971618652344
2022-05-19,60.035152435302734
2022-05-20,59.99591827392578
2022-05-23,60.23130798339844
2022-05-24,60.592254638671875
2022-05-25,61.51034164428711
2022-05-26,62.36561965942383
2022-05-27,62.92276382446289
2022-05-31,62.38135528564453
2022-06-01,62.15049743652344
2022-06-02,62.41046142578125
2022-06-03,61.94571304321289
2022-06-06,61.48097610473633
2022-06-07,61.62275314331055
2022-06-08,61.094970703125
2022-06-09,60.60662841796875
2022-06-10,59.574676513671875
2022-06-13,57.5817756652832
2022-06-14,57.95989227294922
2022-06-15,59.0863151550293
2022-06-16,58.14894104003906
2022-06-17,58.33012390136719
2022-06-21,58.290740966796875
2022-06-22,58.27498245239258
2022-06-23,58.692466735839844
2022-06-24,59.109962463378906
2022-06-27,58.74757385253906
2022-06-28,58.1016845703125
2022-06-29,58.01504135131836
2022-06-30,57.983516693115234
2022-07-01,58.5366096496582
2022-07-05,58.48120880126953
2022-07-06,58.259674072265625
2022-07-07,59.209163665771484
2022-07-08,59.25664138793945
2022-07-11,58.9243049621582
2022-07-12,59.16167068481445
2022-07-13,59.09839630126953
2022-07-14,58.98760223388672
2022-07-15,59.73930740356445
2022-07-18,59.16167068481445
2022-07-19,59.94501876831055
2022-07-20,60.206146240234375
2022-07-21,60.91826629638672
2022-07-22,60.83917236328125
2022-07-25,60.823326110839844
2022-07-26,60.39603042602539
2022-07-27,61.06068420410156
2022-07-28,61.685760498046875
2022-07-29,61.8677864074707
2022-08-01,61.88682174682617
2022-08-02,61.60089111328125
2022-08-03,62.14101791381836
2022-08-04,62.30781555175781
2022-08-05,61.99008560180664
2022-08-08,62.04570007324219
2022-08-09,61.58498001098633
2022-08-10,62.50642776489258
2022-08-11,62.14897537231445
2022-08-12,62.704994201660156
2022-08-15,62.593788146972656
2022-08-16,62.29991149902344
2022-08-17,61.656471252441406
2022-08-18,61.751792907714844
2022-08-19,61.12424850463867
2022-08-22,60.43318176269531
2022-08-23,60.58409881591797
2022-08-24,60.655601501464844
2022-08-25,61.227535247802734
2022-08-26,60.21870422363281
2022-08-29,59.98835372924805
2022-08-30,59.527652740478516
2022-08-31,59.201969146728516
2022-09-01,59.3584098815918
2022-09-02,59.3184928894043
2022-09-06,59.158851623535156
2022-09-07,60.01298522949219
2022-09-08,60.276424407958984
2022-09-09,60.51589584350586
2022-09-12,60.699493408203125
2022-09-13,59.3184928894043
2022-09-14,59.406314849853516
2022-09-15,59.03114318847656
2022-09-16,59.23069381713867
2022-09-19,59.4542121887207
2022-09-20,58.8475456237793
2022-09-21,58.67192840576172
2022-09-22,58.320682525634766
2022-09-23,57.57830810546875
2022-09-26,56.89978790283203
2022-09-27,56.78004837036133
2022-09-28,57.793846130371094
2022-09-29,57.251014709472656
2022-09-30,56.98759841918945
2022-10-03,57.734458923339844
2022-10-04,58.977867126464844
2022-10-05,58.74521255493164
2022-10-06,58.5687370300293
2022-10-07,57.85477828979492
2022-10-10,57.148834228515625
2022-10-11,57.32530212402344
2022-10-12,57.42158889770508
2022-10-13,57.54994201660156
2022-10-14,57.36542510986328
2022-10-17,58.07137680053711
2022-10-18,58.480491638183594
2022-10-19,57.91895294189453
2022-10-20,57.59806442260742
2022-10-21,58.151611328125
2022-10-24,58.19170379638672
2022-10-25,58.75326156616211
2022-10-26,58.913692474365234
2022-10-27,59.34687423706055
2022-10-28,59.80411911010742
2022-10-31,58.90568161010742
2022-11-01,59.25999069213867
2022-11-02,58.72044372558594
2022-11-03,58.30171203613281
2022-11-04,58.70433807373047
2022-11-07,58.69626998901367
2022-11-08,58.639915466308594
2022-11-09,57.9393424987793
2022-11-10,59.74312973022461
2022-11-11,59.952518463134766
2022-11-14,59.50962829589844
2022-11-15,60.03303527832031
2022-11-16,59.90420913696289
2022-11-17,59.64650344848633
2022-11-18,59.77535629272461
2022-11-21,59.75119400024414
2022-11-22,60.186031341552734
2022-11-23,60.52425765991211
2022-11-25,60.40348434448242
2022-11-28,59.76729965209961
2022-11-29,60.02500534057617
2022-11-30,60.92689514160156
2022-12-01,61.15253448486328
2022-12-02,61.10399627685547
2022-12-05,60.521732330322266
2022-12-06,60.30339050292969
2022-12-07,60.634971618652344
2022-12-08,60.683475494384766
2022-12-09,60.683475494384766
2022-12-12,60.91801452636719
2022-12-13,61.54875564575195
2022-12-14,61.20102310180664
2022-12-15,60.97016143798828
2022-12-16,60.64500427246094
2022-12-19,60.336063385009766
2022-12-20,60.18161392211914
2022-12-21,60.69375991821289
2022-12-22,60.3198127746582
2022-12-23,60.47428512573242
2022-12-27,59.84830856323242
2022-12-28,59.043495178222656
2022-12-29,59.80768966674805
2022-12-30,59.8564453125
2023-01-03,59.97024154663086
2023-01-04,60.6612548828125
2023-01-05,60.539310455322266
2023-01-06,61.40102767944336
2023-01-09,61.62051010131836
2023-01-10,61.54734420776367
2023-01-11,61.953826904296875
2023-01-12,62.30337905883789
2023-01-13,62.30337905883789
2023-01-17,62.09201431274414
2023-01-18,62.16515350341797
2023-01-19,61.79934310913086
2023-01-20,61.92129898071289
2023-01-23,61.91318893432617
2023-01-24,61.953826904296875
2023-01-25,61.94567108154297
2023-01-26,62.10014724731445
2023-01-27,61.91318893432617
2023-01-30,61.57172775268555
2023-01-31,62.05137634277344
2023-02-01,62.70323181152344
2023-02-02,63.06264877319336
2023-02-03,62.400997161865234
2023-02-06,62.000728607177734
2023-02-07,62.221282958984375
2023-02-08,61.959877014160156
2023-02-09,61.55960464477539
2023-02-10,61.08584976196289
2023-02-13,61.241050720214844
2023-02-14,61.25736618041992
2023-02-15,61.159332275390625
2023-02-16,60.66921615600586
2023-02-17,60.90612030029297
2023-02-21,59.966705322265625
2023-02-22,60.35879898071289
2023-02-23,60.95513153076172
2023-02-24,60.58753967285156
2023-02-27,60.99598693847656
2023-02-28,60.8815803527832
2023-03-01,60.70903015136719
2023-03-02,60.78300857543945
2023-03-03,61.40760040283203
2023-03-06,61.40760040283203
2023-03-07,60.97200012207031
2023-03-08,60.684349060058594
2023-03-09,60.34743881225586
2023-03-10,60.355628967285156
2023-03-13,60.02690887451172
2023-03-14,60.462493896484375
2023-03-15,60.265235900878906
2023-03-16,60.65971374511719
2023-03-17,60.298091888427734
2023-03-20,60.13373565673828
2023-03-21,60.79121398925781
2023-03-22,60.84872817993164
2023-03-23,60.61042022705078
2023-03-24,60.48714828491211
2023-03-27,60.33921813964844
2023-03-28,60.306331634521484
2023-03-29,61.06243133544922
2023-03-30,61.42399978637695
2023-03-31,62.0897102355957
2023-04-03,62.041831970214844
2023-04-04,61.860191345214844
2023-04-05,61.513458251953125
2023-04-06,61.78588104248047
2023-04-10,61.72811508178711
2023-04-11,61.860191345214844
2023-04-12,61.84366226196289
2023-04-13,62.26472091674805
2023-04-14,62.14914321899414
2023-04-17,61.984046936035156
2023-04-18,62.02532958984375
2023-04-19,61.77763366699219
2023-04-20,61.71985626220703
2023-04-21,61.90972900390625
2023-04-24,62.08310317993164
2023-04-25,61.984046936035156
2023-04-26,61.74464797973633
2023-04-27,61.951011657714844
2023-04-28,62.215179443359375
2023-05-01,61.92997741699219
2023-05-02,61.87192153930664
2023-05-03,61.838741302490234
2023-05-04,61.6563606262207
2023-05-05,61.98801040649414
2023-05-08,61.81388473510742
2023-05-09,61.6563606262207
2023-05-10,62.029441833496094
2023-05-11,61.92997741699219
2023-05-12,61.70608901977539
2023-05-15,61.68950653076172
2023-05-16,61.25834655761719
2023-05-17,61.42417907714844
2023-05-18,61.45734786987305
2023-05-19,61.52364730834961
2023-05-22,61.79730224609375
2023-05-23,61.47393798828125
2023-05-24,61.042762756347656
2023-05-25,61.001304626464844
2023-05-26,61.374420166015625
2023-05-30,61.63975143432617
2023-05-31,61.449039459228516
2023-06-01,61.81813049316406
2023-06-02,62.13471221923828
2023-06-05,62.08472442626953
2023-06-06,62.18470001220703
2023-06-07,61.843109130859375
2023-06-08,62.23469543457031
2023-06-09,62.25135803222656
2023-06-12,62.18470001220703
2023-06-13,62.25968933105469
2023-06-14,62.28466796875
2023-06-15,62.58461380004883
2023-06-16,62.42630386352539
2023-06-20,62.25968933105469
2023-06-21,62.10137176513672
2023-06-22,61.9181022644043
2023-06-23,61.8098030090332
2023-06-26,61.843109130859375
2023-06-27,62.05141067504883
2023-06-28,62.40962600708008
2023-06-29,62.243019104003906
2023-06-30,62.54294204711914
2023-07-03,62.444942474365234
2023-07-05,62.25228500366211
2023-07-06,61.79998779296875
2023-07-07,61.85861587524414
2023-07-10,62.16852569580078
2023-07-11,62.503570556640625
2023-07-12,62.98939514160156
2023-07-13,63.36634063720703
2023-07-14,62.905643463134766
2023-07-17,63.02290344238281
2023-07-18,63.198795318603516
2023-07-19,63.24906921386719
2023-07-20,62.972625732421875
2023-07-21,63.13180923461914
2023-07-24,63.02290344238281
2023-07-25,62.98103332519531
2023-07-26,63.232322692871094
2023-07-27,62.72974395751953
2023-07-28,63.08993148803711
2023-07-31,63.24068832397461
2023-08-01,62.9276008605957
2023-08-02,62.65827178955078
2023-08-03,62.45631408691406
2023-08-04,62.826622009277344
2023-08-07,62.94443130493164
2023-08-08,63.07910919189453
2023-08-09,63.08751678466797
2023-08-10,63.0706672668457
2023-08-11,62.97810363769531
2023-08-14,62.96968078613281
2023-08-15,62.76770782470703
2023-08-16,62.574119567871094
2023-08-17,62.313232421875
2023-08-18,62.35528564453125
2023-08-21,62.33847427368164
2023-08-22,62.37213134765625
2023-08-23,62.87712860107422
2023-08-24,62.53207778930664
2023-08-25,62.79298782348633
2023-08-28,63.02861404418945
2023-08-29,63.42416763305664
2023-08-30,63.398921966552734
2023-08-31,63.35682678222656
2023-09-01,63.476078033447266
2023-09-05,63.06173324584961
2023-09-06,62.90953063964844
2023-09-07,63.12091827392578
2023-09-08,63.095550537109375
2023-09-11,63.205467224121094
2023-09-12,63.104034423828125
2023-09-13,63.27312088012695
2023-09-14,63.34922790527344
2023-09-15,63.11247634887695
2023-09-18,63.154747009277344
2023-09-19,62.96026611328125
2023-09-20,62.90953063964844
2023-09-21,62.461402893066406
2023-09-22,62.571311950683594
2023-09-25,62.48678207397461
2023-09-26,62.216182708740234
2023-09-27,62.131614685058594
2023-09-28,62.42755889892578
2023-09-29,62.334556579589844
2023-10-02,61.956302642822266
2023-10-03,61.32731628417969
2023-10-04,61.64179611206055
2023-10-05,61.7013053894043
2023-10-06,61.78630447387695
2023-10-09,62.24529266357422
2023-10-10,62.2282829284668
2023-10-11,62.219791412353516
2023-10-12,61.8882942199707
2023-10-13,61.83729934692383
2023-10-16,61.82029724121094
2023-10-17,61.531314849853516
2023-10-18,61.23380661010742
2023-10-19,61.012821197509766
2023-10-20,61.140296936035156
2023-10-23,61.38680648803711
2023-10-24,61.7013053894043
2023-10-25,61.369808197021484
2023-10-26,61.582305908203125
2023-10-27,61.505828857421875
2023-10-30,61.52280807495117
2023-10-31,61.684322357177734
2023-11-01,62.272239685058594
2023-11-02,62.972999572753906
2023-11-03,63.588279724121094
2023-11-06,63.3319091796875
2023-11-07,63.3404655456543
2023-11-08,63.3746452331543
2023-11-09,62.98155212402344
2023-11-10,63.289180755615234
2023-11-13,63.2293815612793
2023-11-14,63.870277404785156
2023-11-15,63.665191650390625
2023-11-16,63.75061798095703
2023-11-17,63.895931243896484
2023-11-20,63.96428298950195
2023-11-21,64.04975891113281
2023-11-22,64.16083526611328
2023-11-24,64.09246063232422
2023-11-27,64.18647766113281
2023-11-28,64.46846771240234
2023-11-29,64.81884002685547
2023-11-30,64.69922637939453
2023-12-01,65.23489379882812
2023-12-04,65.07178497314453
2023-12-05,65.13188171386719
2023-12-06,65.14044189453125
2023-12-07,65.25206756591797
2023-12-08,65.12328338623047
2023-12-11,65.08038330078125
2023-12-12,65.2262954711914
2023-12-13,66.22213745117188
2023-12-14,66.51460266113281
2023-12-15,66.36792755126953
2023-12-18,66.41106414794922
2023-12-19,66.60087585449219
2023-12-20,66.60948944091797
2023-12-21,66.91143798828125
2023-12-22,66.83377838134766
2023-12-26,66.96321868896484
2023-12-27,67.23926544189453
2023-12-28,67.02359771728516
2023-12-29,66.76478576660156
2024-01-02,66.54047393798828
2024-01-03,66.35930633544922
2024-01-04,66.10049438476562
2024-01-05,66.15225982666016
2024-01-08,66.52322387695312
2024-01-09,66.62674713134766
2024-01-10,66.74752807617188
2024-01-11,66.96321868896484
2024-01-12,67.03219604492188
2024-01-16,66.60948944091797
2024-01-17,66.32478332519531
2024-01-18,66.46282958984375
2024-01-19,66.57498931884766
2024-01-22,66.62674713134766
2024-01-23,66.5490951538086
2024-01-24,66.51460266113281
2024-01-25,67.02359771728516
2024-01-26,66.97181701660156
2024-01-29,67.11846923828125
2024-01-30,67.03219604492188
2024-01-31,66.8424301147461
2024-02-01,67.22737121582031
2024-02-02,66.9239273071289
2024-02-05,66.61180877685547
2024-02-06,66.85456085205078
2024-02-07,66.9672622680664
2024-02-08,66.93257904052734
2024-02-09,67.07130432128906
2024-02-12,66.9239273071289
2024-02-13,66.38636779785156
2024-02-14,66.6464614868164
2024-02-15,66.88057708740234
2024-02-16,66.68115234375
2024-02-20,66.81989288330078
2024-02-21,66.69849395751953
2024-02-22,67.01930236816406
2024-02-23,67.06265258789062
2024-02-26,66.84591674804688
2024-02-27,66.93257904052734
2024-02-28,66.9239273071289
2024-02-29,67.04527282714844
2024-03-01,67.29640197753906
2024-03-04,67.27897644042969
2024-03-05,67.22667694091797
2024-03-06,67.392333984375
2024-03-07,67.47079467773438
2024-03-08,67.4882583618164
2024-03-11,67.4795150756836
2024-03-12,67.54054260253906
2024-03-13,67.56671905517578
2024-03-14,67.24411010742188
2024-03-15,67.20052337646484
2024-03-18,67.3574447631836
2024-03-19,67.62774658203125
2024-03-20,67.85444641113281
2024-03-21,67.819580078125
2024-03-22,67.74980163574219
2024-03-25,67.64519500732422
2024-03-26,67.56671905517578
2024-03-27,67.92420959472656
2024-03-28,67.7759780883789
2024-04-01,67.49993896484375
2024-04-02,67.38600158691406
2024-04-03,67.43858337402344
2024-04-04,67.38600158691406
2024-04-05,67.32464599609375
2024-04-08,67.48240661621094
2024-04-09,67.62261962890625
2024-04-10,67.02667236328125
2024-04-11,66.96532440185547
2024-04-12,66.9302749633789
2024-04-15,66.54464721679688
2024-04-16,66.3255386352539
2024-04-17,66.4131851196289
2024-04-18,66.46578216552734
2024-04-19,66.58848571777344
2024-04-22,66.95657348632812
2024-04-23,67.22824096679688
2024-04-24,67.07926177978516
2024-04-25,66.93902587890625
2024-04-26,67.14936828613281
2024-04-29,67.35092163085938
2024-04-30,66.86017608642578
2024-05-01,67.21257019042969
2024-05-02,67.62663269042969
2024-05-03,67.90858459472656
2024-05-06,67.98784637451172
2024-05-07,67.99665832519531
2024-05-08,67.83808898925781
2024-05-09,67.85569763183594
2024-05-10,67.74998474121094
2024-05-13,67.73236083984375
2024-05-14,67.83808898925781
2024-05-15,68.23454284667969
2024-05-16,68.07594299316406
2024-05-17,68.08475494384766
2024-05-20,68.12001037597656
2024-05-21,68.06714630126953
2024-05-22,67.91737365722656
2024-05-23,67.67949676513672
2024-05-24,67.91737365722656
2024-05-28,67.64424133300781
2024-05-29,67.44161224365234
2024-05-30,67.7147445678711
2024-05-31,67.95260620117188
2024-06-03,68.16328430175781
2024-06-04,68.12785339355469
2024-06-05,68.3491439819336
2024-06-06,68.23408508300781
2024-06-07,68.05705261230469
2024-06-10,68.11901092529297
2024-06-11,68.20752716064453
2024-06-12,68.4819107055664
2024-06-13,68.47306823730469
2024-06-14,68.20752716064453
2024-06-17,68.25178527832031
2024-06-18,68.4642105102539
2024-06-20,68.41995239257812
2024-06-21,68.4996337890625
2024-06-24,68.42881774902344
2024-06-25,68.517333984375
2024-06-26,68.36685180664062
2024-06-27,68.4465103149414
2024-06-28,68.27832794189453
2024-07-01,68.26499938964844
2024-07-02,68.45185089111328
2024-07-03,68.69210815429688
2024-07-05,68.89673614501953
2024-07-08,68.87896728515625
2024-07-09,68.79884338378906
2024-07-10,68.95902252197266
2024-07-11,69.20816040039062
2024-07-12,69.38613891601562
2024-07-15,69.39502716064453
2024-07-16,69.66197967529297
2024-07-17,69.58187866210938
2024-07-18,69.43952941894531
2024-07-19,69.38613891601562
2024-07-22,69.64418029785156
2024-07-23,69.65306854248047
2024-07-24,69.43059539794922
2024-07-25,69.43952941894531
2024-07-26,69.66197967529297
2024-07-29,69.59969329833984
2024-07-30,69.63530731201172
2024-07-31,69.8844223022461
2024-08-01,69.73145294189453
2024-08-02,69.49889373779297
2024-08-05,69.06957244873047
2024-08-06,69.3289794921875
2024-08-07,69.46312713623047
2024-08-08,69.74934387207031
2024-08-09,69.74040222167969
2024-08-12,69.7851333618164
2024-08-13,70.10710906982422
2024-08-14,70.23236846923828
2024-08-15,70.29497528076172
2024-08-16,70.5185775756836
2024-08-19,70.63487243652344
2024-08-20,70.572265625
2024-08-21,70.7332534790039
2024-08-22,70.64380645751953
2024-08-23,71.01947021484375
2024-08-26,70.8763656616211
2024-08-27,70.92109680175781
2024-08-28,70.88531494140625
2024-08-29,70.95686340332031
2024-08-30,70.96580505371094
2024-09-03,70.71415710449219
2024-09-04,70.97480773925781
2024-09-05,71.21746063232422
2024-09-06,71.12757110595703
2024-09-09,71.29835510253906
2024-09-10,71.16352844238281
2024-09-11,71.27140045166016
2024-09-12,71.3702621459961
2024-09-13,71.56796264648438
2024-09-16,71.74771881103516
2024-09-17,71.76570129394531
2024-09-18,71.82859802246094
2024-09-19,72.0443344116211
2024-09-20,72.13418579101562
2024-09-23,71.99938201904297
2024-09-24,72.00838470458984
2024-09-25,71.9274673461914
2024-09-26,72.0443344116211
2024-09-27,72.22407531738281
2024-09-30,72.1701431274414
2024-10-01,72.13402557373047
2024-10-02,72.1430435180664
2024-10-03,71.9714584350586
2024-10-04,71.89017486572266
2024-10-07,71.58309173583984
2024-10-08,71.75469970703125
2024-10-09,71.70953369140625
2024-10-10,71.67340087890625
2024-10-11,71.86309051513672
2024-10-14,71.89921569824219
2024-10-15,71.88113403320312
2024-10-16,72.007568359375
2024-10-17,71.89921569824219
2024-10-18,72.07080078125
2024-10-21,71.78179168701172
2024-10-22,71.68244934082031
2024-10-23,71.46568298339844
2024-10-24,71.67340087890625
2024-10-25,71.60114288330078
2024-10-28,71.78179168701172
2024-10-29,71.79985046386719
2024-10-30,71.67340087890625
2024-10-31,71.4747085571289
2024-11-01,71.47926330566406
2024-11-04,71.67894744873047
2024-11-05,71.8786392211914
2024-11-06,72.00570678710938
2024-11-07,72.3143310546875
2024-11-08,72.43231964111328
2024-11-11,72.35061645507812
2024-11-12,72.06017303466797
2024-11-13,72.0783462524414
2024-11-14,71.92401885986328
2024-11-15,71.91495513916016
2024-11-18,72.05110168457031
2024-11-19,72.16001892089844
2024-11-20,72.1418685913086
2024-11-21,72.16909790039062
2024-11-22,72.15093231201172
2024-11-25,72.42324829101562
2024-11-26,72.28709411621094
2024-11-27,72.50493621826172
2024-11-29,72.65015411376953
2024-12-02,72.62371063232422
2024-12-03,72.62371063232422
2024-12-04,72.79695892333984
2024-12-05,72.73313903808594
2024-12-06,72.85166931152344
2024-12-09,72.76048278808594
2024-12-10,72.79695892333984
2024-12-11,72.81519317626953
2024-12-12,72.61460876464844
2024-12-13,72.40489959716797
2024-12-16,72.54165649414062
2024-12-17,72.38664245605469
2024-12-18,71.64336395263672
2024-12-19,71.5700454711914
2024-12-20,72.0191421508789
2024-12-23,71.82667541503906
2024-12-24,72.0558090209961
2024-12-26,72.23909759521484
2024-12-27,71.99164581298828
2024-12-30,72.09246063232422
2024-12-31,72.08329010009766
2025-01-02,72.2574234008789
2025-01-03,72.3674087524414
2025-01-06,72.49571228027344
2025-01-07,72.2574234008789
2025-01-08,72.34907531738281
2025-01-10,71.97330474853516
2025-01-13,71.95497131347656
2025-01-14,72.04663848876953
2025-01-15,72.67903137207031
2025-01-16,72.7614974975586
2025-01-17,72.8256607055664
2025-01-21,73.01814270019531
2025-01-22,72.91731262207031
2025-01-23,73.00897979736328
2025-01-24,73.09144592285156
2025-01-27,73.14643096923828
2025-01-28,73.11893463134766
2025-01-29,73.07311248779297
2025-01-30,73.2105941772461
2025-01-31,73.06396484375
2025-02-03,72.9719009399414
2025-02-04,73.20206451416016
2025-02-05,73.39540100097656
2025-02-06,73.284912109375
2025-02-07,73.05475616455078
2025-02-10,73.20206451416016
2025-02-11,73.1744384765625
2025-02-12,73.01792907714844
2025-02-13,73.34937286376953
2025-02-14,73.43222045898438
2025-02-18,73.36776733398438
2025-02-19,73.42301177978516
2025-02-20,73.46904754638672
2025-02-21,73.33094787597656
2025-02-24,73.42301177978516
2025-02-25,73.60713958740234
2025-02-26,73.70843505859375
2025-02-27,73.57032775878906
2025-02-28,73.77287292480469
2025-03-03,73.61931610107422
2025-03-04,73.61007690429688
2025-03-05,73.6470718383789
2025-03-06,73.36958312988281
2025-03-07,73.48981475830078
2025-03-10,73.21233367919922
2025-03-11,72.95333862304688
2025-03-12,73.03658294677734
2025-03-13,72.62957763671875
2025-03-14,72.96258544921875
2025-03-17,73.13833618164062
2025-03-18,73.00883483886719
2025-03-19,73.48981475830078
2025-03-20,73.38806915283203
2025-03-21,73.27706909179688
2025-03-24,73.48981475830078
2025-03-25,73.45282745361328
2025-03-26,73.15682983398438
2025-03-27,73.01807403564453
2025-03-28,72.88858795166016
2025-03-31,72.97183990478516
2025-04-01,73.1409912109375
2025-04-02,73.28970336914062
2025-04-03,72.37882232666016
2025-04-04,71.34709930419922
2025-04-07,70.733642578125
2025-04-08,70.40831756591797
2025-04-09,72.29517364501953
2025-04-10,71.11473083496094
2025-04-11,71.32850646972656
2025-04-14,71.68170928955078
2025-04-15,71.87690734863281
2025-04-16,71.86758422851562
2025-04-17,72.28587341308594
2025-04-21,71.85830688476562
2025-04-22,72.13713836669922
2025-04-23,72.4996337890625
2025-04-24,73.15029907226562
2025-04-25,73.21534729003906
2025-04-28,73.25253295898438
2025-04-29,73.4477310180664
2025-04-30,73.05733489990234
2025-05-01,73.15171813964844
2025-05-02,73.37591552734375
2025-05-05,73.34789276123047
2025-05-06,73.29183959960938
2025-05-07,73.35724639892578
2025-05-08,73.33856201171875
2025-05-09,73.3852767944336
2025-05-12,74.11396789550781
2025-05-13,74.24478149414062
2025-05-14,73.97383117675781
2025-05-15,74.11396789550781
2025-05-16,74.19805908203125
2025-05-19,74.16069030761719
2025-05-20,74.12330627441406
2025-05-21,73.62815856933594
2025-05-22,73.77764892578125
2025-05-23,73.75896453857422
2025-05-27,74.20738220214844
2025-05-28,74.16069030761719
2025-05-29,74.27281188964844
2025-05-30,74.33821105957031
2025-06-02,74.3250503540039
2025-06-03,74.46585845947266
2025-06-04,74.60667419433594
2025-06-05,74.44708251953125
2025-06-06,74.43770599365234
2025-06-09,74.4752426147461
2025-06-10,74.6535873413086
2025-06-11,74.63481903076172
2025-06-12,74.71930694580078
2025-06-13,74.49401092529297
2025-06-16,74.64421081542969
2025-06-17,74.5597152709961
2025-06-18,74.67236328125
2025-06-20,74.90703582763672
2025-06-23,75.0478515625
2025-06-24,75.25434112548828
2025-06-25,75.23558044433594
2025-06-26,75.45147705078125
2025-06-27,75.4139404296875
2025-06-30,75.7049331665039
2025-07-01,75.60965728759766
2025-07-02,75.75113677978516
2025-07-03,75.79828643798828
2025-07-07,75.54364013671875
2025-07-08,75.43988800048828
2025-07-09,75.64739227294922
2025-07-10,75.57194519042969
2025-07-11,75.47763061523438
2025-07-14,75.53421020507812
2025-07-15,75.30786895751953
2025-07-16,75.50592041015625
2025-07-17,75.58136749267578
2025-07-18,75.68510437011719
2025-07-21,75.78884887695312
2025-07-22,75.92089080810547
2025-07-23,75.95861053466797
2025-07-24,75.86429595947266
2025-07-25,75.91146850585938
2025-07-28,75.87373352050781
2025-07-29,75.92089080810547
2025-07-30,75.76057434082031
2025-07-31,75.8077163696289
2025-08-01,75.81151580810547
2025-08-04,76.06742858886719
2025-08-05,76.02952575683594
2025-08-06,76.10535430908203
2025-08-07,76.02952575683594
2025-08-08,76.03901672363281
2025-08-11,76.03901672363281
2025-08-12,76.2096176147461
2025-08-13,76.40868377685547
2025-08-14,76.2096176147461
2025-08-15,76.26648712158203
2025-08-18,76.2096176147461
2025-08-19,76.1906509399414
2025-08-20,76.1622314453125
2025-08-21,76.0200424194336
2025-08-22,76.63617706298828
2025-08-25,76.48451232910156
2025-08-26,76.65513610839844
2025-08-27,76.74991607666016
2025-08-28,76.78782653808594
2025-08-29,76.6456527709961
2025-09-02,76.56278991699219
2025-09-03,76.77232360839844
2025-09-04,76.98184204101562
2025-09-05,77.01994323730469
2025-09-08,77.01994323730469
2025-09-09,76.93421936035156
2025-09-10,76.9913558959961
2025-09-11,77.1818618774414
2025-09-12,77.10564422607422
2025-09-15,77.32470703125
2025-09-16,77.26754760742188
2025-09-17,77.1913833618164
2025-09-18,77.36280059814453
2025-09-19,77.39137268066406
2025-09-22,77.4485092163086
2025-09-23,77.39137268066406
2025-09-24,77.28662109375
2025-09-25,77.06755828857422
2025-09-26,77.21994018554688
2025-09-29,77.35327911376953
2025-09-30,77.32470703125
2025-10-01,77.46918487548828
2025-10-02,77.44048309326172
2025-10-03,77.35435485839844
2025-10-06,77.37350463867188
2025-10-07,77.28738403320312
2025-10-08,77.17256927490234
2025-10-09,76.95246887207031
2025-10-10,76.50273895263672
2025-10-13,76.98117065429688
2025-10-14,77.06730651855469
2025-10-15,77.31610107421875
2025-10-16,77.03858947753906
2025-10-17,77.23953247070312
2025-10-20,77.39263153076172
2025-10-21,77.27780151367188
2025-10-22,77.2012710571289
2025-10-23,77.37350463867188
2025-10-24,77.58402252197266
2025-10-27,77.775390625
2025-10-28,77.6988525390625
2025-10-29,77.4596176147461
2025-10-30,77.31610107421875
2025-10-31,77.31610107421875
2025-11-03,77.07563781738281
2025-11-04,77.08527374267578
2025-11-05,77.16221618652344
2025-11-06,77.1910629272461
2025-11-07,77.25838470458984
2025-11-10,77.51805877685547
2025-11-11,77.60462188720703
2025-11-12,77.45073699951172
2025-11-13,77.13335418701172
2025-11-14,77.15260314941406
2025-11-17,77.02755737304688
2025-11-18,77.04679107666016
2025-11-19,77.08527374267578
2025-11-20,77.03717803955078
2025-11-21,77.29685974121094
2025-11-24,77.50843811035156
2025-11-25,77.77774047851562
2025-11-26,77.85467529296875
2025-11-28,77.89315032958984
2025-12-01,77.7530517578125
2025-12-02,77.8979721069336
2025-12-03,77.96562194824219
2025-12-04,78.02359008789062
2025-12-05,78.02359008789062
2025-12-08,77.8303451538086
2025-12-09,77.74337768554688
2025-12-10,78.0042724609375
2025-12-11,77.99459838867188
2025-12-12,77.84966278076172
2025-12-15,77.8883285522461
2025-12-16,77.93663024902344
2025-12-17,77.84001159667969
2025-12-18,78.05258178710938
2025-12-19,78.01470947265625
2025-12-22,78.08267974853516
2025-12-23,78.14092254638672
2025-12-24,78.28656005859375
2025-12-26,78.24771118164062
2025-12-29,78.2768325805664
2025-12-30,78.35449981689453
2025-12-31,78.2768325805664
2026-01-02,78.31566619873047
2026-01-05,78.51953125
2026-01-06,78.5389633178711
2026-01-07,78.51953125
2026-01-08,78.57778930664062
2026-01-09,78.63603973388672
2026-01-12,78.67488098144531
2026-01-13,78.67488098144531
2026-01-14,78.67488098144531
2026-01-15,78.67488098144531
2026-01-16,78.72340393066406
2026-01-20,78.51953125
2026-01-21,78.7525405883789
2026-01-22,78.81078338623047
2026-01-23,78.7719497680664
2026-01-26,78.81078338623047
2026-01-27,78.80108642578125
2026-01-28,78.67488098144531
2026-01-29,78.6651611328125
2026-01-30,78.7525405883789
2026-02-02,78.80033874511719
2026-02-03,78.7515640258789
2026-02-04,78.65399932861328
2026-02-05,78.56619262695312
2026-02-06,78.83935546875
2026-02-09,78.94668579101562
2026-02-10,78.86862182617188
2026-02-11,78.85888671875
2026-02-12,78.81985473632812
2026-02-13,78.87837982177734
2026-02-17,78.83935546875
2026-02-18,78.93692779541016
2026-02-19,78.96620178222656
2026-02-20,79.02472686767578
2026-02-23,78.89790344238281
2026-02-24,78.83935546875
2026-02-25,78.94668579101562
2026-02-26,78.87837982177734
2026-02-27,78.7515640258789
2026-03-02,78.70646667480469
2026-03-03,78.54959869384766
2026-03-04,78.82411193847656
2026-03-05,78.51038360595703
2026-03-06,78.1280288696289
2026-03-09,78.5986099243164
2026-03-10,78.4711685180664
2026-03-11,78.29469299316406
2026-03-12,77.79469299316406
2026-03-13,77.64762878417969
2026-03-16,77.89273071289062
2026-03-17,78.24567413330078
2026-03-18,77.84371185302734
2026-03-19,78.09861755371094
2026-03-20,77.37311553955078
2026-03-23,77.8829345703125
2026-03-24,77.61821746826172
2026-03-25,77.86331176757812
2026-03-26,77.37311553955078
2026-03-27,77.17704010009766
2026-03-30,77.26527404785156
2026-03-31,78.00057220458984
2026-04-01,78.19169616699219
2026-04-02,78.37886810302734
2026-04-06,78.51679229736328
2026-04-07,78.5364990234375
2026-04-08,78.99952697753906
2026-04-09,79.08818817138672
2026-04-10,78.77293395996094
2026-04-13,79.0684814453125
2026-04-14,79.30491638183594
2026-04-15,79.26551055908203
2026-04-16,79.15714263916016
2026-04-17,79.45269775390625
2026-04-20,79.38373565673828
2026-04-21,79.17684936523438
2026-04-22,79.30491638183594
2026-04-23,79.17684936523438
2026-04-24,79.28521728515625
2026-04-27,79.31476593017578
2026-04-28,79.20640563964844
2026-04-29,78.94041442871094
2026-04-30,79.18669891357422
2026-05-01,79.28474426269531
2026-05-04,79.02725982666016
2026-05-05,79.1460952758789
2026-05-06,79.38377380371094
2026-05-07,79.08667755126953
2026-05-08,79.36396026611328
2026-05-11,79.20552062988281
2026-05-12,79.09658813476562
2026-05-13,79.13619995117188
2026-05-14,79.07677459716797
2026-05-15,78.6905517578125
2026-05-18,78.769775390625
2026-05-19,78.58161926269531
2026-05-20,79.08667755126953
2026-05-21,79.12629699707031
2026-05-22,79.13619995117188
2026-05-26,79.40357971191406
2026-05-27,79.35405731201172
2026-05-28,79.45309448242188
2026-05-29,79.53231811523438
2026-06-01,79.47159576416016
2026-06-02,79.53132629394531
2026-06-03,79.31233978271484
2026-06-04,79.4616470336914
2026-06-05,79.06349182128906
2026-06-08,79.17298126220703
2026-06-09,79.25261688232422
2026-06-10,79.10330963134766
2026-06-11,79.5711441040039
2026-06-12,79.5711441040039
2026-06-15,79.6706771850586
2026-06-16,79.66072082519531
2026-06-17,79.36211395263672
2026-06-18,79.64081573486328
2026-06-22,79.5711441040039
2026-06-23,79.50146484375
2026-06-24,79.48155212402344
2026-06-25,79.51141357421875
2026-06-26,79.4616470336914
2026-06-29,79.64081573486328
2026-06-30,79.60099792480469
2026-07-01,79.58999633789062
2026-07-02,79.70999908447266
2026-07-06,79.87000274658203
2026-07-07,79.76000213623047
2026-07-08,79.66000366210938
2026-07-09,79.75
2026-07-10,79.70999908447266
2026-07-13,79.5199966430664
2026-07-14,79.68000030517578
2026-07-15,79.80999755859375
2026-07-16,79.80000305175781
2026-07-17,79.6500015258789
2026-07-20,79.68000030517578
2026-07-21,79.6500015258789
2026-07-22,79.5199966430664
