date,value
1998-12-22,11.124480247497559
1998-12-23,11.288521766662598
1998-12-24,11.363078117370605
1998-12-28,11.213960647583008
1998-12-29,11.33325481414795
1998-12-30,11.288521766662598
1998-12-31,11.18412971496582
1999-01-04,11.18412971496582
1999-01-05,11.288521766662598
1999-01-06,11.646416664123535
1999-01-07,11.82535457611084
1999-01-08,11.899919509887695
1999-01-11,11.72097110748291
1999-01-12,11.392906188964844
1999-01-13,11.243786811828613
1999-01-14,10.960453987121582
1999-01-15,11.273608207702637
1999-01-19,11.213960647583008
1999-01-20,11.295979499816895
1999-01-21,11.094658851623535
1999-01-22,11.020095825195312
1999-01-25,11.109574317932129
1999-01-26,11.117024421691895
1999-01-27,10.975367546081543
1999-01-28,11.139400482177734
1999-01-29,11.377986907958984
1999-02-01,11.18412971496582
1999-02-02,11.064836502075195
1999-02-03,11.146851539611816
1999-02-04,10.885887145996094
1999-02-05,10.796419143676758
1999-02-08,10.766590118408203
1999-02-09,10.617470741271973
1999-02-10,10.706945419311523
1999-02-11,11.139400482177734
1999-02-12,10.975367546081543
1999-02-16,11.139400482177734
1999-02-17,11.18412971496582
1999-02-18,11.295979499816895
1999-02-19,11.33325481414795
1999-02-22,11.661327362060547
1999-02-23,11.810441017150879
1999-02-24,11.422735214233398
1999-02-25,11.348166465759277
1999-02-26,11.556933403015137
1999-03-01,11.60167407989502
1999-03-02,11.63150405883789
1999-03-03,11.519659042358398
1999-03-04,11.780618667602539
1999-03-05,12.078863143920898
1999-03-08,11.996847152709961
1999-03-09,12.093779563903809
1999-03-10,12.317461967468262
1999-03-11,12.377106666564941
1999-03-12,12.399476051330566
1999-03-15,12.436758041381836
1999-03-16,12.25780963897705
1999-03-17,12.153425216674805
1999-03-18,12.436758041381836
1999-03-19,12.200641632080078
1999-03-22,12.230546951293945
1999-03-23,11.811888694763184
1999-03-24,11.781987190246582
1999-03-25,12.05111312866211
1999-03-26,11.946460723876953
1999-03-29,12.215587615966797
1999-03-30,12.073549270629883
1999-03-31,11.931507110595703
1999-04-01,11.961411476135254
1999-04-05,12.200641632080078
1999-04-06,12.110930442810059
1999-04-07,12.43986701965332
1999-04-08,12.664137840270996
1999-04-09,12.634239196777344
1999-04-12,12.858518600463867
1999-04-13,12.84356689453125
1999-04-14,12.679097175598145
1999-04-15,12.559489250183105
1999-04-16,12.49966812133789
1999-04-19,12.49966812133789
1999-04-20,12.664137840270996
1999-04-21,12.858518600463867
1999-04-22,12.993080139160156
1999-04-23,12.948225975036621
1999-04-26,12.753857612609863
1999-04-27,12.978124618530273
1999-04-28,12.903371810913086
1999-04-29,12.948225975036621
1999-04-30,12.768810272216797
1999-05-03,12.918317794799805
1999-05-04,12.514622688293457
1999-05-05,12.589387893676758
1999-05-06,12.380056381225586
1999-05-07,12.619290351867676
1999-05-10,12.574440956115723
1999-05-11,12.72394847869873
1999-05-12,12.903371810913086
1999-05-13,13.022985458374023
1999-05-14,12.619290351867676
1999-05-17,12.380056381225586
1999-05-18,12.40996265411377
1999-05-19,12.49966812133789
1999-05-20,12.335206031799316
1999-05-21,12.30530071258545
1999-05-24,12.036169052124023
1999-05-25,11.722185134887695
1999-05-26,12.103452682495117
1999-05-27,11.811888694763184
1999-05-28,11.998785972595215
1999-06-01,11.8268461227417
1999-06-02,11.752083778381348
1999-06-03,11.744608879089355
1999-06-04,11.961411476135254
1999-06-07,12.185686111450195
1999-06-08,11.968883514404297
1999-06-09,11.938984870910645
1999-06-10,11.714709281921387
1999-06-11,11.737135887145996
1999-06-14,11.677330017089844
1999-06-15,11.737135887145996
1999-06-16,12.043644905090332
1999-06-17,12.275391578674316
1999-06-18,12.29447078704834
1999-06-21,12.36943531036377
1999-06-22,12.23449420928955
1999-06-23,12.114554405212402
1999-06-24,11.919636726379395
1999-06-25,11.949621200561523
1999-06-28,12.226993560791016
1999-06-29,12.264482498168945
1999-06-30,12.51936149597168
1999-07-01,12.654304504394531
1999-07-02,12.654304504394531
1999-07-06,12.759258270263672
1999-07-07,12.71428394317627
1999-07-08,12.669292449951172
1999-07-09,12.68429946899414
1999-07-12,12.579339981079102
1999-07-13,12.444400787353516
1999-07-14,12.474385261535645
1999-07-15,12.586838722229004
1999-07-16,12.654304504394531
1999-07-19,12.564352035522461
1999-07-20,12.4069185256958
1999-07-21,12.264482498168945
1999-07-22,12.279479026794434
1999-07-23,12.144540786743164
1999-07-26,12.189516067504883
1999-07-27,12.354449272155762
1999-07-28,12.204511642456055
1999-07-29,12.024588584899902
1999-07-30,11.754709243774414
1999-08-02,11.694741249084473
1999-08-03,11.544806480407715
1999-08-04,11.394875526428223
1999-08-05,11.43985366821289
1999-08-06,11.13998794555664
1999-08-09,11.169974327087402
1999-08-10,10.975061416625977
1999-08-11,11.184967994689941
1999-08-12,11.237442970275879
1999-08-13,11.604779243469238
1999-08-16,11.559798240661621
1999-08-17,11.979610443115234
1999-08-18,11.852164268493652
1999-08-19,11.694741249084473
1999-08-20,11.859659194946289
1999-08-23,12.174527168273926
1999-08-24,12.204511642456055
1999-08-25,12.1070556640625
1999-08-26,11.829682350158691
1999-08-27,11.634770393371582
1999-08-30,11.252436637878418
1999-08-31,11.237442970275879
1999-09-01,11.289925575256348
1999-09-02,11.07252311706543
1999-09-03,11.634770393371582
1999-09-07,11.31990909576416
1999-09-08,11.244938850402832
1999-09-09,11.110002517700195
1999-09-10,11.192464828491211
1999-09-13,11.087508201599121
1999-09-14,10.885106086730957
1999-09-15,10.832626342773438
1999-09-16,10.795138359069824
1999-09-17,11.026811599731445
1999-09-20,10.898948669433594
1999-09-21,10.725945472717285
1999-09-22,10.718421936035156
1999-09-23,10.63568115234375
1999-09-24,10.71090030670166
1999-09-27,10.530378341674805
1999-09-28,10.515335083007812
1999-09-29,10.440116882324219
1999-09-30,10.650731086730957
1999-10-01,10.47020435333252
1999-10-04,10.868860244750977
1999-10-05,10.913987159729004
1999-10-06,11.102029800415039
1999-10-07,10.996723175048828
1999-10-08,11.192283630371094
1999-10-11,11.071945190429688
1999-10-12,10.861333847045898
1999-10-13,10.537904739379883
1999-10-14,10.522859573364258
1999-10-15,10.048990249633789
1999-10-18,10.372422218322754
1999-10-19,10.59055233001709
1999-10-20,10.778594017028809
1999-10-21,10.831245422363281
1999-10-22,11.282547950744629
1999-10-25,11.184769630432129
1999-10-26,11.011767387390137
1999-10-27,11.553329467773438
1999-10-28,12.373191833496094
1999-10-29,12.305500984191895
1999-11-01,12.155072212219238
1999-11-02,12.140020370483398
1999-11-03,12.087366104125977
1999-11-04,12.2302827835083
1999-11-05,12.53115463256836
1999-11-08,12.463457107543945
1999-11-09,12.222760200500488
1999-11-10,12.034723281860352
1999-11-11,11.967022895812988
1999-11-12,12.486019134521484
1999-11-15,12.478499412536621
1999-11-16,12.816978454589844
1999-11-17,12.546197891235352
1999-11-18,12.508593559265137
1999-11-19,12.320549011230469
1999-11-22,12.275410652160645
1999-11-23,12.079856872558594
1999-11-24,11.936934471130371
1999-11-26,11.854198455810547
1999-11-29,11.568370819091797
1999-11-30,11.76393985748291
1999-12-01,11.673681259155273
1999-12-02,11.72633171081543
1999-12-03,12.004632949829102
1999-12-06,11.68120002746582
1999-12-07,11.658631324768066
1999-12-08,11.380327224731445
1999-12-09,11.545808792114258
1999-12-10,11.74889850616455
1999-12-13,11.61350154876709
1999-12-14,11.335201263427734
1999-12-15,11.305115699768066
1999-12-16,11.056901931762695
1999-12-17,11.142777442932129
1999-12-20,11.0521879196167
1999-12-21,11.26356315612793
1999-12-22,11.26356315612793
1999-12-23,11.444751739501953
1999-12-27,11.354159355163574
1999-12-28,11.30886459350586
1999-12-29,11.422102928161621
1999-12-30,11.474946022033691
1999-12-31,11.482495307922363
2000-01-03,11.0521879196167
2000-01-04,10.5690279006958
2000-01-05,10.485986709594727
2000-01-06,10.946497917175293
2000-01-07,11.127680778503418
2000-01-10,10.931400299072266
2000-01-11,10.750212669372559
2000-01-12,10.961593627929688
2000-01-13,11.293766975402832
2000-01-14,11.557991027832031
2000-01-18,11.172978401184082
2000-01-19,11.135228157043457
2000-01-20,10.931400299072266
2000-01-21,10.795510292053223
2000-01-24,10.599225044250488
2000-01-25,10.712464332580566
2000-01-26,11.112581253051758
2000-01-27,11.233366966247559
2000-01-28,10.840810775756836
2000-01-31,11.142777442932129
2000-02-01,11.20317554473877
2000-02-02,11.089932441711426
2000-02-03,11.021988868713379
2000-02-04,10.908754348754883
2000-02-07,10.795510292053223
2000-02-08,10.916298866271973
2000-02-09,10.659624099731445
2000-02-10,10.365201950073242
2000-02-11,10.387846946716309
2000-02-14,10.478440284729004
2000-02-15,10.493535995483398
2000-02-16,10.274606704711914
2000-02-17,10.146272659301758
2000-02-18,9.783906936645508
2000-02-22,9.874493598937988
2000-02-23,9.836749076843262
2000-02-24,9.632917404174805
2000-02-25,9.572519302368164
2000-02-28,9.88204574584961
2000-02-29,9.949987411499023
2000-03-01,10.085872650146484
2000-03-02,10.025485038757324
2000-03-03,10.116076469421387
2000-03-06,10.017932891845703
2000-03-07,9.715959548950195
2000-03-08,9.602723121643066
2000-03-09,9.655563354492188
2000-03-10,9.685765266418457
2000-03-13,9.783906936645508
2000-03-14,9.746160507202148
2000-03-15,10.342557907104492
2000-03-16,11.233366966247559
2000-03-17,11.236711502075195
2000-03-20,11.024545669555664
2000-03-21,11.426133155822754
2000-03-22,11.52463150024414
2000-03-23,11.926209449768066
2000-03-24,12.062600135803223
2000-03-27,11.668594360351562
2000-03-28,11.759510040283203
2000-03-29,11.668594360351562
2000-03-30,11.691324234008789
2000-03-31,11.767097473144531
2000-04-03,12.335371017456055
2000-04-04,11.842864036560059
2000-04-05,11.75194263458252
2000-04-06,11.880752563476562
2000-04-07,11.638286590576172
2000-04-10,11.97166919708252
2000-04-11,12.123217582702637
2000-04-12,12.176255226135254
2000-04-13,11.858020782470703
2000-04-14,10.895742416381836
2000-04-17,10.986665725708008
2000-04-18,11.426133155822754
2000-04-19,11.27458667755127
2000-04-20,11.486745834350586
2000-04-24,11.759510040283203
2000-04-25,12.123217582702637
2000-04-26,11.880752563476562
2000-04-27,11.638286590576172
2000-04-28,11.880752563476562
2000-05-01,11.615557670593262
2000-05-02,11.501901626586914
2000-05-03,11.297316551208496
2000-05-04,11.123050689697266
2000-05-05,11.19881820678711
2000-05-08,11.41855239868164
2000-05-09,11.38824462890625
2000-05-10,11.085161209106445
2000-05-11,11.41855239868164
2000-05-12,11.54736614227295
2000-05-15,12.062600135803223
2000-05-16,11.994403839111328
2000-05-17,11.789826393127441
2000-05-18,11.941364288330078
2000-05-19,11.729207992553711
2000-05-22,11.880752563476562
2000-05-23,11.956522941589355
2000-05-24,12.108059883117676
2000-05-25,11.804971694946289
2000-05-26,11.759510040283203
2000-05-30,12.001984596252441
2000-05-31,12.145950317382812
2000-06-01,12.54753303527832
2000-06-02,13.062760353088379
2000-06-05,12.76725959777832
2000-06-06,12.48691463470459
2000-06-07,12.668755531311035
2000-06-08,12.4566011428833
2000-06-09,12.2444486618042
2000-06-12,12.35052490234375
2000-06-13,12.335371017456055
2000-06-14,12.54753303527832
2000-06-15,12.252018928527832
2000-06-16,11.678500175476074
2000-06-19,11.98262882232666
2000-06-20,11.83056640625
2000-06-21,11.73932933807373
2000-06-22,11.731724739074707
2000-06-23,11.648087501525879
2000-06-26,11.83056640625
2000-06-27,11.944615364074707
2000-06-28,11.853372573852539
2000-06-29,11.84576416015625
2000-06-30,11.556849479675293
2000-07-03,11.769739151000977
2000-07-05,11.898992538452148
2000-07-06,11.990234375
2000-07-07,12.195512771606445
2000-07-10,12.225929260253906
2000-07-11,12.286754608154297
2000-07-12,12.461626052856445
2000-07-13,12.339980125427246
2000-07-14,12.545262336730957
2000-07-17,12.309565544128418
2000-07-18,12.332376480102539
2000-07-19,12.286754608154297
2000-07-20,12.598485946655273
2000-07-21,12.560469627380371
2000-07-24,12.636505126953125
2000-07-25,12.65931224822998
2000-07-26,12.598485946655273
2000-07-27,12.636505126953125
2000-07-28,12.362789154052734
2000-07-31,12.575679779052734
2000-08-01,12.65931224822998
2000-08-02,12.644102096557617
2000-08-03,12.978646278381348
2000-08-04,13.480456352233887
2000-08-07,13.51846981048584
2000-08-08,13.51846981048584
2000-08-09,13.427238464355469
2000-08-10,13.351204872131348
2000-08-11,13.556482315063477
2000-08-14,13.731354713439941
2000-08-15,13.480456352233887
2000-08-16,13.320796966552734
2000-08-17,13.49565601348877
2000-08-18,13.396821975708008
2000-08-21,13.503268241882324
2000-08-22,13.647726058959961
2000-08-23,13.472855567932129
2000-08-24,13.450041770935059
2000-08-25,13.267562866210938
2000-08-28,13.51846981048584
2000-08-29,13.381616592407227
2000-08-30,13.503268241882324
2000-08-31,13.853008270263672
2000-09-01,13.624918937683105
2000-09-05,13.79218864440918
2000-09-06,13.898629188537598
2000-09-07,13.784581184387207
2000-09-08,14.0963134765625
2000-09-11,14.377634048461914
2000-09-12,14.354825973510742
2000-09-13,14.263583183288574
2000-09-14,14.21036434173584
2000-09-15,13.97877025604248
2000-09-18,13.513575553894043
2000-09-19,13.803375244140625
2000-09-20,13.605088233947754
2000-09-21,13.452559471130371
2000-09-22,13.711868286132812
2000-09-25,13.93300724029541
2000-09-26,13.841507911682129
2000-09-27,13.849129676818848
2000-09-28,14.199930191040039
2000-09-29,14.154170989990234
2000-10-02,14.352446556091309
2000-10-03,14.33719539642334
2000-10-04,14.154170989990234
2000-10-05,14.291443824768066
2000-10-06,13.696600914001465
2000-10-09,13.483071327209473
2000-10-10,13.094137191772461
2000-10-11,13.117011070251465
2000-10-12,12.354397773742676
2000-10-13,12.99499797821045
2000-10-16,13.10938835144043
2000-10-17,12.750955581665039
2000-10-18,12.606062889099121
2000-10-19,13.200896263122559
2000-10-20,13.254281997680664
2000-10-23,13.033126831054688
2000-10-24,13.361055374145508
2000-10-25,13.437315940856934
2000-10-26,13.002620697021484
2000-10-27,13.429688453674316
2000-10-30,13.917765617370605
2000-10-31,14.032151222229004
2000-11-01,13.971146583557129
2000-11-02,14.039782524108887
2000-11-03,14.0016508102417
2000-11-06,14.192302703857422
2000-11-07,14.146541595458984
2000-11-08,13.894881248474121
2000-11-09,13.99403190612793
2000-11-10,13.841507911682129
2000-11-13,13.513575553894043
2000-11-14,13.589836120605469
2000-11-15,13.483071327209473
2000-11-16,13.437315940856934
2000-11-17,13.33054256439209
2000-11-20,12.933979988098145
2000-11-21,12.96449089050293
2000-11-22,12.651815414428711
2000-11-24,12.743335723876953
2000-11-27,12.918731689453125
2000-11-28,13.056000709533691
2000-11-29,13.376306533813477
2000-11-30,13.31528377532959
2000-12-01,13.239036560058594
2000-12-04,13.178021430969238
2000-12-05,13.727104187011719
2000-12-06,13.666098594665527
2000-12-07,13.696600914001465
2000-12-08,14.093168258666992
2000-12-11,14.207558631896973
2000-12-12,14.039782524108887
2000-12-13,14.047410011291504
2000-12-14,13.643219947814941
2000-12-15,13.586511611938477
2000-12-18,13.984535217285156
2000-12-19,13.83145523071289
2000-12-20,13.701333999633789
2000-12-21,14.022820472717285
2000-12-22,14.137638092041016
2000-12-26,14.390219688415527
2000-12-27,14.482087135314941
2000-12-28,14.627510070800781
2000-12-29,14.451460838317871
2001-01-02,14.04578685760498
2001-01-03,14.803560256958008
2001-01-04,14.543314933776855
2001-01-05,14.237138748168945
2001-01-08,14.091708183288574
2001-01-09,13.854425430297852
2001-01-10,14.084049224853516
2001-01-11,14.114666938781738
2001-01-12,13.846756935119629
2001-01-16,14.091708183288574
2001-01-17,14.114666938781738
2001-01-18,13.907999992370605
2001-01-19,13.808494567871094
2001-01-22,14.053434371948242
2001-01-23,14.191208839416504
2001-01-24,14.275413513183594
2001-01-25,14.405533790588379
2001-01-26,14.45911979675293
2001-01-29,14.47105884552002
2001-01-30,14.598429679870605
2001-01-31,14.417173385620117
2001-02-01,14.436767578125
2001-02-02,14.475951194763184
2001-02-05,14.573929786682129
2001-02-06,14.289794921875
2001-02-07,14.255509376525879
2001-02-08,14.21631908416748
2001-02-09,14.275106430053711
2001-02-12,14.475951194763184
2001-02-13,14.39267635345459
2001-02-14,14.226114273071289
2001-02-15,14.226114273071289
2001-02-16,14.231010437011719
2001-02-20,13.70683765411377
2001-02-21,13.30024242401123
2001-02-22,13.393321990966797
2001-02-23,13.329635620117188
2001-02-26,13.62357234954834
2001-02-27,13.770526885986328
2001-02-28,13.447202682495117
2001-03-01,13.461899757385254
2001-03-02,13.481486320495605
2001-03-05,13.41291618347168
2001-03-06,13.452105522155762
2001-03-07,13.736231803894043
2001-03-08,13.790117263793945
2001-03-09,13.47170352935791
2001-03-12,12.810361862182617
2001-03-13,13.153281211853027
2001-03-14,12.54582691192627
2001-03-15,12.923038482666016
2001-03-16,12.754449844360352
2001-03-19,12.901910781860352
2001-03-20,12.543105125427246
2001-03-21,12.17939567565918
2001-03-22,11.86483383178711
2001-03-23,12.366162300109863
2001-03-26,12.562763214111328
2001-03-27,12.916643142700195
2001-03-28,12.847833633422852
2001-03-29,12.818344116210938
2001-03-30,13.04443359375
2001-04-02,13.103409767150879
2001-04-03,12.661067008972168
2001-04-04,12.351421356201172
2001-04-05,12.80360221862793
2001-04-06,12.518534660339355
2001-04-09,12.513615608215332
2001-04-10,12.877326965332031
2001-04-11,12.985459327697754
2001-04-12,13.08375358581543
2001-04-16,12.990364074707031
2001-04-17,13.098502159118652
2001-04-18,13.64898681640625
2001-04-19,13.722707748413086
2001-04-20,13.48678207397461
2001-04-23,13.319671630859375
2001-04-24,13.250868797302246
2001-04-25,13.393403053283691
2001-04-26,13.44746208190918
2001-04-27,13.737448692321777
2001-04-30,13.516277313232422
2001-05-01,13.629319190979004
2001-05-02,13.737448692321777
2001-05-03,13.742372512817383
2001-05-04,13.909480094909668
2001-05-07,13.821002960205078
2001-05-08,13.678470611572266
2001-05-09,13.66372299194336
2001-05-10,13.668645858764648
2001-05-11,13.540852546691895
2001-05-14,13.653898239135742
2001-05-15,13.737448692321777
2001-05-16,14.106078147888184
2001-05-17,14.032358169555664
2001-05-18,13.953717231750488
2001-05-21,14.15031623840332
2001-05-22,14.292850494384766
2001-05-23,14.233866691589355
2001-05-24,14.287934303283691
2001-05-25,14.096247673034668
2001-05-29,14.106078147888184
2001-05-30,13.988116264343262
2001-05-31,14.110986709594727
2001-06-01,14.086416244506836
2001-06-04,14.199466705322266
2001-06-05,14.263358116149902
2001-06-06,14.1552152633667
2001-06-07,14.061841011047363
2001-06-08,13.978283882141113
2001-06-11,13.845586776733398
2001-06-12,13.88981819152832
2001-06-13,13.776772499084473
2001-06-14,13.535934448242188
2001-06-15,13.605501174926758
2001-06-18,13.640023231506348
2001-06-19,13.763347625732422
2001-06-20,13.837343215942383
2001-06-21,14.394796371459961
2001-06-22,14.207324028015137
2001-06-25,14.093867301940918
2001-06-26,13.916279792785645
2001-06-27,13.921212196350098
2001-06-28,14.10373592376709
2001-06-29,14.010010719299316
2001-07-02,14.18266487121582
2001-07-03,14.172797203063965
2001-07-05,14.084009170532227
2001-07-06,13.797882080078125
2001-07-09,13.84228229522705
2001-07-10,13.506830215454102
2001-07-11,13.482161521911621
2001-07-12,13.718957901000977
2001-07-13,13.88174819946289
2001-07-16,13.684420585632324
2001-07-17,13.965607643127441
2001-07-18,13.886674880981445
2001-07-19,13.792959213256836
2001-07-20,13.728816032409668
2001-07-23,13.654831886291504
2001-07-24,13.477231979370117
2001-07-25,13.580827713012695
2001-07-26,13.689360618591309
2001-07-27,13.76828670501709
2001-07-30,13.723889350891113
2001-07-31,13.876814842224121
2001-08-01,13.936010360717773
2001-08-02,13.916279792785645
2001-08-03,13.97547721862793
2001-08-06,13.773221969604492
2001-08-07,13.921212196350098
2001-08-08,13.640023231506348
2001-08-09,13.704155921936035
2001-08-10,13.714021682739258
2001-08-13,13.699227333068848
2001-08-14,13.704155921936035
2001-08-15,13.649890899658203
2001-08-16,13.61042308807373
2001-08-17,13.408166885375977
2001-08-20,13.541359901428223
2001-08-21,13.373637199401855
2001-08-22,13.43283748626709
2001-08-23,13.437766075134277
2001-08-24,13.472297668457031
2001-08-27,13.339111328125
2001-08-28,13.126984596252441
2001-08-29,13.008588790893555
2001-08-30,12.919791221618652
2001-08-31,12.959258079528809
2001-09-04,12.904993057250977
2001-09-05,12.826061248779297
2001-09-06,12.53007698059082
2001-09-07,12.283421516418457
2001-09-10,12.308090209960938
2001-09-17,11.765448570251465
2001-09-18,11.617452621459961
2001-09-19,11.533596992492676
2001-09-20,11.025479316711426
2001-09-21,10.851560592651367
2001-09-24,11.416438102722168
2001-09-25,11.59976863861084
2001-09-26,11.713739395141602
2001-09-27,11.906983375549316
2001-09-28,12.22906494140625
2001-10-01,12.19437026977539
2001-10-02,12.362852096557617
2001-10-03,12.561046600341797
2001-10-04,12.461949348449707
2001-10-05,12.120054244995117
2001-10-08,11.847521781921387
2001-10-09,11.946629524230957
2001-10-10,12.134919166564941
2001-10-11,12.328164100646973
2001-10-12,12.134919166564941
2001-10-15,12.18942642211914
2001-10-16,12.387627601623535
2001-10-17,12.263751029968262
2001-10-18,12.248881340026855
2001-10-19,12.050684928894043
2001-10-22,12.343031883239746
2001-10-23,12.372756004333496
2001-10-24,12.328164100646973
2001-10-25,12.491679191589355
2001-10-26,12.63537883758545
2001-10-29,12.18942642211914
2001-10-30,12.164645195007324
2001-10-31,12.055636405944824
2001-11-01,12.253837585449219
2001-11-02,12.318256378173828
2001-11-05,12.58582592010498
2001-11-06,12.739436149597168
2001-11-07,12.78899097442627
2001-11-08,12.82862663269043
2001-11-09,12.744390487670898
2001-11-12,12.684925079345703
2001-11-13,13.02682876586914
2001-11-14,13.002055168151855
2001-11-15,12.922771453857422
2001-11-16,12.858353614807129
2001-11-19,13.120978355407715
2001-11-20,13.04664421081543
2001-11-21,12.93267822265625
2001-11-23,13.13087272644043
2001-11-26,13.200246810913086
2001-11-27,13.229982376098633
2001-11-28,12.833577156066895
2001-11-29,12.972319602966309
2001-11-30,12.838536262512207
2001-12-03,12.660155296325684
2001-12-04,12.833577156066895
2001-12-05,13.011961936950684
2001-12-06,13.18043327331543
2001-12-07,13.0912446975708
2001-12-10,12.883127212524414
2001-12-11,12.957457542419434
2001-12-12,12.907909393310547
2001-12-13,12.704744338989258
2001-12-14,12.63537883758545
2001-12-17,12.808806419372559
2001-12-18,12.927721977233887
2001-12-19,13.18043327331543
2001-12-20,13.125925064086914
2001-12-21,13.033856391906738
2001-12-24,13.023904800415039
2001-12-26,13.08362865447998
2001-12-27,13.07368278503418
2001-12-28,13.21302318572998
2001-12-31,13.088600158691406
2002-01-02,13.07368278503418
2002-01-03,13.163251876831055
2002-01-04,13.337435722351074
2002-01-07,13.302597045898438
2002-01-08,13.118460655212402
2002-01-09,13.188132286071777
2002-01-10,13.138362884521484
2002-01-11,13.063720703125
2002-01-14,12.964186668395996
2002-01-15,13.247859954833984
2002-01-16,13.08362865447998
2002-01-17,13.208040237426758
2002-01-18,13.15827465057373
2002-01-22,13.11349105834961
2002-01-23,13.173206329345703
2002-01-24,13.188132286071777
2002-01-25,13.272743225097656
2002-01-28,13.138362884521484
2002-01-29,12.566054344177246
2002-01-30,12.72530460357666
2002-01-31,12.939303398132324
2002-02-01,12.780048370361328
2002-02-04,12.317217826843262
2002-02-05,12.317217826843262
2002-02-06,12.143037796020508
2002-02-07,12.257498741149902
2002-02-08,12.580982208251953
2002-02-11,12.690474510192871
2002-02-12,12.546149253845215
2002-02-13,12.799954414367676
2002-02-14,12.775070190429688
2002-02-15,12.576007843017578
2002-02-19,12.232621192932129
2002-02-20,12.461541175842285
2002-02-21,12.317217826843262
2002-02-22,12.242572784423828
2002-02-25,12.55610179901123
2002-02-26,12.546149253845215
2002-02-27,12.675544738769531
2002-02-28,12.715354919433594
2002-03-01,12.889535903930664
2002-03-04,13.327482223510742
2002-03-05,13.337435722351074
2002-03-06,13.561381340026855
2002-03-07,13.441946983337402
2002-03-08,13.501662254333496
2002-03-11,13.581279754638672
2002-03-12,13.586260795593262
2002-03-13,13.4618501663208
2002-03-14,13.496685028076172
2002-03-15,13.781305313110352
2002-03-18,13.751340866088867
2002-03-19,13.746347427368164
2002-03-20,13.531633377075195
2002-03-21,13.536629676818848
2002-03-22,13.531633377075195
2002-03-25,13.316934585571289
2002-03-26,13.481707572937012
2002-03-27,13.656471252441406
2002-03-28,13.556602478027344
2002-04-01,13.531633377075195
2002-04-02,13.581571578979492
2002-04-03,13.381844520568848
2002-04-04,13.501678466796875
2002-04-05,13.566593170166016
2002-04-08,13.606534957885742
2002-04-09,13.691423416137695
2002-04-10,13.741355895996094
2002-04-11,13.401815414428711
2002-04-12,13.571592330932617
2002-04-15,13.396825790405273
2002-04-16,13.6714506149292
2002-04-17,13.706400871276855
2002-04-18,13.706400871276855
2002-04-19,13.68143081665039
2002-04-22,13.496684074401855
2002-04-23,13.43177318572998
2002-04-24,13.346888542175293
2002-04-25,13.222067832946777
2002-04-26,13.172127723693848
2002-04-29,13.057281494140625
2002-04-30,13.212080001831055
2002-05-01,13.301957130432129
2002-05-02,13.43177318572998
2002-05-03,13.36686897277832
2002-05-06,13.057281494140625
2002-05-07,12.997364044189453
2002-05-08,13.381844520568848
2002-05-09,13.222067832946777
2002-05-10,13.052288055419922
2002-05-13,13.286969184875488
2002-05-14,13.491695404052734
2002-05-15,13.426783561706543
2002-05-16,13.58656120300293
2002-05-17,13.646470069885254
2002-05-20,13.411799430847168
2002-05-21,13.286969184875488
2002-05-22,13.311938285827637
2002-05-23,13.456742286682129
2002-05-24,13.36686897277832
2002-05-28,13.227049827575684
2002-05-29,13.222067832946777
2002-05-30,13.167133331298828
2002-05-31,13.172127723693848
2002-06-03,12.91247844696045
2002-06-04,12.82759952545166
2002-06-05,12.952422142028809
2002-06-06,12.672799110412598
2002-06-07,12.712749481201172
2002-06-10,12.782649040222168
2002-06-11,12.557958602905273
2002-06-12,12.627867698669434
2002-06-13,12.333266258239746
2002-06-14,12.448110580444336
2002-06-17,13.007352828979492
2002-06-18,13.032318115234375
2002-06-19,12.907486915588379
2002-06-20,12.647838592529297
2002-06-21,12.508410453796387
2002-06-24,12.543516159057617
2002-06-25,12.423152923583984
2002-06-26,12.187427520751953
2002-06-27,12.448225975036621
2002-06-28,12.608715057373047
2002-07-01,12.347920417785645
2002-07-02,12.177398681640625
2002-07-03,12.041977882385254
2002-07-05,12.503397941589355
2002-07-08,12.438193321228027
2002-07-09,12.112191200256348
2002-07-10,11.726009368896484
2002-07-11,11.886502265930176
2002-07-12,11.710967063903809
2002-07-15,11.710967063903809
2002-07-16,11.475236892700195
2002-07-17,11.405030250549316
2002-07-18,11.008805274963379
2002-07-19,10.77308177947998
2002-07-22,10.406957626342773
2002-07-23,9.815143585205078
2002-07-24,10.406957626342773
2002-07-25,10.33172607421875
2002-07-26,10.647699356079102
2002-07-29,11.359882354736328
2002-07-30,11.384957313537598
2002-07-31,11.56049919128418
2002-08-01,11.274615287780762
2002-08-02,10.988750457763672
2002-08-05,10.55742359161377
2002-08-06,10.903483390808105
2002-08-07,11.043914794921875
2002-08-08,11.620689392089844
2002-08-09,11.720996856689453
2002-08-12,11.590591430664062
2002-08-13,11.314749717712402
2002-08-14,11.766128540039062
2002-08-15,11.911579132080078
2002-08-16,11.826316833496094
2002-08-19,12.127232551574707
2002-08-20,11.961730003356934
2002-08-21,11.986811637878418
2002-08-22,12.127232551574707
2002-08-23,11.871456146240234
2002-08-26,12.046990394592285
2002-08-27,11.936650276184082
2002-08-28,11.74105167388916
2002-08-29,11.75108528137207
2002-08-30,11.776163101196289
2002-09-03,11.199390411376953
2002-09-04,11.410037994384766
2002-09-05,11.239517211914062
2002-09-06,11.410037994384766
2002-09-09,11.590591430664062
2002-09-10,11.520378112792969
2002-09-11,11.455171585083008
2002-09-12,11.13419246673584
2002-09-13,11.219450950622559
2002-09-16,11.194375038146973
2002-09-17,10.953638076782227
2002-09-18,10.863364219665527
2002-09-19,10.487202644348145
2002-09-20,10.43779182434082
2002-09-23,10.442826271057129
2002-09-24,10.241134643554688
2002-09-25,10.442826271057129
2002-09-26,10.745376586914062
2002-09-27,10.412578582763672
2002-09-30,10.422661781311035
2002-10-01,10.866394996643066
2002-10-02,10.43274974822998
2002-10-03,10.014226913452148
2002-10-04,9.736893653869629
2002-10-07,9.429308891296387
2002-10-08,9.792362213134766
2002-10-09,9.378885269165039
2002-10-10,9.873040199279785
2002-10-11,10.392407417297363
2002-10-14,10.468046188354492
2002-10-15,11.219359397888184
2002-10-16,11.01766586303711
2002-10-17,11.34542179107666
2002-10-18,11.335332870483398
2002-10-21,11.521902084350586
2002-10-22,11.416017532348633
2002-10-23,11.421059608459473
2002-10-24,11.214324951171875
2002-10-25,11.496695518493652
2002-10-28,11.466442108154297
2002-10-29,11.340380668640137
2002-10-30,11.466442108154297
2002-10-31,11.375678062438965
2002-11-01,11.537029266357422
2002-11-04,11.632838249206543
2002-11-05,11.673178672790527
2002-11-06,11.69839096069336
2002-11-07,11.274829864501953
2002-11-08,11.214324951171875
2002-11-11,11.09329891204834
2002-11-12,11.209277153015137
2002-11-13,11.15380859375
2002-11-14,11.491657257080078
2002-11-15,11.597545623779297
2002-11-18,11.395848274230957
2002-11-19,11.40089225769043
2002-11-20,11.68830394744873
2002-11-21,11.965642929077148
2002-11-22,11.884965896606445
2002-11-25,11.864790916442871
2002-11-26,11.542078018188477
2002-11-27,11.900087356567383
2002-11-29,11.799238204956055
2002-12-02,11.799238204956055
2002-12-03,11.627799987792969
2002-12-04,11.627799987792969
2002-12-05,11.426102638244629
2002-12-06,11.516860008239746
2002-12-09,11.294998168945312
2002-12-10,11.466442108154297
2002-12-11,11.476526260375977
2002-12-12,11.426102638244629
2002-12-13,11.294998168945312
2002-12-16,11.617716789245605
2002-12-17,11.56224536895752
2002-12-18,11.34542179107666
2002-12-19,11.244574546813965
2002-12-20,11.489583969116211
2002-12-23,11.46422290802002
2002-12-24,11.362767219543457
2002-12-26,11.327255249023438
2002-12-27,11.119277000427246
2002-12-30,11.200439453125
2002-12-31,11.159860610961914
2003-01-02,11.565672874450684
2003-01-03,11.55553150177002
2003-01-06,11.946124076843262
2003-01-07,11.81423568725586
2003-01-08,11.692486763000488
2003-01-09,11.92582893371582
2003-01-10,11.920761108398438
2003-01-13,11.956274032592773
2003-01-14,12.047576904296875
2003-01-15,11.870036125183105
2003-01-16,11.753368377685547
2003-01-17,11.717855453491211
2003-01-21,11.525092124938965
2003-01-22,11.342476844787598
2003-01-23,11.514946937561035
2003-01-24,11.073625564575195
2003-01-27,10.906224250793457
2003-01-28,11.063474655151367
2003-01-29,11.083771705627441
2003-01-30,10.80477523803711
2003-01-31,11.017823219299316
2003-02-03,11.043190956115723
2003-02-04,10.779413223266602
2003-02-05,10.677959442138672
2003-02-06,10.55114459991455
2003-02-07,10.480123519897461
2003-02-10,10.55114459991455
2003-02-11,10.404031753540039
2003-02-12,10.272143363952637
2003-02-13,10.348233222961426
2003-02-14,10.581578254699707
2003-02-18,10.74897289276123
2003-02-19,10.723613739013672
2003-02-20,10.62215805053711
2003-02-21,10.779413223266602
2003-02-24,10.495342254638672
2003-02-25,10.596795082092285
2003-02-26,10.475050926208496
2003-02-27,10.62723445892334
2003-02-28,10.677959442138672
2003-03-03,10.561286926269531
2003-03-04,10.409106254577637
2003-03-05,10.55621337890625
2003-03-06,10.409106254577637
2003-03-07,10.50041389465332
2003-03-10,10.119963645935059
2003-03-11,9.952569007873535
2003-03-12,9.967785835266113
2003-03-13,10.393889427185059
2003-03-14,10.43953800201416
2003-03-17,10.759124755859375
2003-03-18,10.819994926452637
2003-03-19,10.977243423461914
2003-03-20,10.992463111877441
2003-03-21,11.2711820602417
2003-03-24,10.878829956054688
2003-03-25,10.960359573364258
2003-03-26,10.909405708312988
2003-03-27,10.843169212341309
2003-03-28,10.832975387573242
2003-03-31,10.578200340270996
2003-04-01,10.858450889587402
2003-04-02,11.143794059753418
2003-04-03,11.09284496307373
2003-04-04,11.204944610595703
2003-04-07,11.245706558227539
2003-04-08,11.245706558227539
2003-04-09,11.087745666503906
2003-04-10,11.179463386535645
2003-04-11,11.174369812011719
2003-04-14,11.398569107055664
2003-04-15,11.59219741821289
2003-04-16,11.434240341186523
2003-04-17,11.638055801391602
2003-04-21,11.597296714782715
2003-04-22,11.953974723815918
2003-04-23,12.040599822998047
2003-04-24,11.790925025939941
2003-04-25,11.663537979125977
2003-04-28,11.867355346679688
2003-04-29,11.882641792297363
2003-04-30,11.908120155334473
2003-05-01,11.903022766113281
2003-05-02,12.091558456420898
2003-05-05,12.040599822998047
2003-05-06,12.132314682006836
2003-05-07,12.055891036987305
2003-05-08,11.91831111907959
2003-05-09,11.994743347167969
2003-05-12,12.132314682006836
2003-05-13,12.096648216247559
2003-05-14,12.091558456420898
2003-05-15,12.213849067687988
2003-05-16,12.24442195892334
2003-05-19,11.913220405578613
2003-05-20,11.923406600952148
2003-05-21,11.948880195617676
2003-05-22,11.984552383422852
2003-05-23,12.030409812927246
2003-05-27,12.249513626098633
2003-05-28,12.397287368774414
2003-05-29,12.264806747436523
2003-05-30,12.51447582244873
2003-06-02,12.626585006713867
2003-06-03,12.697921752929688
2003-06-04,12.881354331970215
2003-06-05,12.962883949279785
2003-06-06,12.952686309814453
2003-06-09,12.682636260986328
2003-06-10,12.789629936218262
2003-06-11,12.98326587677002
2003-06-12,12.957788467407227
2003-06-13,12.911928176879883
2003-06-16,13.227852821350098
2003-06-17,13.222748756408691
2003-06-18,13.095366477966309
2003-06-19,12.784547805786133
2003-06-20,12.823443412780762
2003-06-23,12.623795509338379
2003-06-24,12.695462226867676
2003-06-25,12.613566398620605
2003-06-26,12.721060752868652
2003-06-27,12.613566398620605
2003-06-30,12.567490577697754
2003-07-01,12.715948104858398
2003-07-02,12.874635696411133
2003-07-03,12.813209533691406
2003-07-07,13.033329963684082
2003-07-08,13.12035846710205
2003-07-09,13.09987735748291
2003-07-10,12.910469055175781
2003-07-11,13.089638710021973
2003-07-14,13.335359573364258
2003-07-15,13.263687133789062
2003-07-16,13.197141647338867
2003-07-17,12.977015495300293
2003-07-18,13.135716438293457
2003-07-21,12.982135772705078
2003-07-22,13.110115051269531
2003-07-23,13.069164276123047
2003-07-24,13.012849807739258
2003-07-25,13.319999694824219
2003-07-28,13.26881217956543
2003-07-29,13.125472068786621
2003-07-30,13.130594253540039
2003-07-31,13.115238189697266
2003-08-01,12.859281539916992
2003-08-04,12.874635696411133
2003-08-05,12.664755821228027
2003-08-06,12.8388032913208
2003-08-07,12.90023136138916
2003-08-08,12.961664199829102
2003-08-11,12.936067581176758
2003-08-12,13.089638710021973
2003-08-13,12.992380142211914
2003-08-14,13.115238189697266
2003-08-15,13.104994773864746
2003-08-18,13.12035846710205
2003-08-19,13.104994773864746
2003-08-20,13.074281692504883
2003-08-21,13.074281692504883
2003-08-22,12.823443412780762
2003-08-25,12.869516372680664
2003-08-26,12.895110130310059
2003-08-27,12.8439302444458
2003-08-28,12.90023136138916
2003-08-29,12.961664199829102
2003-09-02,13.192022323608398
2003-09-03,13.217618942260742
2003-09-04,13.161309242248535
2003-09-05,13.09987735748291
2003-09-08,13.227863311767578
2003-09-09,13.161309242248535
2003-09-10,12.946308135986328
2003-09-11,13.002614974975586
2003-09-12,13.023089408874512
2003-09-15,13.023089408874512
2003-09-16,13.176666259765625
2003-09-17,13.197141647338867
2003-09-18,13.514530181884766
2003-09-19,13.49343204498291
2003-09-22,13.29787540435791
2003-09-23,13.390501976013184
2003-09-24,13.158923149108887
2003-09-25,13.09717082977295
2003-09-26,13.025127410888672
2003-09-29,13.164067268371582
2003-09-30,13.076584815979004
2003-10-01,13.405940055847168
2003-10-02,13.431673049926758
2003-10-03,13.534602165222168
2003-10-06,13.596357345581055
2003-10-07,13.678688049316406
2003-10-08,13.658105850219727
2003-10-09,13.694133758544922
2003-10-10,13.694133758544922
2003-10-13,13.910272598266602
2003-10-14,13.9926118850708
2003-10-15,13.956587791442871
2003-10-16,13.972028732299805
2003-10-17,13.84852409362793
2003-10-20,13.85366153717041
2003-10-21,13.84852409362793
2003-10-22,13.65296459197998
2003-10-23,13.745593070983887
2003-10-24,13.730157852172852
2003-10-27,13.730157852172852
2003-10-28,13.905136108398438
2003-10-29,13.925712585449219
2003-10-30,13.946296691894531
2003-10-31,13.982317924499512
2003-11-03,14.131562232971191
2003-11-04,14.05951976776123
2003-11-05,14.028636932373047
2003-11-06,14.095539093017578
2003-11-07,13.946296691894531
2003-11-10,13.961735725402832
2003-11-11,13.915424346923828
2003-11-12,14.0234956741333
2003-11-13,13.97717571258545
2003-11-14,13.797059059143066
2003-11-17,13.76103401184082
2003-11-18,13.601496696472168
2003-11-19,13.704424858093262
2003-11-20,13.586060523986816
2003-11-21,13.66325569152832
2003-11-24,13.791911125183105
2003-11-25,13.869112968444824
2003-11-26,13.951437950134277
2003-11-28,13.930855751037598
2003-12-01,14.090383529663086
2003-12-02,14.049221992492676
2003-12-03,14.0234956741333
2003-12-04,14.05951976776123
2003-12-05,13.946296691894531
2003-12-08,14.074958801269531
2003-12-09,13.951437950134277
2003-12-10,13.874252319335938
2003-12-11,14.033782958984375
2003-12-12,14.074958801269531
2003-12-15,14.038930892944336
2003-12-16,14.162436485290527
2003-12-17,14.110980033874512
2003-12-18,14.234492301940918
2003-12-19,14.277974128723145
2003-12-22,14.355627059936523
2003-12-23,14.376338958740234
2003-12-24,14.376338958740234
2003-12-26,14.371161460876465
2003-12-29,14.567887306213379
2003-12-30,14.598943710327148
2003-12-31,14.562704086303711
2004-01-02,14.541997909545898
2004-01-05,14.661067008972168
2004-01-06,14.655887603759766
2004-01-07,14.666241645812988
2004-01-08,14.718018531799316
2004-01-09,14.666241645812988
2004-01-12,14.728360176086426
2004-01-13,14.655887603759766
2004-01-14,14.769779205322266
2004-01-15,14.894027709960938
2004-01-16,14.940613746643066
2004-01-20,14.919917106628418
2004-01-21,15.142518997192383
2004-01-22,15.142518997192383
2004-01-23,15.070045471191406
2004-01-26,15.277115821838379
2004-01-27,15.173580169677734
2004-01-28,14.904383659362793
2004-01-29,15.02862548828125
2004-01-30,15.038979530334473
2004-02-02,15.12698745727539
2004-02-03,15.142518997192383
2004-02-04,15.01827621459961
2004-02-05,15.013092041015625
2004-02-06,15.266767501831055
2004-02-09,15.2046537399292
2004-02-10,15.251235008239746
2004-02-11,15.484197616577148
2004-02-12,15.458312034606934
2004-02-13,15.427258491516113
2004-02-17,15.541146278381348
2004-02-18,15.458312034606934
2004-02-19,15.453137397766113
2004-02-20,15.411722183227539
2004-02-23,15.411722183227539
2004-02-24,15.349596977233887
2004-02-25,15.41689395904541
2004-02-26,15.432433128356934
2004-02-27,15.468672752380371
2004-03-01,15.577380180358887
2004-03-02,15.499731063842773
2004-03-03,15.592913627624512
2004-03-04,15.634328842163086
2004-03-05,15.768932342529297
2004-03-08,15.68609619140625
2004-03-09,15.582563400268555
2004-03-10,15.334064483642578
2004-03-11,15.085575103759766
2004-03-12,15.308178901672363
2004-03-15,15.085575103759766
2004-03-16,15.225345611572266
2004-03-17,15.401359558105469
2004-03-18,15.406543731689453
2004-03-19,15.237014770507812
2004-03-22,15.03940200805664
2004-03-23,15.034197807312012
2004-03-24,14.919785499572754
2004-03-25,15.075803756713867
2004-03-26,15.065400123596191
2004-03-29,15.257816314697266
2004-03-30,15.361817359924316
2004-03-31,15.28901481628418
2004-04-01,15.450221061706543
2004-04-02,15.39301872253418
2004-04-05,15.43463134765625
2004-04-06,15.424225807189941
2004-04-07,15.382621765136719
2004-04-08,15.3566255569458
2004-04-12,15.450221061706543
2004-04-13,15.122598648071289
2004-04-14,14.940587997436523
2004-04-15,14.852185249328613
2004-04-16,15.013397216796875
2004-04-19,14.987401008605957
2004-04-20,14.71177864074707
2004-04-21,14.706578254699707
2004-04-22,14.961394309997559
2004-04-23,14.883384704589844
2004-04-26,14.852185249328613
2004-04-27,14.888591766357422
2004-04-28,14.675375938415527
2004-04-29,14.628571510314941
2004-04-30,14.623371124267578
2004-05-03,14.722177505493164
2004-05-04,14.768983840942383
2004-05-05,14.75338363647461
2004-05-06,14.592178344726562
2004-05-07,14.280155181884766
2004-05-10,14.160542488098145
2004-05-11,14.233343124389648
2004-05-12,14.394559860229492
2004-05-13,14.42055892944336
2004-05-14,14.43095874786377
2004-05-17,14.24374771118164
2004-05-18,14.358162879943848
2004-05-19,14.368555068969727
2004-05-20,14.42055892944336
2004-05-21,14.508965492248535
2004-05-24,14.529767990112305
2004-05-25,14.737783432006836
2004-05-26,14.826180458068848
2004-05-27,14.862587928771973
2004-05-28,14.87298583984375
2004-06-01,14.815790176391602
2004-06-02,14.888591766357422
2004-06-03,14.768983840942383
2004-06-04,14.893791198730469
2004-06-07,15.107000350952148
2004-06-08,15.08620548248291
2004-06-09,14.930195808410645
2004-06-10,15.002997398376465
2004-06-14,14.794978141784668
2004-06-15,14.852185249328613
2004-06-16,14.87818717956543
2004-06-17,14.888591766357422
2004-06-18,14.907418251037598
2004-06-21,14.86036491394043
2004-06-22,14.933551788330078
2004-06-23,14.97012710571289
2004-06-24,15.001498222351074
2004-06-25,14.949219703674316
2004-06-28,14.938770294189453
2004-06-29,14.876047134399414
2004-06-30,14.938770294189453
2004-07-01,14.834233283996582
2004-07-02,14.876047134399414
2004-07-06,14.771504402160645
2004-07-07,14.740144729614258
2004-07-08,14.630372047424316
2004-07-09,14.630372047424316
2004-07-12,14.698332786560059
2004-07-13,14.714009284973145
2004-07-14,14.6460542678833
2004-07-15,14.510153770446777
2004-07-16,14.515385627746582
2004-07-19,14.536293983459473
2004-07-20,14.60946273803711
2004-07-21,14.463109016418457
2004-07-22,14.478790283203125
2004-07-23,14.405614852905273
2004-07-26,14.41084098815918
2004-07-27,14.531060218811035
2004-07-28,14.578104972839355
2004-07-29,14.640830993652344
2004-07-30,14.61992359161377
2004-08-02,14.708784103393555
2004-08-03,14.61992359161377
2004-08-04,14.656513214111328
2004-08-05,14.416065216064453
2004-08-06,14.290624618530273
2004-08-09,14.274933815002441
2004-08-10,14.473567008972168
2004-08-11,14.515385627746582
2004-08-12,14.363800048828125
2004-08-13,14.379477500915527
2004-08-16,14.599013328552246
2004-08-17,14.682645797729492
2004-08-18,14.86036491394043
2004-08-19,14.797636985778809
2004-08-20,14.949219703674316
2004-08-23,14.896952629089355
2004-08-24,14.923087120056152
2004-08-25,15.053762435913086
2004-08-26,15.090352058410645
2004-08-27,15.106042861938477
2004-08-30,15.017167091369629
2004-08-31,15.095576286315918
2004-09-01,15.038080215454102
2004-09-02,15.205348014831543
2004-09-03,15.200118064880371
2004-09-07,15.383061408996582
2004-09-08,15.268074035644531
2004-09-09,15.252384185791016
2004-09-10,15.325562477111816
2004-09-13,15.28375244140625
2004-09-14,15.30466079711914
2004-09-15,15.247166633605957
2004-09-16,15.325562477111816
2004-09-17,15.361302375793457
2004-09-20,15.203649520874023
2004-09-21,15.3297758102417
2004-09-22,15.051241874694824
2004-09-23,14.898841857910156
2004-09-24,14.956644058227539
2004-09-27,14.88306999206543
2004-09-28,14.940886497497559
2004-09-29,14.993428230285645
2004-09-30,14.956644058227539
2004-10-01,15.208900451660156
2004-10-04,15.22991943359375
2004-10-05,15.145835876464844
2004-10-06,15.256197929382324
2004-10-07,15.214150428771973
2004-10-08,15.161603927612305
2004-10-11,15.203649520874023
2004-10-12,15.193133354187012
2004-10-13,15.093279838562012
2004-10-14,14.725410461425781
2004-10-15,14.746438980102539
2004-10-18,14.809492111206055
2004-10-19,14.562492370605469
2004-10-20,14.488921165466309
2004-10-21,14.478405952453613
2004-10-22,14.399580955505371
2004-10-25,14.39432430267334
2004-10-26,14.714902877807617
2004-10-27,14.935626029968262
2004-10-28,15.014456748962402
2004-10-29,15.035470008850098
2004-11-01,15.08277702331543
2004-11-02,15.145835876464844
2004-11-03,15.23517894744873
2004-11-04,15.492684364318848
2004-11-05,15.46115493774414
2004-11-08,15.440130233764648
2004-11-09,15.424369812011719
2004-11-10,15.466408729553223
2004-11-11,15.613560676574707
2004-11-12,15.676618576049805
2004-11-15,15.723919868469238
2004-11-16,15.59253978729248
2004-11-17,15.629325866699219
2004-11-18,15.59253978729248
2004-11-19,15.392827987670898
2004-11-22,15.482177734375
2004-11-23,15.51897144317627
2004-11-24,15.582025527954102
2004-11-26,15.59253978729248
2004-11-29,15.51897144317627
2004-11-30,15.503196716308594
2004-12-01,15.80800724029541
2004-12-02,15.781726837158203
2004-12-03,15.776477813720703
2004-12-06,15.765973091125488
2004-12-07,15.634576797485352
2004-12-08,15.676618576049805
2004-12-09,15.760698318481445
2004-12-10,15.786982536315918
2004-12-13,15.892090797424316
2004-12-14,15.944645881652832
2004-12-15,16.02872657775879
2004-12-16,15.918360710144043
2004-12-17,15.869187355041504
2004-12-20,15.84274673461914
2004-12-21,16.048980712890625
2004-12-22,16.13887596130371
2004-12-23,16.170602798461914
2004-12-27,16.085996627807617
2004-12-28,16.160022735595703
2004-12-29,16.12301254272461
2004-12-30,16.14417266845703
2004-12-31,16.14417266845703
2005-01-03,16.085996627807617
2005-01-04,15.93265151977539
2005-01-05,15.906206130981445
2005-01-06,15.985529899597168
2005-01-07,15.900919914245605
2005-01-10,15.916787147521973
2005-01-11,15.84803295135498
2005-01-12,15.826889991760254
2005-01-13,15.673532485961914
2005-01-14,15.726415634155273
2005-01-18,15.974947929382324
2005-01-19,15.81630802154541
2005-01-20,15.699978828430176
2005-01-21,15.620656967163086
2005-01-24,15.625946044921875
2005-01-25,15.636515617370605
2005-01-26,15.710552215576172
2005-01-27,15.63123607635498
2005-01-28,15.610079765319824
2005-01-31,15.79516315460205
2005-02-01,15.964371681213379
2005-02-02,15.964371681213379
2005-02-03,15.89034652709961
2005-02-04,16.080707550048828
2005-02-07,16.0965633392334
2005-02-08,16.033117294311523
2005-02-09,15.990811347961426
2005-02-10,16.03840446472168
2005-02-11,16.165313720703125
2005-02-14,16.13887596130371
2005-02-15,16.17588996887207
2005-02-16,16.06484031677246
2005-02-17,15.922073364257812
2005-02-18,15.752852439880371
2005-02-22,15.520185470581055
2005-02-23,15.662962913513184
2005-02-24,15.684107780456543
2005-02-25,15.84274673461914
2005-02-28,15.689400672912598
2005-03-01,15.84274673461914
2005-03-02,15.79516315460205
2005-03-03,15.768718719482422
2005-03-04,15.9696626663208
2005-03-07,15.9696626663208
2005-03-08,15.94322681427002
2005-03-09,15.74756908416748
2005-03-10,15.837468147277832
2005-03-11,15.699978828430176
2005-03-14,15.784584999084473
2005-03-15,15.678821563720703
2005-03-16,15.520185470581055
2005-03-17,15.477869987487793
2005-03-18,15.400798797607422
2005-03-21,15.262574195861816
2005-03-22,14.980826377868652
2005-03-23,15.012721061706543
2005-03-24,14.938287734985352
2005-03-28,15.044618606567383
2005-03-29,14.99145793914795
2005-03-30,15.177515029907227
2005-03-31,15.092466354370117
2005-04-01,14.885133743286133
2005-04-04,14.99145793914795
2005-04-05,15.03398609161377
2005-04-06,15.134990692138672
2005-04-07,15.193467140197754
2005-04-08,15.055244445800781
2005-04-11,15.087150573730469
2005-04-12,15.294475555419922
2005-04-13,15.07120132446289
2005-04-14,14.901082992553711
2005-04-15,14.741598129272461
2005-04-18,14.863868713378906
2005-04-19,14.885133743286133
2005-04-20,14.699066162109375
2005-04-21,14.78412914276123
2005-04-22,14.74691104888916
2005-04-25,14.932978630065918
2005-04-26,14.847923278808594
2005-04-27,15.055244445800781
2005-04-28,14.890456199645996
2005-04-29,15.119038581848145
2005-05-02,15.156251907348633
2005-05-03,15.172203063964844
2005-05-04,15.464590072631836
2005-05-05,15.39548397064209
2005-05-06,15.283843994140625
2005-05-09,15.416744232177734
2005-05-10,15.214729309082031
2005-05-11,15.283843994140625
2005-05-12,15.140302658081055
2005-05-13,15.007403373718262
2005-05-16,15.273202896118164
2005-05-17,15.36889362335205
2005-05-18,15.549649238586426
2005-05-19,15.565593719482422
2005-05-20,15.549649238586426
2005-05-23,15.570908546447754
2005-05-24,15.517744064331055
2005-05-25,15.464590072631836
2005-05-26,15.565593719482422
2005-05-27,15.59218692779541
2005-05-31,15.565593719482422
2005-06-01,15.6878662109375
2005-06-02,15.64533805847168
2005-06-03,15.565593719482422
2005-06-06,15.602805137634277
2005-06-07,15.59218692779541
2005-06-08,15.602805137634277
2005-06-09,15.650653839111328
2005-06-10,15.602805137634277
2005-06-13,15.602805137634277
2005-06-14,15.64533805847168
2005-06-15,15.6825532913208
2005-06-16,15.762295722961426
2005-06-17,15.845185279846191
2005-06-20,15.807747840881348
2005-06-21,15.866579055786133
2005-06-22,15.845185279846191
2005-06-23,15.700798034667969
2005-06-24,15.67405891418457
2005-06-27,15.668710708618164
2005-06-28,15.786355972290039
2005-06-29,15.861224174499512
2005-06-30,15.759612083435059
2005-07-01,15.775655746459961
2005-07-05,15.90400505065918
2005-07-06,15.786355972290039
2005-07-07,15.818439483642578
2005-07-08,15.978877067565918
2005-07-11,16.04839324951172
2005-07-12,16.04839324951172
2005-07-13,16.117910385131836
2005-07-14,16.198123931884766
2005-07-15,16.24091339111328
2005-07-18,16.06978416442871
2005-07-19,16.06443214416504
2005-07-20,16.12326431274414
2005-07-21,16.037694931030273
2005-07-22,16.12326431274414
2005-07-25,16.059085845947266
2005-07-26,16.08049201965332
2005-07-27,16.10187530517578
2005-07-28,16.14999771118164
2005-07-29,16.005613327026367
2005-08-01,16.005613327026367
2005-08-02,16.12326431274414
2005-08-03,16.14464569091797
2005-08-04,16.0323429107666
2005-08-05,15.85053539276123
2005-08-08,15.786355972290039
2005-08-09,15.887956619262695
2005-08-10,15.871922492980957
2005-08-11,15.930746078491211
2005-08-12,15.887956619262695
2005-08-15,15.962834358215332
2005-08-16,15.855874061584473
2005-08-17,15.893308639526367
2005-08-18,15.88261890411377
2005-08-19,15.909354209899902
2005-08-22,15.952133178710938
2005-08-23,15.85053539276123
2005-08-24,15.668710708618164
2005-08-25,15.74892807006836
2005-08-26,15.583148956298828
2005-08-29,15.706140518188477
2005-08-30,15.567100524902344
2005-08-31,15.743575096130371
2005-09-01,15.78100872039795
2005-09-02,15.770318031311035
2005-09-06,15.962834358215332
2005-09-07,15.925399780273438
2005-09-08,15.834486961364746
2005-09-09,15.973525047302246
2005-09-12,16.02165985107422
2005-09-13,15.887956619262695
2005-09-14,15.871922492980957
2005-09-15,15.88261890411377
2005-09-16,16.109603881835938
2005-09-19,15.964377403259277
2005-09-20,15.878307342529297
2005-09-21,15.614748001098633
2005-09-22,15.733081817626953
2005-09-23,15.786867141723633
2005-09-26,15.700813293457031
2005-09-27,15.75460147857666
2005-09-28,15.625499725341797
2005-09-29,15.915958404541016
2005-09-30,15.878307342529297
2005-10-03,15.840660095214844
2005-10-04,15.641644477844238
2005-10-05,15.577099800109863
2005-10-06,15.620126724243164
2005-10-07,15.673912048339844
2005-10-10,15.507169723510742
2005-10-11,15.458765983581543
2005-10-12,15.38884449005127
2005-10-13,15.46413803100586
2005-10-14,15.636265754699707
2005-10-17,15.652397155761719
2005-10-18,15.528688430786133
2005-10-19,15.840660095214844
2005-10-20,15.700813293457031
2005-10-21,15.792257308959961
2005-10-24,16.104223251342773
2005-10-25,16.012781143188477
2005-10-26,16.120351791381836
2005-10-27,16.02892303466797
2005-10-28,16.30323600769043
2005-10-31,16.362407684326172
2005-11-01,16.30323600769043
2005-11-02,16.437711715698242
2005-11-03,16.448471069335938
2005-11-04,16.47536277770996
2005-11-07,16.61521339416504
2005-11-08,16.566808700561523
2005-11-09,16.60983657836914
2005-11-10,16.94332504272461
2005-11-11,17.00248908996582
2005-11-14,17.01323890686035
2005-11-15,16.857263565063477
2005-11-16,16.765823364257812
2005-11-17,16.964839935302734
2005-11-18,17.0509033203125
2005-11-21,17.131582260131836
2005-11-22,17.282196044921875
2005-11-23,17.416662216186523
2005-11-25,17.454309463500977
2005-11-28,17.373626708984375
2005-11-29,17.362869262695312
2005-11-30,17.14234161376953
2005-12-01,17.233776092529297
2005-12-02,17.27143096923828
2005-12-05,17.239160537719727
2005-12-06,17.18537139892578
2005-12-07,17.045513153076172
2005-12-08,17.034759521484375
2005-12-09,17.158464431762695
2005-12-12,17.08316421508789
2005-12-13,17.303699493408203
2005-12-14,17.368249893188477
2005-12-15,17.27143096923828
2005-12-16,17.313655853271484
2005-12-19,17.162071228027344
2005-12-20,17.237865447998047
2005-12-21,17.286588668823242
2005-12-22,17.405689239501953
2005-12-23,17.427350997924805
2005-12-27,17.292001724243164
2005-12-28,17.254106521606445
2005-12-29,17.237865447998047
2005-12-30,17.145824432373047
2006-01-03,17.43277359008789
2006-01-04,17.416521072387695
2006-01-05,17.47607421875
2006-01-06,17.578941345214844
2006-01-09,17.627656936645508
2006-01-10,17.643903732299805
2006-01-11,17.741355895996094
2006-01-12,17.616838455200195
2006-01-13,17.606008529663086
2006-01-17,17.421932220458984
2006-01-18,17.37320327758789
2006-01-19,17.31907844543457
2006-01-20,16.95633888244629
2006-01-23,16.99965476989746
2006-01-24,17.07544708251953
2006-01-25,17.107929229736328
2006-01-26,17.400279998779297
2006-01-27,17.416521072387695
2006-01-30,17.362388610839844
2006-01-31,17.297420501708984
2006-02-01,17.286588668823242
2006-02-02,17.167476654052734
2006-02-03,17.097091674804688
2006-02-06,17.145824432373047
2006-02-07,17.03213882446289
2006-02-08,17.140417098999023
2006-02-09,17.1837215423584
2006-02-10,17.281173706054688
2006-02-13,17.216211318969727
2006-02-14,17.421932220458984
2006-02-15,17.524791717529297
2006-02-16,17.627656936645508
2006-02-17,17.557287216186523
2006-02-21,17.503141403198242
2006-02-22,17.833396911621094
2006-02-23,17.7684326171875
2006-02-24,17.80631446838379
2006-02-27,17.838802337646484
2006-02-28,17.665559768676758
2006-03-01,17.757596969604492
2006-03-02,17.649320602416992
2006-03-03,17.606008529663086
2006-03-06,17.55186653137207
2006-03-07,17.611431121826172
2006-03-08,17.622249603271484
2006-03-09,17.513975143432617
2006-03-10,17.67097282409668
2006-03-13,17.67638397216797
2006-03-14,17.882116317749023
2006-03-15,17.90377426147461
2006-03-16,17.963319778442383
2006-03-17,18.01612091064453
2006-03-20,18.02701187133789
2006-03-21,17.84739112854004
2006-03-22,17.988908767700195
2006-03-23,17.901819229125977
2006-03-24,17.89636993408203
2006-03-27,17.88549041748047
2006-03-28,17.7385311126709
2006-03-29,17.8201847076416
2006-03-30,17.71132469177246
2006-03-31,17.716764450073242
2006-04-03,17.743976593017578
2006-04-04,17.934478759765625
2006-04-05,17.967140197753906
2006-04-06,17.901819229125977
2006-04-07,17.733091354370117
2006-04-10,17.765748977661133
2006-04-11,17.613344192504883
2006-04-12,17.651451110839844
2006-04-13,17.678653717041016
2006-04-17,17.662334442138672
2006-04-18,17.988908767700195
2006-04-19,18.010677337646484
2006-04-20,18.048784255981445
2006-04-21,18.02701187133789
2006-04-24,18.03244972229004
2006-04-25,17.92359733581543
2006-04-26,18.02701187133789
2006-04-27,18.310029983520508
2006-04-28,18.484210968017578
2006-05-01,18.195737838745117
2006-05-02,18.310029983520508
2006-05-03,18.293710708618164
2006-05-04,18.331817626953125
2006-05-05,18.593069076538086
2006-05-08,18.51687240600586
2006-05-09,18.549522399902344
2006-05-10,18.560413360595703
2006-05-11,18.2556095123291
2006-05-12,18.0705509185791
2006-05-15,18.195737838745117
2006-05-16,18.173973083496094
2006-05-17,17.80929183959961
2006-05-18,17.651451110839844
2006-05-19,17.743976593017578
2006-05-22,17.70042610168457
2006-05-23,17.613344192504883
2006-05-24,17.624235153198242
2006-05-25,17.78207778930664
2006-05-26,17.92903709411621
2006-05-30,17.662334442138672
2006-05-31,17.787511825561523
2006-06-01,17.994346618652344
2006-06-02,18.097768783569336
2006-06-05,17.803842544555664
2006-06-06,17.760299682617188
2006-06-07,17.8201847076416
2006-06-08,17.852834701538086
2006-06-09,17.79296112060547
2006-06-12,17.597013473510742
2006-06-13,17.254112243652344
2006-06-14,17.15068817138672
2006-06-15,17.531696319580078
2006-06-16,17.42055892944336
2006-06-19,17.300119400024414
2006-06-20,17.349384307861328
2006-06-21,17.49173355102539
2006-06-22,17.426036834716797
2006-06-23,17.311073303222656
2006-06-26,17.464359283447266
2006-06-27,17.294645309448242
2006-06-28,17.387718200683594
2006-06-29,17.75452423095703
2006-06-30,17.705249786376953
2006-07-03,17.913288116455078
2006-07-05,17.743572235107422
2006-07-06,17.79831886291504
2006-07-07,17.71072769165039
2006-07-10,17.831174850463867
2006-07-11,17.836639404296875
2006-07-12,17.661453247070312
2006-07-13,17.382234573364258
2006-07-14,17.31106948852539
2006-07-17,17.34391975402832
2006-07-18,17.382234573364258
2006-07-19,17.84210968017578
2006-07-20,17.770946502685547
2006-07-21,17.672401428222656
2006-07-24,17.902332305908203
2006-07-25,17.946138381958008
2006-07-26,17.924238204956055
2006-07-27,17.820220947265625
2006-07-28,18.137752532958984
2006-07-31,18.110380172729492
2006-08-01,18.055633544921875
2006-08-02,18.08847999572754
2006-08-03,18.165124893188477
2006-08-04,18.20343780517578
2006-08-07,18.165124893188477
2006-08-08,18.033735275268555
2006-08-09,17.820220947265625
2006-08-10,17.90781593322754
2006-08-11,17.853065490722656
2006-08-14,17.874971389770508
2006-08-15,18.176069259643555
2006-08-16,18.274625778198242
2006-08-17,18.334842681884766
2006-08-18,18.362211227416992
2006-08-21,18.29104995727539
2006-08-22,18.28557014465332
2006-08-23,18.23081398010254
2006-08-24,18.29104995727539
2006-08-25,18.192495346069336
2006-08-28,18.32388687133789
2006-08-29,18.24724006652832
2006-08-30,18.301992416381836
2006-08-31,18.32388687133789
2006-09-01,18.35127067565918
2006-09-05,18.416967391967773
2006-09-06,18.356739044189453
2006-09-07,18.21439552307129
2006-09-08,18.318422317504883
2006-09-11,18.32936668395996
2006-09-12,18.564777374267578
2006-09-13,18.701648712158203
2006-09-14,18.74544334411621
2006-09-15,18.80270767211914
2006-09-18,18.780681610107422
2006-09-19,18.813720703125
2006-09-20,18.940359115600586
2006-09-21,18.8082218170166
2006-09-22,18.84124183654785
2006-09-25,19.033964157104492
2006-09-26,19.13857078552246
2006-09-27,19.05048179626465
2006-09-28,19.116539001464844
2006-09-29,19.061485290527344
2006-10-02,19.017436981201172
2006-10-03,19.20464515686035
2006-10-04,19.435884475708008
2006-10-05,19.424880981445312
2006-10-06,19.358810424804688
2006-10-09,19.413864135742188
2006-10-10,19.413864135742188
2006-10-11,19.364316940307617
2006-10-12,19.46893310546875
2006-10-13,19.540502548217773
2006-10-16,19.435884475708008
2006-10-17,19.435884475708008
2006-10-18,19.490947723388672
2006-10-19,19.364316940307617
2006-10-20,19.3422908782959
2006-10-23,19.46893310546875
2006-10-24,19.46342658996582
2006-10-25,19.5460147857666
2006-10-26,19.683650970458984
2006-10-27,19.53499412536621
2006-10-30,19.540502548217773
2006-10-31,19.507463455200195
2006-11-01,19.386335372924805
2006-11-02,19.331275939941406
2006-11-03,19.331275939941406
2006-11-06,19.557018280029297
2006-11-07,19.601070404052734
2006-11-08,19.683650970458984
2006-11-09,19.551511764526367
2006-11-10,19.711191177368164
2006-11-13,19.689163208007812
2006-11-14,19.80478286743164
2006-11-15,19.777265548706055
2006-11-16,19.9699649810791
2006-11-17,19.821308135986328
2006-11-20,19.947938919067383
2006-11-21,19.91490364074707
2006-11-22,19.936922073364258
2006-11-24,19.83782386779785
2006-11-27,19.52948760986328
2006-11-28,19.562524795532227
2006-11-29,19.683650970458984
2006-11-30,19.645109176635742
2006-12-01,19.52948760986328
2006-12-04,19.80478286743164
2006-12-05,19.898386001586914
2006-12-06,19.92591667175293
2006-12-07,19.876365661621094
2006-12-08,19.936922073364258
2006-12-11,20.047040939331055
2006-12-12,20.063560485839844
2006-12-13,20.085588455200195
2006-12-14,20.25627326965332
2006-12-15,20.306758880615234
2006-12-18,20.40662384033203
2006-12-19,20.38999366760254
2006-12-20,20.456565856933594
2006-12-21,20.3677921295166
2006-12-22,20.267929077148438
2006-12-26,20.451013565063477
2006-12-27,20.595266342163086
2006-12-28,20.500953674316406
2006-12-29,20.384437561035156
2007-01-03,20.48430633544922
2007-01-04,20.4177303314209
2007-01-05,20.256834030151367
2007-01-08,20.345600128173828
2007-01-09,20.31231689453125
2007-01-10,20.378887176513672
2007-01-11,20.50650405883789
2007-01-12,20.528690338134766
2007-01-16,20.584182739257812
2007-01-17,20.528690338134766
2007-01-18,20.445470809936523
2007-01-19,20.50650405883789
2007-01-22,20.48985481262207
2007-01-23,20.478759765625
2007-01-24,20.689590454101562
2007-01-25,20.38999366760254
2007-01-26,20.4288272857666
2007-01-29,20.32895851135254
2007-01-30,20.40662384033203
2007-01-31,20.573074340820312
2007-02-01,20.70624351501465
2007-02-02,20.74508285522461
2007-02-05,20.73952865600586
2007-02-06,20.83385467529297
2007-02-07,20.911527633666992
2007-02-08,20.844947814941406
2007-02-09,20.62301254272461
2007-02-12,20.573074340820312
2007-02-13,20.722885131835938
2007-02-14,20.922624588012695
2007-02-15,20.955909729003906
2007-02-16,20.950361251831055
2007-02-20,21.061330795288086
2007-02-21,20.972551345825195
2007-02-22,20.889331817626953
2007-02-23,20.695146560668945
2007-02-26,20.545339584350586
2007-02-27,19.585479736328125
2007-02-28,19.946123123168945
2007-03-01,19.923931121826172
2007-03-02,19.696456909179688
2007-03-05,19.385746002197266
2007-03-06,19.79076385498047
2007-03-07,19.674251556396484
2007-03-08,19.851802825927734
2007-03-09,19.9017333984375
2007-03-12,19.9017333984375
2007-03-13,19.30806541442871
2007-03-14,19.35245704650879
2007-03-15,19.585479736328125
2007-03-16,19.511930465698242
2007-03-19,19.640087127685547
2007-03-20,19.818382263183594
2007-03-21,20.269681930541992
2007-03-22,20.147106170654297
2007-03-23,20.169391632080078
2007-03-26,20.069103240966797
2007-03-27,19.946531295776367
2007-03-28,19.6958065032959
2007-03-29,19.796091079711914
2007-03-30,19.851802825927734
2007-04-02,19.667938232421875
2007-04-03,19.913101196289062
2007-04-04,19.913101196289062
2007-04-05,19.924238204956055
2007-04-09,19.918663024902344
2007-04-10,20.007816314697266
2007-04-11,19.84067153930664
2007-04-12,19.807235717773438
2007-04-13,19.890804290771484
2007-04-16,20.37554168701172
2007-04-17,20.369972229003906
2007-04-18,20.60399055480957
2007-04-19,20.57612419128418
2007-04-20,20.681978225708008
2007-04-23,20.62626075744629
2007-04-24,20.56498146057129
2007-04-25,20.843563079833984
2007-04-26,20.810131072998047
2007-04-27,20.782276153564453
2007-04-30,20.620691299438477
2007-05-01,20.65969467163086
2007-05-02,20.748844146728516
2007-05-03,20.943843841552734
2007-05-04,21.016286849975586
2007-05-07,21.04414176940918
2007-05-08,20.999568939208984
2007-05-09,21.111005783081055
2007-05-10,20.810131072998047
2007-05-11,21.032995223999023
2007-05-14,20.932710647583008
2007-05-15,20.88256072998047
2007-05-16,21.12214469909668
2007-05-17,21.016286849975586
2007-05-18,21.072002410888672
2007-05-21,21.094287872314453
2007-05-22,21.111005783081055
2007-05-23,21.094287872314453
2007-05-24,20.90485191345215
2007-05-25,20.943843841552734
2007-05-29,21.032995223999023
2007-05-30,21.177867889404297
2007-05-31,21.1165771484375
2007-06-01,21.18343162536621
2007-06-04,21.155576705932617
2007-06-05,21.027423858642578
2007-06-06,20.849132537841797
2007-06-07,20.498119354248047
2007-06-08,20.737701416015625
2007-06-11,20.832422256469727
2007-06-12,20.548263549804688
2007-06-13,20.938278198242188
2007-06-14,20.90485191345215
2007-06-15,20.979921340942383
2007-06-18,20.97430992126465
2007-06-19,21.06395149230957
2007-06-20,20.69420623779297
2007-06-21,20.72782325744629
2007-06-22,20.464529037475586
2007-06-25,20.302066802978516
2007-06-26,20.111587524414062
2007-06-27,20.414104461669922
2007-06-28,20.3804988861084
2007-06-29,20.268449783325195
2007-07-02,20.442113876342773
2007-07-03,20.621381759643555
2007-07-05,20.447710037231445
2007-07-06,20.548553466796875
2007-07-09,20.464529037475586
2007-07-10,20.033159255981445
2007-07-11,20.100383758544922
2007-07-12,20.470123291015625
2007-07-13,20.548553466796875
2007-07-16,20.475730895996094
2007-07-17,20.542943954467773
2007-07-18,20.279653549194336
2007-07-19,20.212427139282227
2007-07-20,19.859495162963867
2007-07-23,19.848289489746094
2007-07-24,19.349700927734375
2007-07-25,19.439334869384766
2007-07-26,18.979965209960938
2007-07-27,18.683053970336914
2007-07-30,19.03598403930664
2007-07-31,18.430950164794922
2007-08-01,18.638233184814453
2007-08-02,18.761478424072266
2007-08-03,17.960372924804688
2007-08-06,18.87912368774414
2007-08-07,19.013578414916992
2007-08-08,19.467348098754883
2007-08-09,18.7670841217041
2007-08-10,18.683053970336914
2007-08-13,18.51498031616211
2007-08-14,18.190067291259766
2007-08-15,18.027605056762695
2007-08-16,18.571008682250977
2007-08-17,19.327287673950195
2007-08-20,19.069597244262695
2007-08-21,19.204044342041016
2007-08-22,19.254470825195312
2007-08-23,19.2824764251709
2007-08-24,19.349700927734375
2007-08-27,19.12561798095703
2007-08-28,18.554203033447266
2007-08-29,18.778278350830078
2007-08-30,18.660648345947266
2007-08-31,18.90714454650879
2007-09-04,19.052791595458984
2007-09-05,18.823104858398438
2007-09-06,18.683053970336914
2007-09-07,18.492572784423828
2007-09-10,18.430950164794922
2007-09-11,18.621427536010742
2007-09-12,18.660648345947266
2007-09-13,18.9687557220459
2007-09-14,19.03598403930664
2007-09-17,18.85670280456543
2007-09-18,19.568187713623047
2007-09-19,19.691425323486328
2007-09-20,19.450542449951172
2007-09-21,19.526729583740234
2007-09-24,19.25583839416504
2007-09-25,19.216333389282227
2007-09-26,19.22197914123535
2007-09-27,19.44771957397461
2007-09-28,19.368703842163086
2007-10-01,19.73553466796875
2007-10-02,19.961275100708008
2007-10-03,19.916135787963867
2007-10-04,20.034652709960938
2007-10-05,20.254751205444336
2007-10-08,19.978212356567383
2007-10-09,20.147525787353516
2007-10-10,20.034652709960938
2007-10-11,19.92742156982422
2007-10-12,20.05722427368164
2007-10-15,19.650882720947266
2007-10-16,19.2840633392334
2007-10-17,19.27276611328125
2007-10-18,19.03009605407715
2007-10-19,18.398008346557617
2007-10-22,18.623762130737305
2007-10-23,18.725345611572266
2007-10-24,18.584247589111328
2007-10-25,18.567317962646484
2007-10-26,19.01880645751953
2007-10-29,19.07524299621582
2007-10-30,18.781780242919922
2007-10-31,19.035730361938477
2007-11-01,18.059410095214844
2007-11-02,17.969100952148438
2007-11-05,17.647418975830078
2007-11-06,17.946531295776367
2007-11-07,16.964550018310547
2007-11-08,17.13949966430664
2007-11-09,17.00969696044922
2007-11-12,17.071773529052734
2007-11-13,17.873159408569336
2007-11-14,17.805438995361328
2007-11-15,17.353960037231445
2007-11-16,17.218507766723633
2007-11-19,16.755735397338867
2007-11-20,16.388906478881836
2007-11-21,16.13494300842285
2007-11-23,16.518712997436523
2007-11-26,15.96563720703125
2007-11-27,16.253459930419922
2007-11-28,17.224157333374023
2007-11-29,17.071773529052734
2007-11-30,17.495044708251953
2007-12-03,17.353960037231445
2007-12-04,17.032276153564453
2007-12-05,17.286235809326172
2007-12-06,17.844945907592773
2007-12-07,17.607913970947266
2007-12-10,17.980390548706055
2007-12-11,17.071773529052734
2007-12-12,16.94196891784668
2007-12-13,16.936338424682617
2007-12-14,16.563858032226562
2007-12-17,16.388906478881836
2007-12-18,16.400197982788086
2007-12-19,16.496135711669922
2007-12-20,16.377622604370117
2007-12-21,16.680591583251953
2007-12-24,16.9824275970459
2007-12-26,16.862834930419922
2007-12-27,16.521133422851562
2007-12-28,16.481264114379883
2007-12-31,16.475574493408203
2008-01-02,16.150964736938477
2008-01-03,16.048450469970703
2008-01-04,15.592853546142578
2008-01-07,15.632722854614258
2008-01-08,15.06321907043457
2008-01-09,15.347972869873047
2008-01-10,15.609933853149414
2008-01-11,15.661185264587402
2008-01-14,15.877606391906738
2008-01-15,15.222676277160645
2008-01-16,15.47895336151123
2008-01-17,14.693049430847168
2008-01-18,14.522197723388672
2008-01-22,14.835416793823242
2008-01-23,15.888998031616211
2008-01-24,15.89467716217041
2008-01-25,15.47895336151123
2008-01-28,16.031362533569336
2008-01-29,16.2762451171875
2008-01-30,15.945938110351562
2008-01-31,16.595170974731445
2008-02-01,16.902698516845703
2008-02-04,16.412927627563477
2008-02-05,15.746613502502441
2008-02-06,15.564375877380371
2008-02-07,15.706748962402344
2008-02-08,15.444785118103027
2008-02-11,15.103090286254883
2008-02-12,15.518813133239746
2008-02-13,15.461873054504395
2008-02-14,15.04044246673584
2008-02-15,15.279629707336426
2008-02-19,15.25684928894043
2008-02-20,15.43338680267334
2008-02-21,15.160039901733398
2008-02-22,15.490339279174805
2008-02-25,15.490339279174805
2008-02-26,15.627021789550781
2008-02-27,15.69536018371582
2008-02-28,15.20560359954834
2008-02-29,14.710135459899902
2008-03-03,14.510807991027832
2008-03-04,14.431072235107422
2008-03-05,14.317172050476074
2008-03-06,13.8217191696167
2008-03-07,13.850190162658691
2008-03-10,13.457235336303711
2008-03-11,14.339957237243652
2008-03-12,14.1007661819458
2008-03-13,14.066596031188965
2008-03-14,13.667948722839355
2008-03-17,13.354724884033203
2008-03-18,14.476635932922363
2008-03-19,14.095072746276855
2008-03-20,15.110067367553711
2008-03-24,15.305254936218262
2008-03-25,15.259326934814453
2008-03-26,14.70820426940918
2008-03-27,14.4785737991333
2008-03-28,14.151333808898926
2008-03-31,14.277634620666504
2008-04-01,15.282286643981934
2008-04-02,15.270807266235352
2008-04-03,15.339698791503906
2008-04-04,15.133020401000977
2008-04-07,15.224886894226074
2008-04-08,15.052656173706055
2008-04-09,14.800055503845215
2008-04-10,14.70820426940918
2008-04-11,14.426898956298828
2008-04-14,14.088191032409668
2008-04-15,14.231709480285645
2008-04-16,14.616354942321777
2008-04-17,14.868938446044922
2008-04-18,15.196187973022461
2008-04-21,14.960798263549805
2008-04-22,14.754129409790039
2008-04-23,14.656539916992188
2008-04-24,15.184697151184082
2008-04-25,15.471739768981934
2008-04-28,15.51192855834961
2008-04-29,15.322480201721191
2008-04-30,15.276543617248535
2008-05-01,15.798975944519043
2008-05-02,15.908053398132324
2008-05-05,15.632492065429688
2008-05-06,15.798975944519043
2008-05-07,15.230624198913574
2008-05-08,14.920610427856445
2008-05-09,14.920610427856445
2008-05-12,15.09858226776123
2008-05-13,14.960798263549805
2008-05-14,15.064132690429688
2008-05-15,15.213404655456543
2008-05-16,15.150254249572754
2008-05-19,15.006721496582031
2008-05-20,14.656539916992188
2008-05-21,14.283378601074219
2008-05-22,14.363749504089355
2008-05-23,14.151333808898926
2008-05-27,14.225966453552246
2008-05-28,14.145590782165527
2008-05-29,14.398191452026367
2008-05-30,14.214487075805664
2008-06-02,14.002066612243652
2008-06-03,13.95613956451416
2008-06-04,13.870026588439941
2008-06-05,14.145590782165527
2008-06-06,13.393528938293457
2008-06-09,13.20982551574707
2008-06-10,13.250009536743164
2008-06-11,12.865374565124512
2008-06-12,13.215567588806152
2008-06-13,13.422234535217285
2008-06-16,13.548539161682129
2008-06-17,13.152414321899414
2008-06-18,12.9342622756958
2008-06-19,13.072041511535645
2008-06-20,12.846162796020508
2008-06-23,12.440738677978516
2008-06-24,12.585535049438477
2008-06-25,12.556572914123535
2008-06-26,12.104816436767578
2008-06-27,11.913686752319336
2008-06-30,11.734140396118164
2008-07-01,11.768889427185059
2008-07-02,11.589345932006836
2008-07-03,11.548805236816406
2008-07-07,11.166548728942871
2008-07-08,11.890520095825195
2008-07-09,11.21288013458252
2008-07-10,11.131799697875977
2008-07-11,10.819042205810547
2008-07-14,10.263032913208008
2008-07-15,9.944485664367676
2008-07-16,11.247634887695312
2008-07-17,11.734140396118164
2008-07-18,11.971606254577637
2008-07-21,12.017938613891602
2008-07-22,13.025707244873047
2008-07-23,13.00833511352539
2008-07-24,12.133779525756836
2008-07-25,12.08743953704834
2008-07-28,11.51984691619873
2008-07-29,12.452326774597168
2008-07-30,12.643457412719727
2008-07-31,12.527616500854492
2008-08-01,12.527616500854492
2008-08-04,12.423367500305176
2008-08-05,13.054661750793457
2008-08-06,12.921462059020996
2008-08-07,12.284364700317383
2008-08-08,12.707167625427246
2008-08-11,12.921462059020996
2008-08-12,12.266989707946777
2008-08-13,11.913686752319336
2008-08-14,12.284364700317383
2008-08-15,12.371236801147461
2008-08-18,11.896307945251465
2008-08-19,11.548805236816406
2008-08-20,11.786270141601562
2008-08-21,11.571974754333496
2008-08-22,12.012147903442383
2008-08-25,11.589345932006836
2008-08-26,11.682018280029297
2008-08-27,11.907896041870117
2008-08-28,12.388612747192383
2008-08-29,12.405990600585938
2008-09-02,12.579737663269043
2008-09-03,12.77665901184082
2008-09-04,12.151153564453125
2008-09-05,12.591326713562012
2008-09-08,13.135754585266113
2008-09-09,12.29594612121582
2008-09-10,12.145356178283691
2008-09-11,12.423367500305176
2008-09-12,12.249613761901855
2008-09-15,11.056504249572754
2008-09-16,11.884730339050293
2008-09-17,10.74375057220459
2008-09-18,11.589345932006836
2008-09-19,13.086261749267578
2008-09-22,12.016200065612793
2008-09-23,11.981122016906738
2008-09-24,11.846627235412598
2008-09-25,12.174072265625
2008-09-26,12.50737476348877
2008-09-29,10.858434677124023
2008-09-30,11.630277633666992
2008-10-01,12.086369514465332
2008-10-02,11.484099388122559
2008-10-03,10.98122787475586
2008-10-06,10.408193588256836
2008-10-07,9.308902740478516
2008-10-08,8.934677124023438
2008-10-09,8.004953384399414
2008-10-10,8.829426765441895
2008-10-13,9.519405364990234
2008-10-14,10.133371353149414
2008-10-15,9.034077644348145
2008-10-16,9.238731384277344
2008-10-17,8.975606918334961
2008-10-20,9.420002937316895
2008-10-21,9.13348388671875
2008-10-22,8.560444831848145
2008-10-23,8.472738265991211
2008-10-24,7.923089504241943
2008-10-27,7.7067413330078125
2008-10-28,8.917135238647461
2008-10-29,8.367488861083984
2008-10-30,8.65985107421875
2008-10-31,9.080860137939453
2008-11-03,9.13348388671875
2008-11-04,9.64804458618164
2008-11-05,8.765101432800293
2008-11-06,8.162829399108887
2008-11-07,8.314858436584473
2008-11-10,8.0692720413208
2008-11-11,7.788600921630859
2008-11-12,7.309128284454346
2008-11-13,7.841227054595947
2008-11-14,7.443614482879639
2008-11-17,6.969981670379639
2008-11-18,6.87057638168335
2008-11-19,6.151360511779785
2008-11-20,5.49061393737793
2008-11-21,5.660184860229492
2008-11-24,6.519740104675293
2008-11-25,6.899812698364258
2008-11-26,7.221417427062988
2008-11-28,7.402679920196533
2008-12-01,6.168902397155762
2008-12-02,6.671769142150879
2008-12-03,7.016761779785156
2008-12-04,6.940746784210205
2008-12-05,7.490390777587891
2008-12-08,7.993257999420166
2008-12-09,7.671655178070068
2008-12-10,7.537172317504883
2008-12-11,6.958287715911865
2008-12-12,7.092774391174316
2008-12-15,6.800410270690918
2008-12-16,7.5605573654174805
2008-12-17,7.490390777587891
2008-12-18,7.274043083190918
2008-12-19,7.258017539978027
2008-12-22,7.002828121185303
2008-12-23,6.8366618156433105
2008-12-24,6.985025882720947
2008-12-26,6.990959167480469
2008-12-29,6.931615829467773
2008-12-30,7.198672294616699
2008-12-31,7.430123329162598
2009-01-02,7.513204574584961
2009-01-05,7.388579368591309
2009-01-06,7.5072712898254395
2009-01-07,7.115591049194336
2009-01-08,7.0859174728393555
2009-01-09,6.860403060913086
2009-01-12,6.498386383056641
2009-01-13,6.587408065795898
2009-01-14,6.207594871520996
2009-01-15,5.922734260559082
2009-01-16,5.744693279266357
2009-01-20,4.7951555252075195
2009-01-21,5.501375198364258
2009-01-22,5.163104057312012
2009-01-23,5.335206985473633
2009-01-26,5.240253448486328
2009-01-27,5.424227237701416
2009-01-28,6.118575096130371
2009-01-29,5.637869358062744
2009-01-30,5.483571529388428
2009-02-02,5.483571529388428
2009-02-03,5.382683277130127
2009-02-04,5.323338985443115
2009-02-05,5.4064226150512695
2009-02-06,5.809976577758789
2009-02-09,5.875256538391113
2009-02-10,5.2758612632751465
2009-02-11,5.5310492515563965
2009-02-12,5.459833145141602
2009-02-13,5.25212287902832
2009-02-17,4.7298760414123535
2009-02-18,4.7298760414123535
2009-02-19,4.480626583099365
2009-02-20,4.415343761444092
2009-02-23,4.261043548583984
2009-02-24,4.777356147766113
2009-02-25,4.747679710388184
2009-02-26,4.824832439422607
2009-02-27,4.5102972984313965
2009-03-02,4.225438117980957
2009-03-03,4.142350673675537
2009-03-04,4.088943004608154
2009-03-05,3.7031922340393066
2009-03-06,3.6675851345062256
2009-03-09,3.715061664581299
2009-03-10,4.266979217529297
2009-03-11,4.379735946655273
2009-03-12,4.830766201019287
2009-03-13,4.860439777374268
2009-03-16,4.765485763549805
2009-03-17,5.074084758758545
2009-03-18,5.584461212158203
2009-03-19,5.139365196228027
2009-03-20,4.879220962524414
2009-03-23,5.682435512542725
2009-03-24,5.406703472137451
2009-03-25,5.586527347564697
2009-03-26,5.652462959289551
2009-03-27,5.478633880615234
2009-03-30,5.005095481872559
2009-03-31,5.280827045440674
2009-04-01,5.430680274963379
2009-04-02,5.580531120300293
2009-04-03,5.808310031890869
2009-04-06,5.652462959289551
2009-04-07,5.484627723693848
2009-04-08,5.514596462249756
2009-04-09,6.3717570304870605
2009-04-13,6.641493797302246
2009-04-14,6.20392370223999
2009-04-15,6.503627300262451
2009-04-16,6.575560569763184
2009-04-17,6.659477233886719
2009-04-20,5.916203022003174
2009-04-21,6.3537750244140625
2009-04-22,6.125999927520752
2009-04-23,6.41371488571167
2009-04-24,6.557577133178711
2009-04-27,6.449680328369141
2009-04-28,6.2518744468688965
2009-04-29,6.521611213684082
2009-04-30,6.431699275970459
2009-05-01,6.383745193481445
2009-05-04,7.031111717224121
2009-05-05,6.929214954376221
2009-05-06,7.4806718826293945
2009-05-07,7.264885425567627
2009-05-08,7.804356098175049
2009-05-11,7.348802089691162
2009-05-12,7.192955493927002
2009-05-13,6.8273138999938965
2009-05-14,7.055088043212891
2009-05-15,6.911228179931641
2009-05-18,7.3667802810668945
2009-05-19,7.216930866241455
2009-05-20,7.025116443634033
2009-05-21,7.037108421325684
2009-05-22,6.989154815673828
2009-05-26,7.216930866241455
2009-05-27,7.0011420249938965
2009-05-28,7.198946475982666
2009-05-29,7.330817222595215
2009-06-01,7.408743858337402
2009-06-02,7.288857936859131
2009-06-03,7.192955493927002
2009-06-04,7.450702667236328
2009-06-05,7.384764671325684
2009-06-08,7.438711166381836
2009-06-09,7.492661952972412
2009-06-10,7.378775119781494
2009-06-11,7.438711166381836
2009-06-12,7.486667633056641
2009-06-15,7.294854164123535
2009-06-16,7.168978214263916
2009-06-17,6.959183216094971
2009-06-18,7.127016544342041
2009-06-19,7.254148006439209
2009-06-22,6.832395553588867
2009-06-23,6.910722255706787
2009-06-24,6.995069980621338
2009-06-25,7.145695686340332
2009-06-26,7.181845188140869
2009-06-29,7.272219181060791
2009-06-30,7.19992208480835
2009-07-01,7.157744884490967
2009-07-02,6.910722255706787
2009-07-06,6.916745185852051
2009-07-07,6.808295249938965
2009-07-08,6.69381856918335
2009-07-09,6.778168678283691
2009-07-10,6.687793254852295
2009-07-13,7.115570545196533
2009-07-14,7.085444927215576
2009-07-15,7.3866987228393555
2009-07-16,7.362598419189453
2009-07-17,7.31439733505249
2009-07-20,7.3746490478515625
2009-07-21,7.308371067047119
2009-07-22,7.31439733505249
2009-07-23,7.525274276733398
2009-07-24,7.483097553253174
2009-07-27,7.603597164154053
2009-07-28,7.585524559020996
2009-07-29,7.585524559020996
2009-07-30,7.760249137878418
2009-07-31,7.838574409484863
2009-08-03,8.037400245666504
2009-08-04,8.200078964233398
2009-08-05,8.483256340026855
2009-08-06,8.423003196716309
2009-08-07,8.645929336547852
2009-08-10,8.609780311584473
2009-08-11,8.290456771850586
2009-08-12,8.459153175354004
2009-08-13,8.633875846862793
2009-08-14,8.579655647277832
2009-08-17,8.21815013885498
2009-08-18,8.38685417175293
2009-08-19,8.380828857421875
2009-08-20,8.597731590270996
2009-08-21,8.766430854797363
2009-08-24,8.70016098022461
2009-08-25,8.80860710144043
2009-08-26,8.784504890441895
2009-08-27,8.874881744384766
2009-08-28,8.886935234069824
2009-08-31,8.856807708740234
2009-09-01,8.380828857421875
2009-09-02,8.308526992797852
2009-09-03,8.47120475769043
2009-09-04,8.567605018615723
2009-09-08,8.603753089904785
2009-09-09,8.736307144165039
2009-09-10,8.80860710144043
2009-09-11,8.754380226135254
2009-09-14,8.868853569030762
2009-09-15,8.886935234069824
2009-09-16,9.194211959838867
2009-09-17,9.164083480834961
2009-09-18,9.15018367767334
2009-09-21,9.065568923950195
2009-09-22,9.271055221557617
2009-09-23,9.083701133728027
2009-09-24,8.902390480041504
2009-09-25,8.817779541015625
2009-09-28,9.113922119140625
2009-09-29,9.071615219116211
2009-09-30,9.029308319091797
2009-10-01,8.63042163848877
2009-10-02,8.636466979980469
2009-10-05,8.908432960510254
2009-10-06,9.023268699645996
2009-10-07,9.119963645935059
2009-10-08,9.132052421569824
2009-10-09,9.210620880126953
2009-10-12,9.283143043518066
2009-10-13,9.192488670349121
2009-10-14,9.506763458251953
2009-10-15,9.422152519226074
2009-10-16,9.198533058166504
2009-10-19,9.240839958190918
2009-10-20,9.168313026428223
2009-10-21,8.993046760559082
2009-10-22,9.258968353271484
2009-10-23,9.126009941101074
2009-10-26,8.890302658081055
2009-10-27,8.823822021484375
2009-10-28,8.551854133605957
2009-10-29,8.908432960510254
2009-10-30,8.491415977478027
2009-11-02,8.56394100189209
2009-11-03,8.588118553161621
2009-11-04,8.467243194580078
2009-11-05,8.684818267822266
2009-11-06,8.648554801940918
2009-11-09,8.956781387329102
2009-11-10,8.926568031311035
2009-11-11,9.047439575195312
2009-11-12,8.878212928771973
2009-11-13,8.860085487365723
2009-11-16,8.956781387329102
2009-11-17,8.980955123901367
2009-11-18,9.053484916687012
2009-11-19,8.878212928771973
2009-11-20,8.823822021484375
2009-11-23,8.950739860534668
2009-11-24,8.884260177612305
2009-11-25,8.866127014160156
2009-11-27,8.63042163848877
2009-11-30,8.860085487365723
2009-12-01,8.866127014160156
2009-12-02,8.860085487365723
2009-12-03,8.678770065307617
2009-12-04,8.841952323913574
2009-12-07,8.696905136108398
2009-12-08,8.618335723876953
2009-12-09,8.648554801940918
2009-12-10,8.636466979980469
2009-12-11,8.696905136108398
2009-12-14,8.745254516601562
2009-12-15,8.60624885559082
2009-12-16,8.660637855529785
2009-12-17,8.497461318969727
2009-12-18,8.626065254211426
2009-12-21,8.753451347351074
2009-12-22,8.771649360656738
2009-12-23,8.735254287719727
2009-12-24,8.81411361694336
2009-12-28,8.783783912658691
2009-12-29,8.747384071350098
2009-12-30,8.753451347351074
2009-12-31,8.735254287719727
2010-01-04,8.911171913146973
2010-01-05,9.074960708618164
2010-01-06,9.093153953552246
2010-01-07,9.287273406982422
2010-01-08,9.23267650604248
2010-01-11,9.238748550415039
2010-01-12,9.105290412902832
2010-01-13,9.208413124084473
2010-01-14,9.250883102416992
2010-01-15,9.062827110290527
2010-01-19,9.178083419799805
2010-01-20,9.15381908416748
2010-01-21,8.892975807189941
2010-01-22,8.601799964904785
2010-01-25,8.650327682495117
2010-01-26,8.498674392700195
2010-01-27,8.704925537109375
2010-01-28,8.662463188171387
2010-01-29,8.601799964904785
2010-02-01,8.747384071350098
2010-02-02,8.832311630249023
2010-02-03,8.735254287719727
2010-02-04,8.359156608581543
2010-02-05,8.456215858459473
2010-02-08,8.28636360168457
2010-02-09,8.37128734588623
2010-02-10,8.438010215759277
2010-02-11,8.456215858459473
2010-02-12,8.46227741241455
2010-02-16,8.638195037841797
2010-02-17,8.668529510498047
2010-02-18,8.723123550415039
2010-02-19,8.771649360656738
2010-02-22,8.886907577514648
2010-02-23,8.723123550415039
2010-02-24,8.874775886535645
2010-02-25,8.85051155090332
2010-02-26,8.905107498168945
2010-03-01,8.929370880126953
2010-03-02,8.95970630645752
2010-03-03,8.96576976776123
2010-03-04,9.0567626953125
2010-03-05,9.23267650604248
2010-03-08,9.250883102416992
2010-03-09,9.281210899353027
2010-03-10,9.384333610534668
2010-03-11,9.463191032409668
2010-03-12,9.426796913146973
2010-03-15,9.426796913146973
2010-03-16,9.5420560836792
2010-03-17,9.657307624816895
2010-03-18,9.602715492248535
2010-03-19,9.539484977722168
2010-03-22,9.58812141418457
2010-03-23,9.667160034179688
2010-03-24,9.673240661621094
2010-03-25,9.715801239013672
2010-03-26,9.7279634475708
2010-03-29,9.740123748779297
2010-03-30,9.67932415008545
2010-03-31,9.697561264038086
2010-04-01,9.776604652404785
2010-04-05,9.873881340026855
2010-04-06,9.977240562438965
2010-04-07,9.940759658813477
2010-04-08,10.019803047180176
2010-04-09,10.056281089782715
2010-04-12,10.098837852478027
2010-04-13,10.1049165725708
2010-04-14,10.366358757019043
2010-04-15,10.323800086975098
2010-04-16,9.946842193603516
2010-04-19,10.044122695922852
2010-04-20,10.177881240844727
2010-04-21,10.11707878112793
2010-04-22,10.171806335449219
2010-04-23,10.202200889587402
2010-04-26,10.044122695922852
2010-04-27,9.703642845153809
2010-04-28,9.843483924865723
2010-04-29,10.068437576293945
2010-04-30,9.825241088867188
2010-05-03,10.013723373413086
2010-05-04,9.740123748779297
2010-05-05,9.685403823852539
2010-05-06,9.278047561645508
2010-05-07,9.174683570861816
2010-05-10,9.685403823852539
2010-05-11,9.648921966552734
2010-05-12,9.758362770080566
2010-05-13,9.582045555114746
2010-05-14,9.332761764526367
2010-05-17,9.338842391967773
2010-05-18,9.07132625579834
2010-05-19,9.08348274230957
2010-05-20,8.663966178894043
2010-05-21,8.967966079711914
2010-05-24,8.712605476379395
2010-05-25,8.791641235351562
2010-05-26,8.73084545135498
2010-05-27,9.126044273376465
2010-05-28,8.925407409667969
2010-06-01,8.736926078796387
2010-06-02,9.010526657104492
2010-06-03,8.961882591247559
2010-06-04,8.603168487548828
2010-06-07,8.432928085327148
2010-06-08,8.609247207641602
2010-06-09,8.518049240112305
2010-06-10,8.797724723815918
2010-06-11,8.82204532623291
2010-06-14,8.785564422607422
2010-06-15,8.992286682128906
2010-06-16,8.998364448547363
2010-06-17,8.9862060546875
2010-06-18,9.035558700561523
2010-06-21,9.023368835449219
2010-06-22,8.883235931396484
2010-06-23,8.84058952331543
2010-06-24,8.68217658996582
2010-06-25,8.919797897338867
2010-06-28,8.834491729736328
2010-06-29,8.517669677734375
2010-06-30,8.41409683227539
2010-07-01,8.334891319274902
2010-07-02,8.237403869628906
2010-07-06,8.28614616394043
2010-07-07,8.651711463928223
2010-07-08,8.718732833862305
2010-07-09,8.84058952331543
2010-07-12,8.852773666381836
2010-07-13,9.07210922241211
2010-07-14,9.005095481872559
2010-07-15,8.986812591552734
2010-07-16,8.609064102172852
2010-07-19,8.602973937988281
2010-07-20,8.694364547729492
2010-07-21,8.554230690002441
2010-07-22,8.804036140441895
2010-07-23,8.871053695678711
2010-07-26,8.99290943145752
2010-07-27,9.017278671264648
2010-07-28,8.938074111938477
2010-07-29,8.968535423278809
2010-07-30,8.962442398071289
2010-08-02,9.187874794006348
2010-08-03,9.084298133850098
2010-08-04,9.120855331420898
2010-08-05,9.084298133850098
2010-08-06,9.005095481872559
2010-08-09,9.053834915161133
2010-08-10,8.974628448486328
2010-08-11,8.657805442810059
2010-08-12,8.596880912780762
2010-08-13,8.572505950927734
2010-08-16,8.548130989074707
2010-08-17,8.615156173706055
2010-08-18,8.651711463928223
2010-08-19,8.450653076171875
2010-08-20,8.426278114318848
2010-08-23,8.37144660949707
2010-08-24,8.231311798095703
2010-08-25,8.255681037902832
2010-08-26,8.188665390014648
2010-08-27,8.365350723266602
2010-08-30,8.188665390014648
2010-08-31,8.261777877807617
2010-09-01,8.578597068786621
2010-09-02,8.663896560668945
2010-09-03,8.8466796875
2010-09-07,8.645617485046387
2010-09-08,8.730916023254395
2010-09-09,8.84058952331543
2010-09-10,8.852773666381836
2010-09-13,9.041646957397461
2010-09-14,8.962442398071289
2010-09-15,8.99290943145752
2010-09-16,8.968535423278809
2010-09-17,8.92151927947998
2010-09-20,9.092489242553711
2010-09-21,9.007006645202637
2010-09-22,8.860455513000488
2010-09-23,8.68947696685791
2010-09-24,8.92151927947998
2010-09-27,8.82381534576416
2010-09-28,8.842132568359375
2010-09-29,8.774964332580566
2010-09-30,8.762748718261719
2010-10-01,8.85434341430664
2010-10-04,8.793280601501465
2010-10-05,8.994791030883789
2010-10-06,8.988685607910156
2010-10-07,8.952051162719727
2010-10-08,8.97647476196289
2010-10-11,8.964262008666992
2010-10-12,9.068069458007812
2010-10-13,9.074178695678711
2010-10-14,8.915409088134766
2010-10-15,8.762748718261719
2010-10-18,8.958154678344727
2010-10-19,8.83602523803711
2010-10-20,8.92151927947998
2010-10-21,8.92151927947998
2010-10-22,8.915409088134766
2010-10-25,8.884876251220703
2010-10-26,8.89709186553955
2010-10-27,8.90319538116455
2010-10-28,8.90319538116455
2010-10-29,8.890986442565918
2010-11-01,8.890986442565918
2010-11-02,8.915409088134766
2010-11-03,9.000900268554688
2010-11-04,9.30012035369873
2010-11-05,9.513839721679688
2010-11-08,9.44056224822998
2010-11-09,9.26347827911377
2010-11-10,9.367289543151855
2010-11-11,9.275689125061035
2010-11-12,9.123027801513672
2010-11-15,9.165771484375
2010-11-16,9.013114929199219
2010-11-17,8.952051162719727
2010-11-18,9.074178695678711
2010-11-19,9.074178695678711
2010-11-22,8.939839363098145
2010-11-23,8.799384117126465
2010-11-24,8.93372917175293
2010-11-26,8.805493354797363
2010-11-29,8.878767013549805
2010-11-30,8.829917907714844
2010-12-01,9.007006645202637
2010-12-02,9.23905086517334
2010-12-03,9.269582748413086
2010-12-06,9.257370948791504
2010-12-07,9.269582748413086
2010-12-08,9.42224407196045
2010-12-09,9.538267135620117
2010-12-10,9.623756408691406
2010-12-13,9.61765193939209
2010-12-14,9.532161712646484
2010-12-15,9.45277214050293
2010-12-16,9.464986801147461
2010-12-17,9.517692565917969
2010-12-20,9.523824691772461
2010-12-21,9.689294815063477
2010-12-22,9.799610137939453
2010-12-23,9.726066589355469
2010-12-27,9.811866760253906
2010-12-28,9.811866760253906
2010-12-29,9.793485641479492
2010-12-30,9.762838363647461
2010-12-31,9.775092124938965
2011-01-03,9.989595413208008
2011-01-04,9.977338790893555
2011-01-05,10.093779563903809
2011-01-06,10.026366233825684
2011-01-07,9.940570831298828
2011-01-10,9.91605281829834
2011-01-11,9.9528226852417
2011-01-12,10.118297576904297
2011-01-13,10.08764934539795
2011-01-14,10.246994018554688
2011-01-18,10.185709953308105
2011-01-19,9.958953857421875
2011-01-20,10.007983207702637
2011-01-21,10.08764934539795
2011-01-24,10.075394630432129
2011-01-25,10.057013511657715
2011-01-26,10.050882339477539
2011-01-27,10.136679649353027
2011-01-28,9.958953857421875
2011-01-31,10.050882339477539
2011-02-01,10.259252548217773
2011-02-02,10.179580688476562
2011-02-03,10.185709953308105
2011-02-04,10.179580688476562
2011-02-07,10.326668739318848
2011-02-08,10.400211334228516
2011-02-09,10.326668739318848
2011-02-10,10.326668739318848
2011-02-11,10.467623710632324
2011-02-14,10.47375202178955
2011-02-15,10.461496353149414
2011-02-16,10.516654968261719
2011-02-17,10.504396438598633
2011-02-18,10.528910636901855
2011-02-22,10.204095840454102
2011-02-23,10.161200523376465
2011-02-24,10.136679649353027
2011-02-25,10.277642250061035
2011-02-28,10.326668739318848
2011-03-01,10.106037139892578
2011-03-02,10.044754028320312
2011-03-03,10.253124237060547
2011-03-04,10.124428749084473
2011-03-07,10.057013511657715
2011-03-08,10.277642250061035
2011-03-09,10.277642250061035
2011-03-10,10.069270133972168
2011-03-11,10.136679649353027
2011-03-14,10.044754028320312
2011-03-15,9.92831039428711
2011-03-16,9.744453430175781
2011-03-17,9.860897064208984
2011-03-18,9.997305870056152
2011-03-21,10.046466827392578
2011-03-22,9.991164207458496
2011-03-23,9.966588973999023
2011-03-24,10.015740394592285
2011-03-25,10.04031753540039
2011-03-28,10.009594917297363
2011-03-29,10.02802848815918
2011-03-30,10.107909202575684
2011-03-31,10.071038246154785
2011-04-01,10.157064437866211
2011-04-04,10.144776344299316
2011-04-05,10.138633728027344
2011-04-06,10.255378723144531
2011-04-07,10.20622444152832
2011-04-08,10.11405086517334
2011-04-11,10.11405086517334
2011-04-12,10.077188491821289
2011-04-13,10.003450393676758
2011-04-14,9.911283493041992
2011-04-15,9.917428016662598
2011-04-18,9.782244682312012
2011-04-19,9.812968254089355
2011-04-20,9.837546348571777
2011-04-21,9.89284896850586
2011-04-25,9.880559921264648
2011-04-26,9.942007064819336
2011-04-27,10.003450393676758
2011-04-28,10.083330154418945
2011-04-29,10.064895629882812
2011-05-02,10.021883964538574
2011-05-03,10.064895629882812
2011-05-04,9.97887134552002
2011-05-05,9.849835395812988
2011-05-06,9.898988723754883
2011-05-09,9.87441349029541
2011-05-10,9.966588973999023
2011-05-11,9.831401824951172
2011-05-12,9.831401824951172
2011-05-13,9.690077781677246
2011-05-16,9.677789688110352
2011-05-17,9.751521110534668
2011-05-18,9.794538497924805
2011-05-19,9.794538497924805
2011-05-20,9.659355163574219
2011-05-23,9.52417278289795
2011-05-24,9.51187801361084
2011-05-25,9.518026351928711
2011-05-26,9.567184448242188
2011-05-27,9.634774208068848
2011-05-31,9.733085632324219
2011-06-01,9.407419204711914
2011-06-02,9.413565635681152
2011-06-03,9.352126121520996
2011-06-06,9.173927307128906
2011-06-07,9.155494689941406
2011-06-08,9.069469451904297
2011-06-09,9.173927307128906
2011-06-10,9.112479209899902
2011-06-13,9.20465087890625
2011-06-14,9.253806114196777
2011-06-15,9.051033973693848
2011-06-16,9.100192070007324
2011-06-17,9.18220329284668
2011-06-20,9.176039695739746
2011-06-21,9.305540084838867
2011-06-22,9.250040054321289
2011-06-23,9.157535552978516
2011-06-24,9.102039337158203
2011-06-27,9.194541931152344
2011-06-28,9.237709045410156
2011-06-29,9.428873062133789
2011-06-30,9.465874671936035
2011-07-01,9.638545036315918
2011-07-05,9.55220890045166
2011-07-06,9.502875328063965
2011-07-07,9.657041549682617
2011-07-08,9.533707618713379
2011-07-11,9.274707794189453
2011-07-12,9.237709045410156
2011-07-13,9.243873596191406
2011-07-14,9.176039695739746
2011-07-15,9.157535552978516
2011-07-18,9.034208297729492
2011-07-19,9.145206451416016
2011-07-20,9.250040054321289
2011-07-21,9.47204303741455
2011-07-22,9.447372436523438
2011-07-25,9.379537582397461
2011-07-26,9.367207527160645
2011-07-27,9.145206451416016
2011-07-28,9.151374816894531
2011-07-29,9.126708984375
2011-08-01,9.095873832702637
2011-08-02,8.84920597076416
2011-08-03,8.892374038696289
2011-08-04,8.442203521728516
2011-08-05,8.281868934631348
2011-08-08,7.4986982345581055
2011-08-09,8.078370094299316
2011-08-10,7.517200946807861
2011-08-11,7.936532020568848
2011-08-12,7.881032466888428
2011-08-15,8.133870124816895
2011-08-16,7.973536491394043
2011-08-17,8.022870063781738
2011-08-18,7.634363651275635
2011-08-19,7.480201244354248
2011-08-22,7.387698173522949
2011-08-23,7.628199577331543
2011-08-24,7.831702709197998
2011-08-25,7.807036876678467
2011-08-26,7.874866962432861
2011-08-29,8.201704978942871
2011-08-30,8.146202087402344
2011-08-31,8.251035690307617
2011-09-01,8.066033363342285
2011-09-02,7.733035087585449
2011-09-06,7.5973711013793945
2011-09-07,7.961198329925537
2011-09-08,7.788536071777344
2011-09-09,7.541867733001709
2011-09-12,7.628199577331543
2011-09-13,7.677533149719238
2011-09-14,7.770035266876221
2011-09-15,7.967368125915527
2011-09-16,7.992128372192383
2011-09-19,7.77545690536499
2011-09-20,7.75069522857666
2011-09-21,7.366874694824219
2011-09-22,7.15639591217041
2011-09-23,7.230685234069824
2011-09-26,7.552596092224121
2011-09-27,7.589739799499512
2011-09-28,7.3730645179748535
2011-09-29,7.577356338500977
2011-09-30,7.311158657073975
2011-10-03,6.983055591583252
2011-10-04,7.2616353034973145
2011-10-05,7.366874694824219
2011-10-06,7.595927715301514
2011-10-07,7.3235392570495605
2011-10-10,7.701168060302734
2011-10-11,7.694979190826416
2011-10-12,7.893082141876221
2011-10-13,7.707360744476318
2011-10-14,7.8002214431762695
2011-10-17,7.558785915374756
2011-10-18,7.917843818664551
2011-10-19,7.8064117431640625
2011-10-20,7.924034118652344
2011-10-21,8.128324508666992
2011-10-24,8.307854652404785
2011-10-25,8.060227394104004
2011-10-26,8.202610969543457
2011-10-27,8.691675186157227
2011-10-28,8.697868347167969
2011-10-31,8.357381820678711
2011-11-01,7.96117639541626
2011-11-02,8.196422576904297
2011-11-03,8.338808059692383
2011-11-04,8.227375030517578
2011-11-07,8.270709991455078
2011-11-08,8.42547607421875
2011-11-09,7.9673662185668945
2011-11-10,8.00451374053955
2011-11-11,8.196422576904297
2011-11-14,8.02927303314209
2011-11-15,8.066420555114746
2011-11-16,7.868319511413574
2011-11-17,7.713552474975586
2011-11-18,7.738317012786865
2011-11-21,7.546405792236328
2011-11-22,7.478307723999023
2011-11-23,7.274013519287109
2011-11-25,7.292586326599121
2011-11-28,7.509261131286621
2011-11-29,7.472115516662598
2011-11-30,7.930224895477295
2011-12-01,7.886888027191162
2011-12-02,7.992128372192383
2011-12-05,8.153087615966797
2011-12-06,8.159276008605957
2011-12-07,8.258329391479492
2011-12-08,7.936413288116455
2011-12-09,8.109753608703613
2011-12-12,7.917843818664551
2011-12-13,7.8064117431640625
2011-12-14,7.77545690536499
2011-12-15,7.781647205352783
2011-12-16,7.81279993057251
2011-12-19,7.638354778289795
2011-12-20,7.9249467849731445
2011-12-21,7.968559265136719
2011-12-22,8.13677978515625
2011-12-23,8.19284725189209
2011-12-27,8.149234771728516
2011-12-28,8.018399238586426
2011-12-29,8.143007278442383
2011-12-30,8.099395751953125
2012-01-03,8.311224937438965
2012-01-04,8.286303520202637
2012-01-05,8.398448944091797
2012-01-06,8.348605155944824
2012-01-09,8.392218589782715
2012-01-10,8.541749000549316
2012-01-11,8.641432762145996
2012-01-12,8.672584533691406
2012-01-13,8.61028003692627
2012-01-17,8.541749000549316
2012-01-18,8.672584533691406
2012-01-19,8.753576278686523
2012-01-20,8.809648513793945
2012-01-23,8.840801239013672
2012-01-24,8.828339576721191
2012-01-25,8.847028732299805
2012-01-26,8.772266387939453
2012-01-27,8.803418159484863
2012-01-30,8.722426414489746
2012-01-31,8.759806632995605
2012-02-01,8.896873474121094
2012-02-02,8.940484046936035
2012-02-03,9.183466911315918
2012-02-06,9.139854431152344
2012-02-07,9.133626937866211
2012-02-08,9.202160835266113
2012-02-09,9.164773941040039
2012-02-10,9.077552795410156
2012-02-13,9.158548355102539
2012-02-14,9.071322441101074
2012-02-15,9.015252113342285
2012-02-16,9.158548355102539
2012-02-17,9.214618682861328
2012-02-21,9.208388328552246
2012-02-22,9.09001350402832
2012-02-23,9.171008110046387
2012-02-24,9.139854431152344
2012-02-27,9.208388328552246
2012-02-28,9.23331069946289
2012-02-29,9.195930480957031
2012-03-01,9.295612335205078
2012-03-02,9.264463424682617
2012-03-05,9.227078437805176
2012-03-06,9.002791404724121
2012-03-07,9.114936828613281
2012-03-08,9.202160835266113
2012-03-09,9.2769193649292
2012-03-12,9.251999855041504
2012-03-13,9.607124328613281
2012-03-14,9.619589805603027
2012-03-15,9.787808418273926
2012-03-16,9.825308799743652
2012-03-19,9.875307083129883
2012-03-20,9.925310134887695
2012-03-21,9.881559371948242
2012-03-22,9.75030517578125
2012-03-23,9.831561088562012
2012-03-26,9.987811088562012
2012-03-27,9.894062995910645
2012-03-28,9.919062614440918
2012-03-29,9.819061279296875
2012-03-30,9.875307083129883
2012-04-02,9.950310707092285
2012-04-03,9.894062995910645
2012-04-04,9.737804412841797
2012-04-05,9.712801933288574
2012-04-09,9.562797546386719
2012-04-10,9.356544494628906
2012-04-11,9.506549835205078
2012-04-12,9.68155574798584
2012-04-13,9.456546783447266
2012-04-16,9.525299072265625
2012-04-17,9.650303840637207
2012-04-18,9.58780288696289
2012-04-19,9.544049263000488
2012-04-20,9.494047164916992
2012-04-23,9.425296783447266
2012-04-24,9.531550407409668
2012-04-25,9.61280345916748
2012-04-26,9.694056510925293
2012-04-27,9.700305938720703
2012-04-30,9.644051551818848
2012-05-01,9.744053840637207
2012-05-02,9.669052124023438
2012-05-03,9.58780288696289
2012-05-04,9.437797546386719
2012-05-07,9.494047164916992
2012-05-08,9.43154525756836
2012-05-09,9.325294494628906
2012-05-10,9.36279296875
2012-05-11,9.25654125213623
2012-05-14,9.069036483764648
2012-05-15,9.019031524658203
2012-05-16,8.887779235839844
2012-05-17,8.706522941589355
2012-05-18,8.60651683807373
2012-05-21,8.687771797180176
2012-05-22,8.756525039672852
2012-05-23,8.787774085998535
2012-05-24,8.794025421142578
2012-05-25,8.762772560119629
2012-05-29,8.887779235839844
2012-05-30,8.681522369384766
2012-05-31,8.756525039672852
2012-06-01,8.431511878967285
2012-06-04,8.350260734558105
2012-06-05,8.487768173217773
2012-06-06,8.737772941589355
2012-06-07,8.731524467468262
2012-06-08,8.837775230407715
2012-06-11,8.67526912689209
2012-06-12,8.806526184082031
2012-06-13,8.775276184082031
2012-06-14,8.881529808044434
2012-06-15,9.005875587463379
2012-06-18,8.955634117126465
2012-06-19,9.106362342834473
2012-06-20,9.125199317932129
2012-06-21,8.924236297607422
2012-06-22,9.005875587463379
2012-06-25,8.817468643188477
2012-06-26,8.861431121826172
2012-06-27,8.968194961547852
2012-06-28,8.961919784545898
2012-06-29,9.194289207458496
2012-07-02,9.250809669494629
2012-07-03,9.301048278808594
2012-07-05,9.162885665893555
2012-07-06,9.087519645690918
2012-07-09,9.074959754943848
2012-07-10,9.005875587463379
2012-07-11,9.08123779296875
2012-07-12,8.98703670501709
2012-07-13,9.238242149353027
2012-07-16,9.219406127929688
2012-07-17,9.269651412963867
2012-07-18,9.225685119628906
2012-07-19,9.169166564941406
2012-07-20,9.03099536895752
2012-07-23,8.955634117126465
2012-07-24,8.930513381958008
2012-07-25,8.961919784545898
2012-07-26,9.100080490112305
2012-07-27,9.269651412963867
2012-07-30,9.250809669494629
2012-07-31,9.20684814453125
2012-08-01,9.162885665893555
2012-08-02,9.093801498413086
2012-08-03,9.307332992553711
2012-08-06,9.345010757446289
2012-08-07,9.38269329071045
2012-08-08,9.38269329071045
2012-08-09,9.37641429901123
2012-08-10,9.38269329071045
2012-08-13,9.388972282409668
2012-08-14,9.37641429901123
2012-08-15,9.407814025878906
2012-08-16,9.470617294311523
2012-08-17,9.502018928527832
2012-08-20,9.527137756347656
2012-08-21,9.558541297912598
2012-08-22,9.545980453491211
2012-08-23,9.45177936553955
2012-08-24,9.502018928527832
2012-08-27,9.495737075805664
2012-08-28,9.483175277709961
2012-08-29,9.502018928527832
2012-08-30,9.45177936553955
2012-08-31,9.520855903625488
2012-09-04,9.520855903625488
2012-09-05,9.520855903625488
2012-09-06,9.746946334838867
2012-09-07,9.847432136535645
2012-09-10,9.765786170959473
2012-09-11,9.847432136535645
2012-09-12,9.885114669799805
2012-09-13,10.14260482788086
2012-09-14,10.224244117736816
2012-09-17,10.130041122436523
2012-09-18,10.079800605773926
2012-09-19,10.073518753051758
2012-09-20,10.016998291015625
2012-09-21,9.982941627502441
2012-09-24,9.98924732208252
2012-09-25,9.837896347045898
2012-09-26,9.774832725524902
2012-09-27,9.863123893737793
2012-09-28,9.831588745117188
2012-10-01,9.875734329223633
2012-10-02,9.894654273986816
2012-10-03,9.982941627502441
2012-10-04,10.134294509887695
2012-10-05,10.127988815307617
2012-10-08,10.121683120727539
2012-10-09,10.058622360229492
2012-10-10,10.052313804626465
2012-10-11,10.10906982421875
2012-10-12,9.970328330993652
2012-10-15,10.083847045898438
2012-10-16,10.146910667419434
2012-10-17,10.279341697692871
2012-10-18,10.298261642456055
2012-10-19,10.15952205657959
2012-10-22,10.15952205657959
2012-10-23,9.98924732208252
2012-10-24,9.98924732208252
2012-10-25,10.01447582244873
2012-10-26,9.96402359008789
2012-10-31,10.02708911895752
2012-11-01,10.153217315673828
2012-11-02,10.090154647827148
2012-11-05,10.071234703063965
2012-11-06,10.184747695922852
2012-11-07,9.844204902648926
2012-11-08,9.76222038269043
2012-11-09,9.774832725524902
2012-11-12,9.793753623962402
2012-11-13,9.724383354187012
2012-11-14,9.554110527038574
2012-11-15,9.573031425476074
2012-11-16,9.63609504699707
2012-11-19,9.81898021697998
2012-11-20,9.869428634643555
2012-11-21,9.869428634643555
2012-11-23,9.98924732208252
2012-11-26,9.951414108276367
2012-11-27,9.863123893737793
2012-11-28,9.900959968566895
2012-11-29,9.951414108276367
2012-11-30,9.938796043395996
2012-12-03,9.900959968566895
2012-12-04,9.875734329223633
2012-12-05,9.995555877685547
2012-12-06,10.02708911895752
2012-12-07,10.10906982421875
2012-12-10,10.083847045898438
2012-12-11,10.134294509887695
2012-12-12,10.178443908691406
2012-12-13,10.127988815307617
2012-12-14,10.090154647827148
2012-12-17,10.298261642456055
2012-12-18,10.449612617492676
2012-12-19,10.38654899597168
2012-12-20,10.531596183776855
2012-12-21,10.40721607208252
2012-12-24,10.388179779052734
2012-12-26,10.388179779052734
2012-12-27,10.350102424621582
2012-12-28,10.267607688903809
2012-12-31,10.400869369506836
2013-01-02,10.705472946166992
2013-01-03,10.692782402038574
2013-01-04,10.819697380065918
2013-01-07,10.79431438446045
2013-01-08,10.762584686279297
2013-01-09,10.749892234802246
2013-01-10,10.883156776428223
2013-01-11,10.857773780822754
2013-01-14,10.826045036315918
2013-01-15,10.870465278625488
2013-01-16,10.876812934875488
2013-01-17,10.870465278625488
2013-01-18,10.883156776428223
2013-01-22,10.984689712524414
2013-01-23,10.97834587097168
2013-01-24,11.035459518432617
2013-01-25,11.086225509643555
2013-01-28,11.0418062210083
2013-01-29,11.086225509643555
2013-01-30,11.035459518432617
2013-01-31,11.0291109085083
2013-02-01,11.175065040588379
2013-02-04,11.048148155212402
2013-02-05,11.15602970123291
2013-02-06,11.175065040588379
2013-02-07,11.143336296081543
2013-02-08,11.168721199035645
2013-02-11,11.219491004943848
2013-02-12,11.308329582214355
2013-02-13,11.282949447631836
2013-02-14,11.321022987365723
2013-02-15,11.270254135131836
2013-02-19,11.378134727478027
2013-02-20,11.206793785095215
2013-02-21,11.11795425415039
2013-02-22,11.257558822631836
2013-02-25,10.952960968017578
2013-02-26,11.0100736618042
2013-02-27,11.181414604187012
2013-02-28,11.162376403808594
2013-03-01,11.194106101989746
2013-03-04,11.289292335510254
2013-03-05,11.384479522705078
2013-03-06,11.460628509521484
2013-03-07,11.543128967285156
2013-03-08,11.574854850769043
2013-03-11,11.66369342803955
2013-03-12,11.600239753723145
2013-03-13,11.631970405578613
2013-03-14,11.70811653137207
2013-03-15,11.747597694396973
2013-03-18,11.632987022399902
2013-03-19,11.569314956665039
2013-03-20,11.645718574523926
2013-03-21,11.505642890930176
2013-03-22,11.575682640075684
2013-03-25,11.543843269348145
2013-03-26,11.620250701904297
2013-03-27,11.562946319580078
2013-03-28,11.594782829284668
2013-04-01,11.537479400634766
2013-04-02,11.607515335083008
2013-04-03,11.416498184204102
2013-04-04,11.51837158203125
2013-04-05,11.480173110961914
2013-04-08,11.594782829284668
2013-04-09,11.626620292663574
2013-04-10,11.785802841186523
2013-04-11,11.811269760131836
2013-04-12,11.760331153869629
2013-04-15,11.512009620666504
2013-04-16,11.690291404724121
2013-04-17,11.473803520202637
2013-04-18,11.352828025817871
2013-04-19,11.512009620666504
2013-04-22,11.52474308013916
2013-04-23,11.734862327575684
2013-04-24,11.804903030395508
2013-04-25,11.874939918518066
2013-04-26,11.824004173278809
2013-04-29,11.874939918518066
2013-04-30,11.906778335571289
2013-05-01,11.773066520690918
2013-05-02,11.874939918518066
2013-05-03,12.002286911010742
2013-05-06,12.129631042480469
2013-05-07,12.193304061889648
2013-05-08,12.29517936706543
2013-05-09,12.206039428710938
2013-05-10,12.256977081298828
2013-05-13,12.29517936706543
2013-05-14,12.505300521850586
2013-05-15,12.619915008544922
2013-05-16,12.537134170532227
2013-05-17,12.70268440246582
2013-05-20,12.728154182434082
2013-05-21,12.759992599487305
2013-05-22,12.626279830932617
2013-05-23,12.549870491027832
2013-05-24,12.562605857849121
2013-05-28,12.689953804016113
2013-05-29,12.689953804016113
2013-05-30,12.842766761779785
2013-05-31,12.632647514343262
2013-06-03,12.645378112792969
2013-06-04,12.530765533447266
2013-06-05,12.327013969421387
2013-06-06,12.498934745788574
2013-06-07,12.715418815612793
2013-06-10,12.721785545349121
2013-06-11,12.511667251586914
2013-06-12,12.377952575683594
2013-06-13,12.613546371459961
2013-06-14,12.44799518585205
2013-06-17,12.568971633911133
2013-06-18,12.651750564575195
2013-06-19,12.479832649230957
2013-06-20,12.212406158447266
2013-06-21,12.223276138305664
2013-06-24,12.005916595458984
2013-06-25,12.229668617248535
2013-06-26,12.351133346557617
2013-06-27,12.510957717895508
2013-06-28,12.434240341186523
2013-07-01,12.472597122192383
2013-07-02,12.485386848449707
2013-07-03,12.447026252746582
2013-07-05,12.67077922821045
2013-07-08,12.76667594909668
2013-07-09,12.875350952148438
2013-07-10,12.798640251159668
2013-07-11,12.920105934143066
2013-07-12,13.009604454040527
2013-07-15,13.06714153289795
2013-07-16,13.015997886657715
2013-07-17,13.073538780212402
2013-07-18,13.246142387390137
2013-07-19,13.252532958984375
2013-07-22,13.342036247253418
2013-07-23,13.290892601013184
2013-07-24,13.194993019104004
2013-07-25,13.20778751373291
2013-07-26,13.194993019104004
2013-07-29,13.099103927612305
2013-07-30,13.092714309692383
2013-07-31,13.099103927612305
2013-08-01,13.310070037841797
2013-08-02,13.303678512573242
2013-08-05,13.278106689453125
2013-08-06,13.156641960144043
2013-08-07,13.06714153289795
2013-08-08,13.099103927612305
2013-08-09,13.054357528686523
2013-08-12,13.003211975097656
2013-08-13,13.06714153289795
2013-08-14,13.015997886657715
2013-08-15,12.824207305908203
2013-08-16,12.798640251159668
2013-08-19,12.632424354553223
2013-08-20,12.753885269165039
2013-08-21,12.664384841918945
2013-08-22,12.81142807006836
2013-08-23,12.824207305908203
2013-08-26,12.741100311279297
2013-08-27,12.434240341186523
2013-08-28,12.453421592712402
2013-08-29,12.485386848449707
2013-08-30,12.427847862243652
2013-09-03,12.530135154724121
2013-09-04,12.626029014587402
2013-09-05,12.657991409301758
2013-09-06,12.657991409301758
2013-09-09,12.805035591125488
2013-09-10,12.958462715148926
2013-09-11,12.971246719360352
2013-09-12,12.875350952148438
2013-09-13,12.913712501525879
2013-09-16,13.054357528686523
2013-09-17,13.118285179138184
2013-09-18,13.233359336853027
2013-09-19,13.182214736938477
2013-09-20,13.11225700378418
2013-09-23,12.926128387451172
2013-09-24,12.842693328857422
2013-09-25,12.91329288482666
2013-09-26,12.91329288482666
2013-09-27,12.868368148803711
2013-09-30,12.778512954711914
2013-10-01,12.868368148803711
2013-10-02,12.861952781677246
2013-10-03,12.765674591064453
2013-10-04,12.868368148803711
2013-10-07,12.720749855041504
2013-10-08,12.560297012329102
2013-10-09,12.605222702026367
2013-10-10,12.964641571044922
2013-10-11,13.035239219665527
2013-10-14,13.099418640136719
2013-10-15,13.003149032592773
2013-10-16,13.279128074645996
2013-10-17,13.394654273986816
2013-10-18,13.420327186584473
2013-10-21,13.394654273986816
2013-10-22,13.420327186584473
2013-10-23,13.311216354370117
2013-10-24,13.330471992492676
2013-10-25,13.388233184814453
2013-10-28,13.356144905090332
2013-10-29,13.394654273986816
2013-10-30,13.343307495117188
2013-10-31,13.202109336853027
2013-11-01,13.234199523925781
2013-11-04,13.240618705749512
2013-11-05,13.170021057128906
2013-11-06,13.234199523925781
2013-11-07,13.086579322814941
2013-11-08,13.388233184814453
2013-11-11,13.394654273986816
2013-11-12,13.266291618347168
2013-11-13,13.381816864013672
2013-11-14,13.497343063354492
2013-11-15,13.561529159545898
2013-11-18,13.555103302001953
2013-11-19,13.574366569519043
2013-11-20,13.535852432250977
2013-11-21,13.72839641571045
2013-11-22,13.79257869720459
2013-11-25,13.8118314743042
2013-11-26,13.798999786376953
2013-11-27,13.837508201599121
2013-11-29,13.786164283752441
2013-12-02,13.779744148254395
2013-12-03,13.638540267944336
2013-12-04,13.670626640319824
2013-12-05,13.542271614074707
2013-12-06,13.72839641571045
2013-12-09,13.786164283752441
2013-12-10,13.734814643859863
2013-12-11,13.548690795898438
2013-12-12,13.548690795898438
2013-12-13,13.561529159545898
2013-12-16,13.6449613571167
2013-12-17,13.555103302001953
2013-12-18,13.869595527648926
2013-12-19,13.85033893585205
2013-12-20,13.934815406799316
2013-12-23,13.999297142028809
2013-12-24,14.0250883102417
2013-12-26,14.057333946228027
2013-12-27,14.05087947845459
2013-12-30,14.0250883102417
2013-12-31,14.09601879119873
2014-01-02,14.018645286560059
2014-01-03,14.11536693572998
2014-01-06,14.128265380859375
2014-01-07,14.134714126586914
2014-01-08,14.179854393005371
2014-01-09,14.231433868408203
2014-01-10,14.205645561218262
2014-01-13,13.992847442626953
2014-01-14,14.10892105102539
2014-01-15,14.27657413482666
2014-01-16,14.186295509338379
2014-01-17,14.141161918640137
2014-01-21,14.154059410095215
2014-01-22,14.160508155822754
2014-01-23,13.928365707397461
2014-01-24,13.612401008605957
2014-01-27,13.52856731414795
2014-01-28,13.709121704101562
2014-01-29,13.547914505004883
2014-01-30,13.741369247436523
2014-01-31,13.580154418945312
2014-02-03,13.238391876220703
2014-02-04,13.367362976074219
2014-02-05,13.354470252990723
2014-02-06,13.560813903808594
2014-02-07,13.728470802307129
2014-02-10,13.741369247436523
2014-02-11,13.88322925567627
2014-02-12,13.88322925567627
2014-02-13,13.934815406799316
2014-02-14,13.9541597366333
2014-02-18,13.979954719543457
2014-02-19,13.786502838134766
2014-02-20,13.825193405151367
2014-02-21,13.850987434387207
2014-02-24,13.9541597366333
2014-02-25,13.870329856872559
2014-02-26,13.850987434387207
2014-02-27,13.921919822692871
2014-02-28,13.992847442626953
2014-03-03,13.88322925567627
2014-03-04,14.166955947875977
2014-03-05,14.315265655517578
2014-03-06,14.360404014587402
2014-03-07,14.424888610839844
2014-03-10,14.431336402893066
2014-03-11,14.33460807800293
2014-03-12,14.308820724487305
2014-03-13,14.147613525390625
2014-03-14,14.057333946228027
2014-03-17,14.205645561218262
2014-03-18,14.27657413482666
2014-03-19,14.270125389099121
2014-03-20,14.495819091796875
2014-03-21,14.497756004333496
2014-03-24,14.491284370422363
2014-03-25,14.47834300994873
2014-03-26,14.329482078552246
2014-03-27,14.251815795898438
2014-03-28,14.310066223144531
2014-03-31,14.4589262008667
2014-04-01,14.48481559753418
2014-04-02,14.517171859741211
2014-04-03,14.491284370422363
2014-04-04,14.34890079498291
2014-04-07,14.1288423538208
2014-04-08,14.148255348205566
2014-04-09,14.27122974395752
2014-04-10,13.941150665283203
2014-04-11,13.772871017456055
2014-04-14,13.882898330688477
2014-04-15,14.012344360351562
2014-04-16,14.122374534606934
2014-04-17,14.148255348205566
2014-04-21,14.135319709777832
2014-04-22,14.232402801513672
2014-04-23,14.264756202697754
2014-04-24,14.258289337158203
2014-04-25,14.141790390014648
2014-04-28,14.057645797729492
2014-04-29,14.19356632232666
2014-04-30,14.212983131408691
2014-05-01,14.238869667053223
2014-05-02,14.232402801513672
2014-05-05,14.174150466918945
2014-05-06,13.973512649536133
2014-05-07,14.161208152770996
2014-05-08,14.200040817260742
2014-05-09,14.19356632232666
2014-05-12,14.335948944091797
2014-05-13,14.32300853729248
2014-05-14,14.21945571899414
2014-05-15,14.057645797729492
2014-05-16,14.07706356048584
2014-05-19,14.148255348205566
2014-05-20,14.06412124633789
2014-05-21,14.154730796813965
2014-05-22,14.21945571899414
2014-05-23,14.264756202697754
2014-05-27,14.387731552124023
2014-05-28,14.361845016479492
2014-05-29,14.394203186035156
2014-05-30,14.42656421661377
2014-06-02,14.465396881103516
2014-06-03,14.48481559753418
2014-06-04,14.523649215698242
2014-06-05,14.65957260131836
2014-06-06,14.756648063659668
2014-06-09,14.821372985839844
2014-06-10,14.814902305603027
2014-06-11,14.717817306518555
2014-06-12,14.627206802368164
2014-06-13,14.633679389953613
2014-06-16,14.562479972839355
2014-06-17,14.711341857910156
2014-06-18,14.795479774475098
2014-06-19,14.776065826416016
2014-06-20,14.834551811218262
2014-06-23,14.867037773132324
2014-06-24,14.769569396972656
2014-06-25,14.782563209533691
2014-06-26,14.73058032989502
2014-06-27,14.789061546325684
2014-06-30,14.776063919067383
2014-07-01,14.867037773132324
2014-07-02,14.85403823852539
2014-07-03,14.97099781036377
2014-07-07,14.90601921081543
2014-07-08,14.776063919067383
2014-07-09,14.815048217773438
2014-07-10,14.7175874710083
2014-07-11,14.743575096130371
2014-07-14,14.834551811218262
2014-07-15,14.938517570495605
2014-07-16,14.912517547607422
2014-07-17,14.7175874710083
2014-07-18,14.886529922485352
2014-07-21,14.847543716430664
2014-07-22,14.893024444580078
2014-07-23,14.925515174865723
2014-07-24,14.958008766174316
2014-07-25,14.873531341552734
2014-07-28,14.88002872467041
2014-07-29,14.802056312561035
2014-07-30,14.867037773132324
2014-07-31,14.56164264678955
2014-08-01,14.438179016113281
2014-08-04,14.555142402648926
2014-08-05,14.405683517456055
2014-08-06,14.464173316955566
2014-08-07,14.399192810058594
2014-08-08,14.542141914367676
2014-08-11,14.555142402648926
2014-08-12,14.587627410888672
2014-08-13,14.652604103088379
2014-08-14,14.743575096130371
2014-08-15,14.672104835510254
2014-08-18,14.834551811218262
2014-08-19,14.860540390014648
2014-08-20,14.899523735046387
2014-08-21,15.074967384338379
2014-08-22,15.022979736328125
2014-08-25,15.152939796447754
2014-08-26,15.18542766571045
2014-08-27,15.152939796447754
2014-08-28,15.107457160949707
2014-08-29,15.178933143615723
2014-09-02,15.237412452697754
2014-09-03,15.211419105529785
2014-09-04,15.224416732788086
2014-09-05,15.24390697479248
2014-09-08,15.250408172607422
2014-09-09,15.094459533691406
2014-09-10,15.172430038452148
2014-09-11,15.211419105529785
2014-09-12,15.198423385620117
2014-09-15,15.191927909851074
2014-09-16,15.256906509399414
2014-09-17,15.321882247924805
2014-09-18,15.471324920654297
2014-09-19,15.430878639221191
2014-09-22,15.326488494873047
2014-09-23,15.222087860107422
2014-09-24,15.306910514831543
2014-09-25,15.052452087402344
2014-09-26,15.195984840393066
2014-09-29,15.143790245056152
2014-09-30,15.117694854736328
2014-10-01,14.935003280639648
2014-10-02,14.974151611328125
2014-10-03,15.18946647644043
2014-10-06,15.143790245056152
2014-10-07,14.889328002929688
2014-10-08,15.169892311096191
2014-10-09,14.850184440612793
2014-10-10,14.732745170593262
2014-10-13,14.602242469787598
2014-10-14,14.660968780517578
2014-10-15,14.380402565002441
2014-10-16,14.380402565002441
2014-10-17,14.563092231750488
2014-10-20,14.647917747497559
2014-10-21,14.921957015991211
2014-10-22,14.784934997558594
2014-10-23,14.928482055664062
2014-10-24,15.072026252746582
2014-10-27,15.091599464416504
2014-10-28,15.254714965820312
2014-10-29,15.293859481811523
2014-10-30,15.378686904907227
2014-10-31,15.554855346679688
2014-11-03,15.61357307434082
2014-11-04,15.620100021362305
2014-11-05,15.724494934082031
2014-11-06,15.750585556030273
2014-11-07,15.757111549377441
2014-11-10,15.84194278717041
2014-11-11,15.7897367477417
2014-11-12,15.757111549377441
2014-11-13,15.750585556030273
2014-11-14,15.69839096069336
2014-11-17,15.69839096069336
2014-11-18,15.750585556030273
2014-11-19,15.717967987060547
2014-11-20,15.717967987060547
2014-11-21,15.79626178741455
2014-11-24,15.900655746459961
2014-11-25,15.88761043548584
2014-11-26,15.907183647155762
2014-11-28,15.92023754119873
2014-12-01,15.809311866760254
2014-12-02,15.959379196166992
2014-12-03,16.031152725219727
2014-12-04,16.050716400146484
2014-12-05,16.194271087646484
2014-12-08,16.272563934326172
2014-12-09,16.233413696289062
2014-12-10,16.024627685546875
2014-12-11,16.063783645629883
2014-12-12,15.750585556030273
2014-12-15,15.607048988342285
2014-12-16,15.456978797912598
2014-12-17,15.809311866760254
2014-12-18,16.174697875976562
2014-12-19,16.1851863861084
2014-12-22,16.296680450439453
2014-12-23,16.38848876953125
2014-12-24,16.362255096435547
2014-12-26,16.362255096435547
2014-12-29,16.421274185180664
2014-12-30,16.40160369873047
2014-12-31,16.21797752380371
2015-01-02,16.21797752380371
2015-01-05,15.876956939697266
2015-01-06,15.634316444396973
2015-01-07,15.798264503479004
2015-01-08,16.03436279296875
2015-01-09,15.817940711975098
2015-01-12,15.686772346496582
2015-01-13,15.634316444396973
2015-01-14,15.411345481872559
2015-01-15,15.221153259277344
2015-01-16,15.404787063598633
2015-01-20,15.339201927185059
2015-01-21,15.378546714782715
2015-01-22,15.758920669555664
2015-01-23,15.588401794433594
2015-01-26,15.667101860046387
2015-01-27,15.496593475341797
2015-01-28,15.214603424072266
2015-01-29,15.339201927185059
2015-01-30,15.090003967285156
2015-02-02,15.332646369934082
2015-02-03,15.588401794433594
2015-02-04,15.549057960510254
2015-02-05,15.706456184387207
2015-02-06,15.83105182647705
2015-02-09,15.75235652923584
2015-02-10,15.876956939697266
2015-02-11,15.876956939697266
2015-02-12,16.03436279296875
2015-02-13,16.021240234375
2015-02-17,16.073701858520508
2015-02-18,15.975325584411621
2015-02-19,15.909748077392578
2015-02-20,16.02779769897461
2015-02-23,15.988445281982422
2015-02-24,16.06714630126953
2015-02-25,16.06714630126953
2015-02-26,16.02779769897461
2015-02-27,15.968774795532227
2015-03-02,16.086814880371094
2015-03-03,16.040910720825195
2015-03-04,15.942544937133789
2015-03-05,16.008119583129883
2015-03-06,15.890080451965332
2015-03-09,15.9622220993042
2015-03-10,15.621199607849121
2015-03-11,15.71956729888916
2015-03-12,16.060585021972656
2015-03-13,15.949101448059082
2015-03-16,16.145843505859375
2015-03-17,16.10649299621582
2015-03-18,16.198299407958984
2015-03-19,16.047468185424805
2015-03-20,16.265350341796875
2015-03-23,16.17319679260254
2015-03-24,16.041547775268555
2015-03-25,15.784826278686523
2015-03-26,15.771661758422852
2015-03-27,15.751922607421875
2015-03-30,15.98231029510498
2015-03-31,15.870403289794922
2015-04-01,15.857234001159668
2015-04-02,15.936220169067383
2015-04-06,15.962550163269043
2015-04-07,15.876985549926758
2015-04-08,15.936220169067383
2015-04-09,15.962550163269043
2015-04-10,15.955972671508789
2015-04-13,16.01521110534668
2015-04-14,16.01521110534668
2015-04-15,16.074447631835938
2015-04-16,16.100791931152344
2015-04-17,15.88356876373291
2015-04-20,15.949385643005371
2015-04-21,15.870403289794922
2015-04-22,15.98231029510498
2015-04-23,16.008634567260742
2015-04-24,15.98231029510498
2015-04-27,15.923055648803711
2015-04-28,16.01521110534668
2015-04-29,16.008634567260742
2015-04-30,15.88356876373291
2015-05-01,16.021806716918945
2015-05-04,16.17977523803711
2015-05-05,16.034961700439453
2015-05-06,15.955972671508789
2015-05-07,16.067873001098633
2015-05-08,16.298263549804688
2015-05-11,16.2390193939209
2015-05-12,16.17977523803711
2015-05-13,16.186355590820312
2015-05-14,16.3311767578125
2015-05-15,16.25876808166504
2015-05-18,16.35092544555664
2015-05-19,16.443077087402344
2015-05-20,16.397001266479492
2015-05-21,16.357507705688477
2015-05-22,16.364086151123047
2015-05-26,16.17977523803711
2015-05-27,16.357507705688477
2015-05-28,16.337759017944336
2015-05-29,16.19293975830078
2015-06-01,16.20610809326172
2015-06-02,16.232444763183594
2015-06-03,16.37067222595215
2015-06-04,16.225858688354492
2015-06-05,16.318010330200195
2015-06-08,16.21927261352539
2015-06-09,16.25876808166504
2015-06-10,16.48915672302246
2015-06-11,16.55498504638672
2015-06-12,16.482572555541992
2015-06-15,16.41016960144043
2015-06-16,16.502321243286133
2015-06-17,16.482572555541992
2015-06-18,16.633974075317383
2015-06-19,16.356300354003906
2015-06-22,16.607524871826172
2015-06-23,16.640583038330078
2015-06-24,16.501741409301758
2015-06-25,16.402576446533203
2015-06-26,16.45546531677246
2015-06-29,16.058795928955078
2015-06-30,16.1182918548584
2015-07-01,16.36290740966797
2015-07-02,16.290178298950195
2015-07-06,16.224071502685547
2015-07-07,16.25712776184082
2015-07-08,15.9728422164917
2015-07-09,16.09846305847168
2015-07-10,16.290178298950195
2015-07-13,16.4885196685791
2015-07-14,16.528188705444336
2015-07-15,16.667024612426758
2015-07-16,16.83230209350586
2015-07-17,16.78603172302246
2015-07-20,16.805864334106445
2015-07-21,16.78603172302246
2015-07-22,16.911649703979492
2015-07-23,16.766197204589844
2015-07-24,16.607524871826172
2015-07-27,16.4885196685791
2015-07-28,16.55463218688965
2015-07-29,16.71991539001465
2015-07-30,16.71991539001465
2015-07-31,16.667024612426758
2015-08-03,16.64719009399414
2015-08-04,16.620750427246094
2015-08-05,16.686859130859375
2015-08-06,16.627361297607422
2015-08-07,16.660409927368164
2015-08-10,16.81908416748047
2015-08-11,16.667024612426758
2015-08-12,16.514968872070312
2015-08-13,16.574462890625
2015-08-14,16.693471908569336
2015-08-17,16.726524353027344
2015-08-18,16.713302612304688
2015-08-19,16.561248779296875
2015-08-20,16.210840225219727
2015-08-21,15.62905502319336
2015-08-24,14.961320877075195
2015-08-25,14.762984275817871
2015-08-26,15.318327903747559
2015-08-27,15.695169448852539
2015-08-28,15.622442245483398
2015-08-31,15.490216255187988
2015-09-01,14.987765312194824
2015-09-02,15.192708969116211
2015-09-03,15.278654098510742
2015-09-04,14.9745454788208
2015-09-08,15.357991218566895
2015-09-09,15.146429061889648
2015-09-10,15.219158172607422
2015-09-11,15.285268783569336
2015-09-14,15.252215385437012
2015-09-15,15.470385551452637
2015-09-16,15.569557189941406
2015-09-17,15.3513822555542
2015-09-18,15.054409980773926
2015-09-21,15.227142333984375
2015-09-22,15.03448486328125
2015-09-23,15.041132926940918
2015-09-24,14.93482780456543
2015-09-25,15.15406608581543
2015-09-28,14.801959037780762
2015-09-29,14.828522682189941
2015-09-30,15.054409980773926
2015-10-01,15.06105899810791
2015-10-02,15.080989837646484
2015-10-05,15.39987850189209
2015-10-06,15.326804161071777
2015-10-07,15.44638729095459
2015-10-08,15.539392471313477
2015-10-09,15.439741134643555
2015-10-12,15.45302963256836
2015-10-13,15.333444595336914
2015-10-14,15.2072172164917
2015-10-15,15.55268383026123
2015-10-16,15.645694732666016
2015-10-19,15.632405281066895
2015-10-20,15.725420951843262
2015-10-21,15.612481117248535
2015-10-22,15.864934921264648
2015-10-23,16.03766632080078
2015-10-26,15.971229553222656
2015-10-27,15.878220558166504
2015-10-28,16.25026512145996
2015-10-29,16.23033332824707
2015-10-30,15.997809410095215
2015-11-02,16.217044830322266
2015-11-03,16.243623733520508
2015-11-04,16.197114944458008
2015-11-05,16.263553619384766
2015-11-06,16.42963981628418
2015-11-09,16.25026512145996
2015-11-10,16.323335647583008
2015-11-11,16.270193099975586
2015-11-12,16.024375915527344
2015-11-13,15.89150619506836
2015-11-16,16.084169387817383
2015-11-17,16.050952911376953
2015-11-18,16.336627960205078
2015-11-19,16.363203048706055
2015-11-20,16.3897762298584
2015-11-23,16.323335647583008
2015-11-24,16.276836395263672
2015-11-25,16.29011344909668
2015-11-27,16.32997703552246
2015-11-30,16.316696166992188
2015-12-01,16.496076583862305
2015-12-02,16.303409576416016
2015-12-03,16.03766632080078
2015-12-04,16.462858200073242
2015-12-07,16.310054779052734
2015-12-08,16.10409927368164
2015-12-09,15.918078422546387
2015-12-10,15.931367874145508
2015-12-11,15.579254150390625
2015-12-14,15.612481117248535
2015-12-15,15.977872848510742
2015-12-16,16.236976623535156
2015-12-17,16.004453659057617
2015-12-18,15.576590538024902
2015-12-21,15.730352401733398
2015-12-22,15.877427101135254
2015-12-23,16.064620971679688
2015-12-24,16.051250457763672
2015-12-28,16.037872314453125
2015-12-29,16.204998016357422
2015-12-30,16.091358184814453
2015-12-31,15.93091106414795
2016-01-04,15.623385429382324
2016-01-05,15.683563232421875
2016-01-06,15.442889213562012
2016-01-07,15.008349418640137
2016-01-08,14.774368286132812
2016-01-11,14.794421195983887
2016-01-12,14.908073425292969
2016-01-13,14.520323753356934
2016-01-14,14.647345542907715
2016-01-15,14.319769859313965
2016-01-19,14.313087463378906
2016-01-20,14.032306671142578
2016-01-21,13.972139358520508
2016-01-22,14.226177215576172
2016-01-25,13.938714027404785
2016-01-26,14.17269229888916
2016-01-27,14.119211196899414
2016-01-28,14.125898361206055
2016-01-29,14.520323753356934
2016-02-01,14.460161209106445
2016-02-02,14.05904769897461
2016-02-03,14.072415351867676
2016-02-04,14.192754745483398
2016-02-05,14.005563735961914
2016-02-08,13.651247024536133
2016-02-09,13.631190299987793
2016-02-10,13.55765438079834
2016-02-11,13.143172264099121
2016-02-12,13.698043823242188
2016-02-16,13.918655395507812
2016-02-17,14.105840682983398
2016-02-18,14.025623321533203
2016-02-19,14.025623321533203
2016-02-22,14.246232032775879
2016-02-23,13.992194175720215
2016-02-24,13.958769798278809
2016-02-25,14.152636528015137
2016-02-26,14.25291919708252
2016-02-29,14.099161148071289
2016-03-01,14.57381534576416
2016-03-02,14.734253883361816
2016-03-03,14.834528923034668
2016-03-04,14.894702911376953
2016-03-07,14.888017654418945
2016-03-08,14.647345542907715
2016-03-09,14.667403221130371
2016-03-10,14.654033660888672
2016-03-11,15.035087585449219
2016-03-14,14.988295555114746
2016-03-15,14.981612205505371
2016-03-16,14.948182106018066
2016-03-17,15.128684997558594
2016-03-18,15.262986183166504
2016-03-21,15.23612117767334
2016-03-22,15.189118385314941
2016-03-23,15.074966430664062
2016-03-24,14.98095989227295
2016-03-28,15.027958869934082
2016-03-29,15.05482292175293
2016-03-30,15.142109870910645
2016-03-31,15.108534812927246
2016-04-01,15.242837905883789
2016-04-04,15.168973922729492
2016-04-05,14.954096794128418
2016-04-06,15.034669876098633
2016-04-07,14.752650260925293
2016-04-08,14.806366920471191
2016-04-11,14.866805076599121
2016-04-12,15.05482292175293
2016-04-13,15.397278785705566
2016-04-14,15.430854797363281
2016-04-15,15.3771333694458
2016-04-18,15.491291046142578
2016-04-19,15.686019897460938
2016-04-20,15.806886672973633
2016-04-21,15.665871620178223
2016-04-22,15.813602447509766
2016-04-25,15.780031204223633
2016-04-26,15.88075065612793
2016-04-27,15.907615661621094
2016-04-28,15.739737510681152
2016-04-29,15.652446746826172
2016-05-02,15.79345989227295
2016-05-03,15.592010498046875
2016-05-04,15.47114086151123
2016-05-05,15.464424133300781
2016-05-06,15.531574249267578
2016-05-09,15.491291046142578
2016-05-10,15.712881088256836
2016-05-11,15.54500675201416
2016-05-12,15.551725387573242
2016-05-13,15.363706588745117
2016-05-16,15.444283485412598
2016-05-17,15.356987953186035
2016-05-18,15.625588417053223
2016-05-19,15.477864265441895
2016-05-20,15.585293769836426
2016-05-23,15.571867942810059
2016-05-24,15.806886672973633
2016-05-25,15.974761962890625
2016-05-26,15.88075065612793
2016-05-27,15.988182067871094
2016-05-31,15.947901725769043
2016-06-01,15.981475830078125
2016-06-02,16.01504898071289
2016-06-03,15.786745071411133
2016-06-06,15.88075065612793
2016-06-07,15.847175598144531
2016-06-08,15.86060619354248
2016-06-09,15.74644947052002
2016-06-10,15.551725387573242
2016-06-13,15.444283485412598
2016-06-14,15.215973854064941
2016-06-15,15.23612117767334
2016-06-16,15.276412963867188
2016-06-17,15.26358413696289
2016-06-20,15.351347923278809
2016-06-21,15.439108848571777
2016-06-22,15.425606727600098
2016-06-23,15.749639511108398
2016-06-24,14.905793190002441
2016-06-27,14.480489730834961
2016-06-28,14.851789474487305
2016-06-29,15.189327239990234
2016-06-30,15.432356834411621
2016-07-01,15.351347923278809
2016-07-05,15.121821403503418
2016-07-06,15.162320137023926
2016-07-07,15.182572364807129
2016-07-08,15.472858428955078
2016-07-11,15.56062126159668
2016-07-12,15.756393432617188
2016-07-13,15.756393432617188
2016-07-14,15.904914855957031
2016-07-15,15.877909660339355
2016-07-18,15.931913375854492
2016-07-19,15.93867301940918
2016-07-20,15.965667724609375
2016-07-21,15.88465690612793
2016-07-22,15.985920906066895
2016-07-25,15.952162742614746
2016-07-26,15.965667724609375
2016-07-27,15.958916664123535
2016-07-28,15.992674827575684
2016-07-29,15.965667724609375
2016-08-01,15.925168991088867
2016-08-02,15.790151596069336
2016-08-03,15.952162742614746
2016-08-04,15.911664009094238
2016-08-05,16.2154483795166
2016-08-08,16.23570442199707
2016-08-09,16.249202728271484
2016-08-10,16.120939254760742
2016-08-11,16.154691696166992
2016-08-12,16.107439041137695
2016-08-15,16.2154483795166
2016-08-16,16.174943923950195
2016-08-17,16.228952407836914
2016-08-18,16.2154483795166
2016-08-19,16.208702087402344
2016-08-22,16.208702087402344
2016-08-23,16.228952407836914
2016-08-24,16.22220230102539
2016-08-25,16.255956649780273
2016-08-26,16.276212692260742
2016-08-29,16.417972564697266
2016-08-30,16.56649398803711
2016-08-31,16.579994201660156
2016-09-01,16.512479782104492
2016-09-02,16.58673858642578
2016-09-06,16.559741973876953
2016-09-07,16.552982330322266
2016-09-08,16.539491653442383
2016-09-09,16.228952407836914
2016-09-12,16.41122817993164
2016-09-13,16.120939254760742
2016-09-14,16.080434799194336
2016-09-15,16.174943923950195
2016-09-16,16.021650314331055
2016-09-19,16.12380599975586
2016-09-20,16.132160186767578
2016-09-21,16.232358932495117
2016-09-22,16.265758514404297
2016-09-23,16.182254791259766
2016-09-26,15.923410415649414
2016-09-27,16.04865264892578
2016-09-28,16.12380599975586
2016-09-29,15.89835262298584
2016-09-30,16.11545753479004
2016-10-03,16.04030990600586
2016-10-04,16.10710906982422
2016-10-05,16.365957260131836
2016-10-06,16.391010284423828
2016-10-07,16.382658004760742
2016-10-10,16.466161727905273
2016-10-11,16.315860748291016
2016-10-12,16.299158096313477
2016-10-13,16.140504837036133
2016-10-14,16.215652465820312
2016-10-17,16.140504837036133
2016-10-18,16.274105072021484
2016-10-19,16.416059494018555
2016-10-20,16.416059494018555
2016-10-21,16.407711029052734
2016-10-24,16.457809448242188
2016-10-25,16.441110610961914
2016-10-26,16.541309356689453
2016-10-27,16.583057403564453
2016-10-28,16.507905960083008
2016-10-31,16.48285675048828
2016-11-01,16.416059494018555
2016-11-02,16.307506561279297
2016-11-03,16.32420539855957
2016-11-04,16.274105072021484
2016-11-07,16.683259963989258
2016-11-08,16.691604614257812
2016-11-09,17.401351928710938
2016-11-10,18.044300079345703
2016-11-11,18.09440040588379
2016-11-14,18.536951065063477
2016-11-15,18.52025032043457
2016-11-16,18.253053665161133
2016-11-17,18.503549575805664
2016-11-18,18.503549575805664
2016-11-21,18.57035255432129
2016-11-22,18.578704833984375
2016-11-23,18.6872501373291
2016-11-25,18.712299346923828
2016-11-28,18.495201110839844
2016-11-29,18.545303344726562
2016-11-30,18.79580307006836
2016-12-01,19.1214542388916
2016-12-02,18.91270637512207
2016-12-05,19.138141632080078
2016-12-06,19.30514907836914
2016-12-07,19.605754852294922
2016-12-08,19.78944969177246
2016-12-09,19.831192016601562
2016-12-12,19.639148712158203
2016-12-13,19.68924903869629
2016-12-14,19.59739875793457
2016-12-15,19.76439666748047
2016-12-16,19.59412384033203
2016-12-19,19.602514266967773
2016-12-20,19.845760345458984
2016-12-21,19.795433044433594
2016-12-22,19.74510955810547
2016-12-23,19.778661727905273
2016-12-27,19.80381965637207
2016-12-28,19.602514266967773
2016-12-29,19.45992088317871
2016-12-30,19.50185775756836
2017-01-03,19.719940185546875
2017-01-04,19.87931251525879
2017-01-05,19.678007125854492
2017-01-06,19.74510955810547
2017-01-09,19.610897064208984
2017-01-10,19.6528377532959
2017-01-11,19.778661727905273
2017-01-12,19.610897064208984
2017-01-13,19.719940185546875
2017-01-17,19.250226974487305
2017-01-18,19.409587860107422
2017-01-19,19.325708389282227
2017-01-20,19.41796875
2017-01-23,19.292158126831055
2017-01-24,19.53540802001953
2017-01-25,19.862533569335938
2017-01-26,19.91286277770996
2017-01-27,19.83736801147461
2017-01-30,19.678007125854492
2017-01-31,19.552181243896484
2017-02-01,19.57734489440918
2017-02-02,19.50185775756836
2017-02-03,19.896089553833008
2017-02-06,19.80381965637207
2017-02-07,19.75349235534668
2017-02-08,19.61928367614746
2017-02-09,19.88770294189453
2017-02-10,19.946413040161133
2017-02-13,20.172889709472656
2017-02-14,20.407751083374023
2017-02-15,20.56711769104004
2017-02-16,20.51679229736328
2017-02-17,20.525177001953125
2017-02-21,20.625835418701172
2017-02-22,20.642610549926758
2017-02-23,20.642610549926758
2017-02-24,20.48324203491211
2017-02-27,20.592283248901367
2017-02-28,20.583898544311523
2017-03-01,21.171043395996094
2017-03-02,20.84391975402832
2017-03-03,20.944576263427734
2017-03-06,20.785202026367188
2017-03-07,20.726490020751953
2017-03-08,20.734874725341797
2017-03-09,20.810365676879883
2017-03-10,20.79359245300293
2017-03-13,20.84391975402832
2017-03-14,20.785202026367188
2017-03-15,20.75165367126465
2017-03-16,20.785202026367188
2017-03-17,20.581485748291016
2017-03-20,20.413135528564453
2017-03-21,19.840726852416992
2017-03-22,19.798641204833984
2017-03-23,19.840726852416992
2017-03-24,19.815475463867188
2017-03-27,19.739715576171875
2017-03-28,20.009078979492188
2017-03-29,19.8828182220459
2017-03-30,20.14376449584961
2017-03-31,19.975412368774414
2017-04-03,19.93332290649414
2017-04-04,19.908069610595703
2017-04-05,19.756549835205078
2017-04-06,19.8828182220459
2017-04-07,19.798641204833984
2017-04-10,19.748130798339844
2017-04-11,19.6892032623291
2017-04-12,19.529273986816406
2017-04-13,19.27674102783203
2017-04-17,19.613449096679688
2017-04-18,19.42826271057129
2017-04-19,19.369333267211914
2017-04-20,19.697628021240234
2017-04-21,19.4955997467041
2017-04-24,19.93332290649414
2017-04-25,20.11009979248047
2017-04-26,20.093259811401367
2017-04-27,20.000667572021484
2017-04-28,19.807056427001953
2017-05-01,19.93332290649414
2017-05-02,19.908069610595703
2017-05-03,20.06800651550293
2017-05-04,20.101680755615234
2017-05-05,20.06800651550293
2017-05-08,20.05117416381836
2017-05-09,19.975412368774414
2017-05-10,20.042757034301758
2017-05-11,19.916486740112305
2017-05-12,19.83231544494629
2017-05-15,19.98383331298828
2017-05-16,20.042757034301758
2017-05-17,19.411422729492188
2017-05-18,19.4871768951416
2017-05-19,19.655532836914062
2017-05-22,19.706039428710938
2017-05-23,19.857559204101562
2017-05-24,19.849145889282227
2017-05-25,19.8828182220459
2017-05-26,19.874401092529297
2017-05-30,19.739715576171875
2017-05-31,19.57136344909668
2017-06-01,19.815475463867188
2017-06-02,19.739715576171875
2017-06-05,19.77338218688965
2017-06-06,19.6892032623291
2017-06-07,19.840726852416992
2017-06-08,20.06800651550293
2017-06-09,20.446805953979492
2017-06-12,20.4888916015625
2017-06-13,20.59832763671875
2017-06-14,20.63199806213379
2017-06-15,20.54782485961914
2017-06-16,20.525005340576172
2017-06-19,20.73626136779785
2017-06-20,20.558805465698242
2017-06-21,20.389812469482422
2017-06-22,20.263059616088867
2017-06-23,20.187007904052734
2017-06-26,20.29685401916504
2017-06-27,20.39826011657715
2017-06-28,20.719358444213867
2017-06-29,20.863006591796875
2017-06-30,20.846107482910156
2017-07-03,21.150304794311523
2017-07-05,21.18410873413086
2017-07-06,21.023557662963867
2017-07-07,21.167203903198242
2017-07-10,21.141855239868164
2017-07-11,20.955961227416992
2017-07-12,21.023557662963867
2017-07-13,21.150304794311523
2017-07-14,21.057355880737305
2017-07-17,20.98975944519043
2017-07-18,20.955961227416992
2017-07-19,20.964405059814453
2017-07-20,20.955961227416992
2017-07-21,20.955961227416992
2017-07-24,21.048908233642578
2017-07-25,21.31085968017578
2017-07-26,21.167203903198242
2017-07-27,21.048908233642578
2017-07-28,21.048908233642578
2017-07-31,21.201011657714844
2017-08-01,21.35310173034668
2017-08-02,21.38690757751465
2017-08-03,21.31085968017578
2017-08-04,21.454504013061523
2017-08-07,21.420705795288086
2017-08-08,21.361557006835938
2017-08-09,21.361557006835938
2017-08-10,20.981307983398438
2017-08-11,20.896800994873047
2017-08-14,21.18410873413086
2017-08-15,21.201011657714844
2017-08-16,21.15876007080078
2017-08-17,20.795408248901367
2017-08-18,20.803852081298828
2017-08-21,20.744705200195312
2017-08-22,20.972856521606445
2017-08-23,20.90526008605957
2017-08-24,20.90526008605957
2017-08-25,20.964405059814453
2017-08-28,20.829208374023438
2017-08-29,20.761608123779297
2017-08-30,20.846107482910156
2017-08-31,20.8714542388916
2017-09-01,20.930606842041016
2017-09-05,20.482757568359375
2017-09-06,20.5334529876709
2017-09-07,20.178558349609375
2017-09-08,20.364458084106445
2017-09-11,20.719358444213867
2017-09-12,20.964405059814453
2017-09-13,20.998207092285156
2017-09-14,20.955961227416992
2017-09-15,21.017900466918945
2017-09-18,21.26396942138672
2017-09-19,21.425193786621094
2017-09-20,21.552471160888672
2017-09-21,21.60338592529297
2017-09-22,21.57792854309082
2017-09-25,21.552471160888672
2017-09-26,21.543981552124023
2017-09-27,21.80702781677246
2017-09-28,21.840967178344727
2017-09-29,21.942794799804688
2017-10-02,22.129467010498047
2017-10-03,22.205827713012695
2017-10-04,22.10400390625
2017-10-05,22.333110809326172
2017-10-06,22.358572006225586
2017-10-09,22.273714065551758
2017-10-10,22.375539779663086
2017-10-11,22.333110809326172
2017-10-12,22.163402557373047
2017-10-13,22.171890258789062
2017-10-16,22.316139221191406
2017-10-17,22.205827713012695
2017-10-18,22.324626922607422
2017-10-19,22.341598510742188
2017-10-20,22.604631423950195
2017-10-23,22.58766746520996
2017-10-24,22.748886108398438
2017-10-25,22.613121032714844
2017-10-26,22.740398406982422
2017-10-27,22.723430633544922
2017-10-30,22.630090713500977
2017-10-31,22.570693969726562
2017-11-01,22.604631423950195
2017-11-02,22.816770553588867
2017-11-03,22.723430633544922
2017-11-06,22.69797706604004
2017-11-07,22.384017944335938
2017-11-08,22.273714065551758
2017-11-09,22.197345733642578
2017-11-10,22.129467010498047
2017-11-13,22.163402557373047
2017-11-14,22.154916763305664
2017-11-15,22.214313507080078
2017-11-16,22.222803115844727
2017-11-17,22.197345733642578
2017-11-20,22.299163818359375
2017-11-21,22.367048263549805
2017-11-22,22.256742477416992
2017-11-24,22.24826431274414
2017-11-27,22.231292724609375
2017-11-28,22.808286666870117
2017-11-29,23.1986026763916
2017-11-30,23.351333618164062
2017-12-01,23.40224838256836
2017-12-04,23.75862693786621
2017-12-05,23.631349563598633
2017-12-06,23.546493530273438
2017-12-07,23.622861862182617
2017-12-08,23.767112731933594
2017-12-11,23.707714080810547
2017-12-12,23.945302963256836
2017-12-13,23.648317337036133
2017-12-14,23.495590209960938
2017-12-15,23.706989288330078
2017-12-18,23.920108795166016
2017-12-19,23.817813873291016
2017-12-20,23.775190353393555
2017-12-21,23.979780197143555
2017-12-22,23.911584854125977
2017-12-26,23.84339141845703
2017-12-27,23.868959426879883
2017-12-28,23.962739944458008
2017-12-29,23.7922420501709
2018-01-02,23.800765991210938
2018-01-03,23.928634643554688
2018-01-04,24.1502742767334
2018-01-05,24.218475341796875
2018-01-08,24.184377670288086
2018-01-09,24.37191390991211
2018-01-10,24.57651138305664
2018-01-11,24.695852279663086
2018-01-12,24.917497634887695
2018-01-16,24.849294662475586
2018-01-17,25.036846160888672
2018-01-18,25.00273895263672
2018-01-19,25.181758880615234
2018-01-22,25.386348724365234
2018-01-23,25.411922454833984
2018-01-24,25.58241081237793
2018-01-25,25.531274795532227
2018-01-26,25.718809127807617
2018-01-29,25.61650848388672
2018-01-30,25.284046173095703
2018-01-31,25.35224723815918
2018-02-01,25.590940475463867
2018-02-02,25.028318405151367
2018-02-05,23.766664505004883
2018-02-06,24.201425552368164
2018-02-07,24.218475341796875
2018-02-08,23.15289306640625
2018-02-09,23.596179962158203
2018-02-12,23.928634643554688
2018-02-13,24.030929565429688
2018-02-14,24.602079391479492
2018-02-15,24.738475799560547
2018-02-16,24.704376220703125
2018-02-20,24.627649307250977
2018-02-21,24.66175079345703
2018-02-22,24.45716094970703
2018-02-23,24.823720932006836
2018-02-26,25.198808670043945
2018-02-27,24.960113525390625
2018-02-28,24.610605239868164
2018-03-01,24.184377670288086
2018-03-02,24.244049072265625
2018-03-05,24.585031509399414
2018-03-06,24.687328338623047
2018-03-07,24.644702911376953
2018-03-08,24.721424102783203
2018-03-09,25.318147659301758
2018-03-12,25.232908248901367
2018-03-13,24.951583862304688
2018-03-14,24.6702823638916
2018-03-15,24.67880630493164
2018-03-16,24.700193405151367
2018-03-19,24.520519256591797
2018-03-20,24.580415725708008
2018-03-21,24.571861267089844
2018-03-22,23.664953231811523
2018-03-23,22.946279525756836
2018-03-26,23.690631866455078
2018-03-27,23.228614807128906
2018-03-28,23.27139663696289
2018-03-29,23.587955474853516
2018-04-02,23.066057205200195
2018-04-03,23.38262367248535
2018-04-04,23.630741119384766
2018-04-05,23.81896209716797
2018-04-06,23.2457275390625
2018-04-09,23.374067306518555
2018-04-10,23.7248477935791
2018-04-11,23.4425106048584
2018-04-12,23.85318374633789
2018-04-13,23.493844985961914
2018-04-16,23.596513748168945
2018-04-17,23.596513748168945
2018-04-18,23.485292434692383
2018-04-19,23.844627380371094
2018-04-20,23.85318374633789
2018-04-23,23.827512741088867
2018-04-24,23.67351531982422
2018-04-25,23.656396865844727
2018-04-26,23.664953231811523
2018-04-27,23.699180603027344
2018-04-30,23.485292434692383
2018-05-01,23.493844985961914
2018-05-02,23.228614807128906
2018-05-03,23.031837463378906
2018-05-04,23.331289291381836
2018-05-07,23.485292434692383
2018-05-08,23.647846221923828
2018-05-09,23.99863052368164
2018-05-10,24.19540786743164
2018-05-11,24.178298950195312
2018-05-14,24.16118812561035
2018-05-15,24.118408203125
2018-05-16,24.16118812561035
2018-05-17,24.109853744506836
2018-05-18,23.913076400756836
2018-05-21,24.084184646606445
2018-05-22,24.246740341186523
2018-05-23,24.09273910522461
2018-05-24,23.90452003479004
2018-05-25,23.827512741088867
2018-05-29,23.031837463378906
2018-05-30,23.451059341430664
2018-05-31,23.254289627075195
2018-06-01,23.51095962524414
2018-06-04,23.587955474853516
2018-06-05,23.485292434692383
2018-06-06,23.913076400756836
2018-06-07,23.99007225036621
2018-06-08,24.0242919921875
2018-06-11,23.972963333129883
2018-06-12,23.913076400756836
2018-06-13,23.827512741088867
2018-06-14,23.60506820678711
2018-06-15,23.604209899902344
2018-06-18,23.56125259399414
2018-06-19,23.501094818115234
2018-06-20,23.440946578979492
2018-06-21,23.372207641601562
2018-06-22,23.260498046875
2018-06-25,23.01130485534668
2018-06-26,22.933977127075195
2018-06-27,22.65041732788086
2018-06-28,22.848047256469727
2018-06-29,22.848047256469727
2018-07-02,22.959760665893555
2018-07-03,22.753528594970703
2018-07-05,22.80508804321289
2018-07-06,22.916786193847656
2018-07-09,23.440946578979492
2018-07-10,23.355026245117188
2018-07-11,23.243310928344727
2018-07-12,23.286277770996094
2018-07-13,23.18316078186035
2018-07-16,23.595617294311523
2018-07-17,23.621395111083984
2018-07-18,23.999479293823242
2018-07-19,23.638580322265625
2018-07-20,23.68154525756836
2018-07-23,24.00806999206543
2018-07-24,24.076812744140625
2018-07-25,24.12836265563965
2018-07-26,24.119775772094727
2018-07-27,24.171329498291016
2018-07-30,24.188512802124023
2018-07-31,24.016660690307617
2018-08-01,24.016660690307617
2018-08-02,24.025245666503906
2018-08-03,24.162734985351562
2018-08-06,24.2916259765625
2018-08-07,24.4033260345459
2018-08-08,24.463481903076172
2018-08-09,24.317401885986328
2018-08-10,24.033842086791992
2018-08-13,23.801841735839844
2018-08-14,24.025245666503906
2018-08-15,23.836214065551758
2018-08-16,24.15414810180664
2018-08-17,24.205699920654297
2018-08-20,24.283035278320312
2018-08-21,24.3775577545166
2018-08-22,24.2916259765625
2018-08-23,24.179920196533203
2018-08-24,24.265851974487305
2018-08-27,24.592374801635742
2018-08-28,24.566591262817383
2018-08-29,24.558000564575195
2018-08-30,24.36895751953125
2018-08-31,24.343181610107422
2018-09-04,24.463481903076172
2018-09-05,24.480667114257812
2018-09-06,24.36895751953125
2018-09-07,24.343181610107422
2018-09-10,24.317401885986328
2018-09-11,24.343181610107422
2018-09-12,24.119775772094727
2018-09-13,24.085405349731445
2018-09-14,24.25725746154785
2018-09-17,24.15414810180664
2018-09-18,24.27444076538086
2018-09-19,24.686893463134766
2018-09-20,24.901708602905273
2018-09-21,24.80504035949707
2018-09-24,24.528860092163086
2018-09-25,24.43391990661621
2018-09-26,24.14046859741211
2018-09-27,24.054157257080078
2018-09-28,23.803869247436523
2018-10-01,23.8988094329834
2018-10-02,23.8988094329834
2018-10-03,24.123210906982422
2018-10-04,24.287189483642578
2018-10-05,24.166362762451172
2018-10-08,24.330345153808594
2018-10-09,24.23540687561035
2018-10-10,23.484525680541992
2018-10-11,22.785425186157227
2018-10-12,22.811321258544922
2018-10-15,22.707752227783203
2018-10-16,23.087505340576172
2018-10-17,23.320539474487305
2018-10-18,22.932147979736328
2018-10-19,23.018457412719727
2018-10-22,22.526500701904297
2018-10-23,22.345252990722656
2018-10-24,21.78424835205078
2018-10-25,22.120851516723633
2018-10-26,21.801511764526367
2018-10-29,21.99138641357422
2018-10-30,22.37114906311035
2018-10-31,22.681852340698242
2018-11-01,22.785425186157227
2018-11-02,22.768165588378906
2018-11-05,23.130659103393555
2018-11-06,23.251493453979492
2018-11-07,23.553573608398438
2018-11-08,23.622617721557617
2018-11-09,23.406848907470703
2018-11-12,22.940780639648438
2018-11-13,23.070249557495117
2018-11-14,22.75953483581543
2018-11-15,23.096134185791016
2018-11-16,23.12203025817871
2018-11-19,23.1133975982666
2018-11-20,22.604175567626953
2018-11-21,22.621435165405273
2018-11-23,22.44019317626953
2018-11-26,22.897628784179688
2018-11-27,22.91489028930664
2018-11-28,23.355064392089844
2018-11-29,23.156553268432617
2018-11-30,23.27737808227539
2018-12-03,23.424110412597656
2018-12-04,22.405664443969727
2018-12-06,22.094959259033203
2018-12-07,21.67205238342285
2018-12-10,21.369970321655273
2018-12-11,21.162824630737305
2018-12-12,21.283660888671875
2018-12-13,21.12830352783203
2018-12-14,20.92116355895996
2018-12-17,20.71402359008789
2018-12-18,20.63634490966797
2018-12-19,20.377422332763672
2018-12-20,20.196170806884766
2018-12-21,19.792335510253906
2018-12-24,19.37546730041504
2018-12-26,20.252626419067383
2018-12-27,20.495798110961914
2018-12-28,20.487106323242188
2018-12-31,20.686857223510742
2019-01-02,20.860549926757812
2019-01-03,20.39158058166504
2019-01-04,21.068979263305664
2019-01-07,21.09503936767578
2019-01-08,21.112403869628906
2019-01-09,21.21661949157715
2019-01-10,21.225309371948242
2019-01-11,21.277414321899414
2019-01-14,21.4250545501709
2019-01-15,21.61611557006836
2019-01-16,22.07640266418457
2019-01-17,22.19798469543457
2019-01-18,22.58011245727539
2019-01-22,22.319570541381836
2019-01-23,22.345623016357422
2019-01-24,22.397733688354492
2019-01-25,22.58011245727539
2019-01-28,22.510635375976562
2019-01-29,22.43246841430664
2019-01-30,22.562742233276367
2019-01-31,22.527999877929688
2019-02-01,22.623531341552734
2019-02-04,22.71906852722168
2019-02-05,22.658273696899414
2019-02-06,22.63222312927246
2019-02-07,22.406421661376953
2019-02-08,22.29352378845215
2019-02-11,22.36299705505371
2019-02-12,22.693016052246094
2019-02-13,22.753807067871094
2019-02-14,22.475893020629883
2019-02-15,22.953554153442383
2019-02-19,22.988296508789062
2019-02-20,23.135929107666016
2019-02-21,23.01435089111328
2019-02-22,22.9796085357666
2019-02-25,23.07513427734375
2019-02-26,23.005664825439453
2019-02-27,23.092506408691406
2019-02-28,23.031709671020508
2019-03-01,23.17934799194336
2019-03-04,23.031709671020508
2019-03-05,22.944860458374023
2019-03-06,22.797225952148438
2019-03-07,22.562742233276367
2019-03-08,22.554058074951172
2019-03-11,22.788541793823242
2019-03-12,22.840646743774414
2019-03-13,22.996971130371094
2019-03-14,23.083824157714844
2019-03-15,23.245309829711914
2019-03-18,23.48099136352539
2019-03-19,23.297679901123047
2019-03-20,22.81758689880371
2019-03-21,22.747756958007812
2019-03-22,22.119272232055664
2019-03-25,22.023252487182617
2019-03-26,22.285125732421875
2019-03-27,22.189098358154297
2019-03-28,22.381135940551758
2019-03-29,22.44224739074707
2019-04-01,22.99217414855957
2019-04-02,22.97471046447754
2019-04-03,23.04454231262207
2019-04-04,23.1842041015625
2019-04-05,23.219118118286133
2019-04-08,23.245309829711914
2019-04-09,23.05327033996582
2019-04-10,23.123106002807617
2019-04-11,23.26276969909668
2019-04-12,23.690488815307617
2019-04-15,23.542089462280273
2019-04-16,23.873796463012695
2019-04-17,23.934900283813477
2019-04-18,23.86506462097168
2019-04-22,23.795236587524414
2019-04-23,23.943622589111328
2019-04-24,23.917444229125977
2019-04-25,23.96109390258789
2019-04-26,24.179311752319336
2019-04-29,24.423721313476562
2019-04-30,24.458642959594727
2019-05-01,24.257871627807617
2019-05-02,24.284059524536133
2019-05-03,24.50228500366211
2019-05-06,24.336429595947266
2019-05-07,23.934900283813477
2019-05-08,23.88253402709961
2019-05-09,23.830154418945312
2019-05-10,23.987274169921875
2019-05-13,23.28895378112793
2019-05-14,23.47226905822754
2019-05-15,23.384973526000977
2019-05-16,23.62065315246582
2019-05-17,23.46353530883789
2019-05-20,23.48971939086914
2019-05-21,23.734134674072266
2019-05-22,23.594470977783203
2019-05-23,23.26276969909668
2019-05-24,23.44607925415039
2019-05-28,23.17547607421875
2019-05-29,23.131834030151367
2019-05-30,23.05327033996582
2019-05-31,22.70410919189453
2019-06-03,22.852497100830078
2019-06-04,23.47226905822754
2019-06-05,23.62065315246582
2019-06-06,23.707948684692383
2019-06-07,23.673032760620117
2019-06-10,23.873796463012695
2019-06-11,23.88253402709961
2019-06-12,23.6468448638916
2019-06-13,23.72540283203125
2019-06-14,23.777772903442383
2019-06-17,23.559551239013672
2019-06-18,23.873796463012695
2019-06-19,23.830154418945312
2019-06-20,23.934900283813477
2019-06-21,23.881385803222656
2019-06-24,23.78487777709961
2019-06-25,23.705907821655273
2019-06-26,23.66204261779785
2019-06-27,23.87260627746582
2019-06-28,24.21477699279785
2019-07-01,24.504301071166992
2019-07-02,24.442888259887695
2019-07-03,24.635902404785156
2019-07-05,24.70608901977539
2019-07-08,24.583263397216797
2019-07-09,24.627126693725586
2019-07-10,24.539392471313477
2019-07-11,24.67976951599121
2019-07-12,24.84646224975586
2019-07-15,24.70608901977539
2019-07-16,24.64467430114746
2019-07-17,24.434112548828125
2019-07-18,24.61835289001465
2019-07-19,24.513071060180664
2019-07-22,24.565715789794922
2019-07-23,24.820146560668945
2019-07-24,25.074569702148438
2019-07-25,24.899105072021484
2019-07-26,25.17107582092285
2019-07-29,24.97806739807129
2019-07-30,24.907875061035156
2019-07-31,24.785049438476562
2019-08-01,24.22354507446289
2019-08-02,24.21477699279785
2019-08-05,23.40761947631836
2019-08-06,23.78487777709961
2019-08-07,23.46902847290039
2019-08-08,23.916475296020508
2019-08-09,23.837514877319336
2019-08-12,23.38129234313965
2019-08-13,23.670814514160156
2019-08-14,22.79347038269043
2019-08-15,22.90752601623535
2019-08-16,23.31110954284668
2019-08-19,23.54799461364746
2019-08-20,23.232147216796875
2019-08-21,23.33742904663086
2019-08-22,23.495349884033203
2019-08-23,22.898752212524414
2019-08-26,23.118087768554688
2019-08-27,22.97771644592285
2019-08-28,23.188278198242188
2019-08-29,23.539216995239258
2019-08-30,23.61817741394043
2019-09-03,23.372520446777344
2019-09-04,23.600627899169922
2019-09-05,24.083173751831055
2019-09-06,24.074399948120117
2019-09-09,24.442888259887695
2019-09-10,24.530616760253906
2019-09-11,24.670991897583008
2019-09-12,24.802593231201172
2019-09-13,24.9956111907959
2019-09-16,24.907875061035156
2019-09-17,24.9341983795166
2019-09-18,25.021936416625977
2019-09-19,24.907875061035156
2019-09-20,24.761497497558594
2019-09-23,24.805593490600586
2019-09-24,24.5674991607666
2019-09-25,24.77031707763672
2019-09-26,24.655675888061523
2019-09-27,24.75267791748047
2019-09-30,24.690950393676758
2019-10-01,24.17068099975586
2019-10-02,23.676855087280273
2019-10-03,23.77385711669922
2019-10-04,24.214771270751953
2019-10-07,24.091306686401367
2019-10-08,23.61513328552246
2019-10-09,23.835588455200195
2019-10-10,24.082496643066406
2019-10-11,24.382312774658203
2019-10-14,24.417591094970703
2019-10-15,24.77031707763672
2019-10-16,24.70859146118164
2019-10-17,24.726224899291992
2019-10-18,24.78795051574707
2019-10-21,25.131864547729492
2019-10-22,25.061315536499023
2019-10-23,25.167137145996094
2019-10-24,25.131864547729492
2019-10-25,25.25531768798828
2019-10-28,25.387590408325195
2019-10-29,25.449310302734375
2019-10-30,25.43168067932129
2019-10-31,25.3082218170166
2019-11-01,25.6785945892334
2019-11-04,25.899044036865234
2019-11-05,25.996044158935547
2019-11-06,26.12831687927246
2019-11-07,26.32231903076172
2019-11-08,26.313501358032227
2019-11-11,26.242948532104492
2019-11-12,26.27822494506836
2019-11-13,26.110685348510742
2019-11-14,26.16359519958496
2019-11-15,26.2341365814209
2019-11-18,26.28704071044922
2019-11-19,26.339954376220703
2019-11-20,26.21649742126465
2019-11-21,26.19004249572754
2019-11-22,26.3840389251709
2019-11-25,26.551593780517578
2019-11-26,26.525135040283203
2019-11-27,26.630956649780273
2019-11-29,26.58686065673828
2019-12-02,26.419315338134766
2019-12-03,26.048952102661133
2019-12-04,26.295867919921875
2019-12-05,26.419315338134766
2019-12-06,26.77204704284668
2019-12-09,26.710317611694336
2019-12-10,26.719141006469727
2019-12-11,26.65740966796875
2019-12-12,27.17768096923828
2019-12-13,27.080678939819336
2019-12-16,27.17768096923828
2019-12-17,27.283498764038086
2019-12-18,27.16886329650879
2019-12-19,27.160043716430664
2019-12-20,27.19194793701172
2019-12-23,27.129913330078125
2019-12-24,27.19194793701172
2019-12-26,27.342628479003906
2019-12-27,27.271728515625
2019-12-30,27.19194793701172
2019-12-31,27.280580520629883
2020-01-02,27.54648208618164
2020-01-03,27.253995895385742
2020-01-06,27.236265182495117
2020-01-07,27.059005737304688
2020-01-08,27.236265182495117
2020-01-09,27.4046688079834
2020-01-10,27.200815200805664
2020-01-13,27.38694190979004
2020-01-14,27.333759307861328
2020-01-15,27.18309211730957
2020-01-16,27.422395706176758
2020-01-17,27.502164840698242
2020-01-21,27.271728515625
2020-01-22,27.351490020751953
2020-01-23,27.280580520629883
2020-01-24,26.93492889404297
2020-01-27,26.51835823059082
2020-01-28,26.828567504882812
2020-01-29,26.784255981445312
2020-01-30,27.121051788330078
2020-01-31,26.553808212280273
2020-02-03,26.73993492126465
2020-02-04,26.99696159362793
2020-02-05,27.53761863708496
2020-02-06,27.502164840698242
2020-02-07,27.4046688079834
2020-02-10,27.484434127807617
2020-02-11,27.58193016052246
2020-02-12,27.599655151367188
2020-02-13,27.59078598022461
2020-02-14,27.62624168395996
2020-02-18,27.38694190979004
2020-02-19,27.59078598022461
2020-02-20,27.53761863708496
2020-02-21,27.271728515625
2020-02-24,26.385421752929688
2020-02-25,25.49024772644043
2020-02-26,25.30411720275879
2020-02-27,24.222820281982422
2020-02-28,23.56695556640625
2020-03-02,24.77233123779297
2020-03-03,23.841705322265625
2020-03-04,24.630523681640625
2020-03-05,23.442869186401367
2020-03-06,22.645185470581055
2020-03-09,20.216707229614258
2020-03-10,21.40435028076172
2020-03-11,20.243289947509766
2020-03-12,18.054113388061523
2020-03-13,20.42941665649414
2020-03-16,17.628681182861328
2020-03-17,18.585891723632812
2020-03-18,17.00826644897461
2020-03-19,17.380516052246094
2020-03-20,16.76009750366211
2020-03-23,15.78493595123291
2020-03-24,17.742414474487305
2020-03-25,18.225078582763672
2020-03-26,19.369169235229492
2020-03-27,18.77924919128418
2020-03-30,19.13677978515625
2020-03-31,18.60942268371582
2020-04-01,17.47426414489746
2020-04-02,17.912240982055664
2020-04-03,17.554704666137695
2020-04-06,18.815004348754883
2020-04-07,19.002708435058594
2020-04-08,19.833961486816406
2020-04-09,20.897611618041992
2020-04-13,20.137863159179688
2020-04-14,20.227243423461914
2020-04-15,19.35129737854004
2020-04-16,19.01164436340332
2020-04-17,20.012727737426758
2020-04-20,19.664134979248047
2020-04-21,19.02952003479004
2020-04-22,19.235103607177734
2020-04-23,19.154653549194336
2020-04-24,19.43173599243164
2020-04-27,20.09316635131836
2020-04-28,20.30768394470215
2020-04-29,20.897611618041992
2020-04-30,20.370254516601562
2020-05-01,19.717769622802734
2020-05-04,19.538999557495117
2020-05-05,19.476428985595703
2020-05-06,19.05632972717285
2020-05-07,19.503244400024414
2020-05-08,19.923341751098633
2020-05-11,19.538999557495117
2020-05-12,19.02952003479004
2020-05-13,18.46640968322754
2020-05-14,18.940134048461914
2020-05-15,18.815004348754883
2020-05-18,19.780332565307617
2020-05-19,19.297670364379883
2020-05-20,19.726707458496094
2020-05-21,19.664134979248047
2020-05-22,19.592628479003906
2020-05-26,20.611589431762695
2020-05-27,21.505413055419922
2020-05-28,21.165760040283203
2020-05-29,20.92442512512207
2020-06-01,21.165760040283203
2020-06-02,21.335590362548828
2020-06-03,22.131092071533203
2020-06-04,22.61374855041504
2020-06-05,23.453947067260742
2020-06-08,23.90086555480957
2020-06-09,23.391380310058594
2020-06-10,22.51543426513672
2020-06-11,20.674158096313477
2020-06-12,21.29983139038086
2020-06-15,21.59479331970215
2020-06-16,21.934450149536133
2020-06-17,21.603736877441406
2020-06-18,21.576919555664062
2020-06-19,21.433908462524414
2020-06-22,21.327760696411133
2020-06-23,21.426708221435547
2020-06-24,20.671106338500977
2020-06-25,21.219818115234375
2020-06-26,20.311298370361328
2020-06-29,20.536178588867188
2020-06-30,20.81502914428711
2020-07-01,20.635128021240234
2020-07-02,20.662111282348633
2020-07-06,21.057903289794922
2020-07-07,20.62613296508789
2020-07-08,20.842018127441406
2020-07-09,20.4012508392334
2020-07-10,21.10287857055664
2020-07-13,21.192832946777344
2020-07-14,21.300777435302734
2020-07-15,21.72355079650879
2020-07-16,21.72355079650879
2020-07-17,21.543651580810547
2020-07-20,21.444698333740234
2020-07-21,21.867477416992188
2020-07-22,21.867477416992188
2020-07-23,21.885469436645508
2020-07-24,21.831493377685547
2020-07-27,21.651592254638672
2020-07-28,21.59762191772461
2020-07-29,22.002403259277344
2020-07-30,21.606616973876953
2020-07-31,21.61561393737793
2020-08-03,21.678579330444336
2020-08-04,21.588623046875
2020-08-05,21.885469436645508
2020-08-06,21.8764705657959
2020-08-07,22.344228744506836
2020-08-10,22.506141662597656
2020-08-11,22.76700210571289
2020-08-12,22.704038619995117
2020-08-13,22.56011390686035
2020-08-14,22.65006446838379
2020-08-17,22.272266387939453
2020-08-18,22.128339767456055
2020-08-19,22.119342803955078
2020-08-20,21.912456512451172
2020-08-21,21.867477416992188
2020-08-24,22.389204025268555
2020-08-25,22.452167510986328
2020-08-26,22.344228744506836
2020-08-27,22.722028732299805
2020-08-28,22.811981201171875
2020-08-31,22.542123794555664
2020-09-01,22.605091094970703
2020-09-02,22.92892074584961
2020-09-03,22.578102111816406
2020-09-04,22.749013900756836
2020-09-08,22.164323806762695
2020-09-09,22.389204025268555
2020-09-10,22.074371337890625
2020-09-11,22.22728729248047
2020-09-14,22.533126831054688
2020-09-15,22.22728729248047
2020-09-16,22.479156494140625
2020-09-17,22.245275497436523
2020-09-18,22.200300216674805
2020-09-21,21.64405059814453
2020-09-22,21.463157653808594
2020-09-23,20.983783721923828
2020-09-24,21.029008865356445
2020-09-25,21.246082305908203
2020-09-28,21.75258445739746
2020-09-29,21.481246948242188
2020-09-30,21.77067756652832
2020-10-01,21.806856155395508
2020-10-02,21.97870445251465
2020-10-05,22.340499877929688
2020-10-06,22.1143798828125
2020-10-07,22.485212326049805
2020-10-08,22.7927303314209
2020-10-09,22.81986427307129
2020-10-12,23.073116302490234
2020-10-13,22.62993049621582
2020-10-14,22.412857055664062
2020-10-15,22.584705352783203
2020-10-16,22.602794647216797
2020-10-19,22.25909423828125
2020-10-20,22.439985275268555
2020-10-21,22.322404861450195
2020-10-22,22.765594482421875
2020-10-23,22.83795738220215
2020-10-26,22.322404861450195
2020-10-27,21.915395736694336
2020-10-28,21.354616165161133
2020-10-29,21.51742172241211
2020-10-30,21.580739974975586
2020-11-02,21.987749099731445
2020-11-03,22.476167678833008
2020-11-04,22.213869094848633
2020-11-05,22.756555557250977
2020-11-06,22.57565689086914
2020-11-09,24.42982292175293
2020-11-10,24.556455612182617
2020-11-11,24.45696449279785
2020-11-12,24.04995346069336
2020-11-13,24.447921752929688
2020-11-16,24.9906005859375
2020-11-17,24.954425811767578
2020-11-18,24.719261169433594
2020-11-19,24.80066680908203
2020-11-20,24.583589553833008
2020-11-23,25.04486846923828
2020-11-24,25.922210693359375
2020-11-25,25.83176040649414
2020-11-27,25.750356674194336
2020-11-30,25.216726303100586
2020-12-01,25.605648040771484
2020-12-02,25.88603401184082
2020-12-03,25.89507293701172
2020-12-04,26.21164321899414
2020-12-07,26.030750274658203
2020-12-08,26.021703720092773
2020-12-09,25.958393096923828
2020-12-10,26.003612518310547
2020-12-11,25.741315841674805
2020-12-14,25.442834854125977
2020-12-15,25.876985549926758
2020-12-16,25.922210693359375
2020-12-17,25.99456787109375
2020-12-18,25.768449783325195
2020-12-21,26.11581039428711
2020-12-22,25.86119842529297
2020-12-23,26.288589477539062
2020-12-24,26.324954986572266
2020-12-28,26.45226287841797
2020-12-29,26.3613338470459
2020-12-30,26.47954559326172
2020-12-31,26.806901931762695
2021-01-04,26.44316864013672
2021-01-05,26.56138038635254
2021-01-06,27.734413146972656
2021-01-07,28.134517669677734
2021-01-08,28.11632537841797
2021-01-11,28.207256317138672
2021-01-12,28.498247146606445
2021-01-13,28.480058670043945
2021-01-14,28.60736083984375
2021-01-15,28.134517669677734
2021-01-19,28.207256317138672
2021-01-20,28.089046478271484
2021-01-21,27.78896713256836
2021-01-22,27.58892250061035
2021-01-25,27.388866424560547
2021-01-26,27.170629501342773
2021-01-27,26.37042236328125
2021-01-28,26.861459732055664
2021-01-29,26.324954986572266
2021-02-01,26.670501708984375
2021-02-02,27.31612205505371
2021-02-03,27.470712661743164
2021-02-04,28.0799560546875
2021-02-05,28.089046478271484
2021-02-08,28.452781677246094
2021-02-09,28.461870193481445
2021-02-10,28.461870193481445
2021-02-11,28.370941162109375
2021-02-12,28.661924362182617
2021-02-16,29.1529598236084
2021-02-17,29.298452377319336
2021-02-18,29.125675201416016
2021-02-19,29.471220016479492
2021-02-22,29.7440242767334
2021-02-23,29.925880432128906
2021-02-24,30.507854461669922
2021-02-25,29.953163146972656
2021-02-26,29.380287170410156
2021-03-01,30.298707962036133
2021-03-02,30.189586639404297
2021-03-03,30.426013946533203
2021-03-04,30.080476760864258
2021-03-05,30.653350830078125
2021-03-08,31.04435920715332
2021-03-09,30.762462615966797
2021-03-10,31.38990020751953
2021-03-11,31.298967361450195
2021-03-12,31.61722755432129
2021-03-15,31.435367584228516
2021-03-16,31.107999801635742
2021-03-17,31.317150115966797
2021-03-18,31.4808349609375
2021-03-19,31.117097854614258
2021-03-22,30.716136932373047
2021-03-23,30.2868595123291
2021-03-24,30.396453857421875
2021-03-25,30.907941818237305
2021-03-26,31.392017364501953
2021-03-29,31.118011474609375
2021-03-30,31.337215423583984
2021-03-31,31.099750518798828
2021-04-01,31.483356475830078
2021-04-05,31.729969024658203
2021-04-06,31.666017532348633
2021-04-07,31.821300506591797
2021-04-08,31.830429077148438
2021-04-09,32.10444641113281
2021-04-12,32.24143981933594
2021-04-13,31.940032958984375
2021-04-14,32.131839752197266
2021-04-15,32.10444641113281
2021-04-16,32.33277893066406
2021-04-19,32.24143981933594
2021-04-20,31.638633728027344
2021-04-21,32.07703399658203
2021-04-22,31.720834732055664
2021-04-23,32.314510345458984
2021-04-26,32.4423828125
2021-04-27,32.6981201171875
2021-04-28,32.82598876953125
2021-04-29,33.41054916381836
2021-04-30,33.118263244628906
2021-05-03,33.28266525268555
2021-05-04,33.54753875732422
2021-05-05,33.82154846191406
2021-05-06,34.32389831542969
2021-05-07,34.506568908691406
2021-05-10,34.479164123535156
2021-05-11,33.86722183227539
2021-05-12,33.5201416015625
2021-05-13,34.059024810791016
2021-05-14,34.5978889465332
2021-05-17,34.66183853149414
2021-05-18,34.1777458190918
2021-05-19,33.967674255371094
2021-05-20,33.98594665527344
2021-05-21,34.32389831542969
2021-05-24,34.48829650878906
2021-05-25,34.141212463378906
2021-05-26,34.2416877746582
2021-05-27,34.63442611694336
2021-05-28,34.6983757019043
2021-06-01,34.90843963623047
2021-06-02,34.96323776245117
2021-06-03,35.04543685913086
2021-06-04,35.13677215576172
2021-06-07,34.90843963623047
2021-06-08,34.81710433959961
2021-06-09,34.48829650878906
2021-06-10,34.086429595947266
2021-06-11,34.30562973022461
2021-06-14,33.94942092895508
2021-06-15,34.01333999633789
2021-06-16,33.97682189941406
2021-06-17,32.97212219238281
2021-06-18,32.17750930786133
2021-06-21,32.92851257324219
2021-06-22,32.9835319519043
2021-06-23,33.04771041870117
2021-06-24,33.460365295410156
2021-06-25,33.86381530761719
2021-06-28,33.616233825683594
2021-06-29,33.49703598022461
2021-06-30,33.643741607666016
2021-07-01,33.90966796875
2021-07-02,33.87298583984375
2021-07-06,33.341148376464844
2021-07-07,33.386993408203125
2021-07-08,32.717613220214844
2021-07-09,33.66209411621094
2021-07-12,33.99219512939453
2021-07-13,33.62540054321289
2021-07-14,33.46952819824219
2021-07-15,33.579559326171875
2021-07-16,33.121063232421875
2021-07-19,32.1949348449707
2021-07-20,32.99270248413086
2021-07-21,33.561222076416016
2021-07-22,33.19443130493164
2021-07-23,33.24945068359375
2021-07-26,33.442020416259766
2021-07-27,33.43284225463867
2021-07-28,33.386993408203125
2021-07-29,33.753787994384766
2021-07-30,33.487857818603516
2021-08-02,33.49703598022461
2021-08-03,33.87298583984375
2021-08-04,33.58873748779297
2021-08-05,34.02887725830078
2021-08-06,34.71660614013672
2021-08-09,34.80830383300781
2021-08-10,35.17510223388672
2021-08-11,35.57856369018555
2021-08-12,35.64274597167969
2021-08-13,35.3768196105957
2021-08-16,35.28512954711914
2021-08-17,35.03754425048828
2021-08-18,34.6065788269043
2021-08-19,34.34981918334961
2021-08-20,34.560726165771484
2021-08-23,34.84498596191406
2021-08-24,35.055885314941406
2021-08-25,35.46852493286133
2021-08-26,35.29429244995117
2021-08-27,35.76195526123047
2021-08-30,35.25761413574219
2021-08-31,35.2117805480957
2021-09-01,35.010040283203125
2021-09-02,35.12925338745117
2021-09-03,34.90917205810547
2021-09-07,34.69826126098633
2021-09-08,34.61574172973633
2021-09-09,34.71660614013672
2021-09-10,34.459861755371094
2021-09-13,34.854156494140625
2021-09-14,34.386497497558594
2021-09-15,34.71660614013672
2021-09-16,34.61574172973633
2021-09-17,34.459861755371094
2021-09-20,33.66047286987305
2021-09-21,33.61442565917969
2021-09-22,34.17620849609375
2021-09-23,35.014259338378906
2021-09-24,35.198455810546875
2021-09-27,35.67734909057617
2021-09-28,35.087928771972656
2021-09-29,35.11555480957031
2021-09-30,34.5629997253418
2021-10-01,35.13398361206055
2021-10-04,34.830074310302734
2021-10-05,35.511566162109375
2021-10-06,35.548404693603516
2021-10-07,35.76021957397461
2021-10-08,35.935203552246094
2021-10-11,35.57603454589844
2021-10-12,35.46553039550781
2021-10-13,35.26292419433594
2021-10-14,35.85232162475586
2021-10-15,36.38646697998047
2021-10-18,36.395668029785156
2021-10-19,36.75483703613281
2021-10-20,37.0495491027832
2021-10-21,36.892982482910156
2021-10-22,37.4087028503418
2021-10-25,37.3626594543457
2021-10-26,37.39028549194336
2021-10-27,36.77326202392578
2021-10-28,37.224510192871094
2021-10-29,37.07716751098633
2021-11-01,37.095584869384766
2021-11-02,37.18769454956055
2021-11-03,37.32582473754883
2021-11-04,36.837738037109375
2021-11-05,36.85615158081055
2021-11-08,37.058753967285156
2021-11-09,36.85615158081055
2021-11-10,36.79167938232422
2021-11-11,36.892982482910156
2021-11-12,36.97587203979492
2021-11-15,36.97587203979492
2021-11-16,36.93903732299805
2021-11-17,36.51539611816406
2021-11-18,36.33121109008789
2021-11-19,35.935203552246094
2021-11-22,36.441734313964844
2021-11-23,37.0127067565918
2021-11-24,36.92981719970703
2021-11-26,35.7049674987793
2021-11-29,35.81547927856445
2021-11-30,34.95901107788086
2021-12-01,34.57221221923828
2021-12-02,35.603660583496094
2021-12-03,35.023468017578125
2021-12-06,35.557621002197266
2021-12-07,36.19306564331055
2021-12-08,35.999671936035156
2021-12-09,35.92599105834961
2021-12-10,35.96282958984375
2021-12-13,35.57603454589844
2021-12-14,35.78785705566406
2021-12-15,35.889156341552734
2021-12-16,36.34041976928711
2021-12-17,35.53919982910156
2021-12-20,34.848876953125
2021-12-21,35.570655822753906
2021-12-22,35.737220764160156
2021-12-23,35.92229461669922
2021-12-27,36.29243469238281
2021-12-28,36.310951232910156
2021-12-29,36.26466751098633
2021-12-30,36.19990539550781
2021-12-31,36.135128021240234
2022-01-03,36.57929229736328
2022-01-04,37.541664123535156
2022-01-05,37.106746673583984
2022-01-06,37.652713775634766
2022-01-07,38.09687805175781
2022-01-10,37.96733093261719
2022-01-11,38.30046463012695
2022-01-12,38.32821273803711
2022-01-13,38.18016052246094
2022-01-14,37.78226089477539
2022-01-18,36.94017791748047
2022-01-19,36.320194244384766
2022-01-20,36.08885955810547
2022-01-21,35.34857940673828
2022-01-24,35.45037078857422
2022-01-25,35.59842300415039
2022-01-26,35.69095993041992
2022-01-27,35.36708450317383
2022-01-28,35.829769134521484
2022-01-31,36.14438247680664
2022-02-01,36.644073486328125
2022-02-02,36.8939208984375
2022-02-03,36.48676300048828
2022-02-04,37.106746673583984
2022-02-07,37.217803955078125
2022-02-08,37.73599624633789
2022-02-09,37.97657775878906
2022-02-10,37.64345932006836
2022-02-11,37.116004943847656
2022-02-14,36.69959259033203
2022-02-15,37.19927978515625
2022-02-16,37.227054595947266
2022-02-17,36.30168533325195
2022-02-18,36.29243469238281
2022-02-22,36.10736846923828
2022-02-23,35.47812271118164
2022-02-24,35.052459716796875
2022-02-25,36.18138885498047
2022-02-28,35.64468765258789
2022-03-01,34.330684661865234
2022-03-02,35.219032287597656
2022-03-03,35.10797119140625
2022-03-04,34.45097732543945
2022-03-07,33.19249725341797
2022-03-08,32.998172760009766
2022-03-09,34.21038818359375
2022-03-10,33.923526763916016
2022-03-11,33.682945251464844
2022-03-14,34.108604431152344
2022-03-15,34.58977508544922
2022-03-16,35.56140899658203
2022-03-17,36.00558853149414
2022-03-18,36.08885955810547
2022-03-21,36.053558349609375
2022-03-22,36.63880920410156
2022-03-23,35.96065902709961
2022-03-24,36.2486457824707
2022-03-25,36.713130950927734
2022-03-28,36.610939025878906
2022-03-29,36.69455337524414
2022-03-30,36.43444061279297
2022-03-31,35.598358154296875
2022-04-01,35.505470275878906
2022-04-04,35.3475456237793
2022-04-05,35.12458038330078
2022-04-06,34.88304901123047
2022-04-07,34.84588623046875
2022-04-08,35.19889831542969
2022-04-11,35.040977478027344
2022-04-12,34.660099029541016
2022-04-13,34.660099029541016
2022-04-14,34.26991653442383
2022-04-18,34.47429275512695
2022-04-19,34.94807434082031
2022-04-20,35.18960952758789
2022-04-21,34.63222885131836
2022-04-22,33.6010627746582
2022-04-25,33.65679931640625
2022-04-26,32.811431884765625
2022-04-27,32.78356170654297
2022-04-28,33.201602935791016
2022-04-29,32.0589599609375
2022-05-02,32.06824493408203
2022-05-03,32.48628616333008
2022-05-04,33.48029708862305
2022-05-05,32.50487518310547
2022-05-06,32.27262496948242
2022-05-09,31.501567840576172
2022-05-10,31.22287940979004
2022-05-11,30.934898376464844
2022-05-12,30.70266342163086
2022-05-13,31.148569107055664
2022-05-16,30.888452529907227
2022-05-17,31.71523666381836
2022-05-18,30.842008590698242
2022-05-19,30.637622833251953
2022-05-20,30.581892013549805
2022-05-23,31.57590103149414
2022-05-24,31.510866165161133
2022-05-25,31.76167869567871
2022-05-26,32.49557876586914
2022-05-27,33.043678283691406
2022-05-31,32.950782775878906
2022-06-01,32.421260833740234
2022-06-02,32.867183685302734
2022-06-03,32.39338684082031
2022-06-06,32.48628616333008
2022-06-07,32.73712158203125
2022-06-08,32.16114044189453
2022-06-09,31.352937698364258
2022-06-10,30.219587326049805
2022-06-13,29.318479537963867
2022-06-14,29.06766128540039
2022-06-15,29.392797470092773
2022-06-16,28.649621963500977
2022-06-17,28.733230590820312
2022-06-21,29.306659698486328
2022-06-22,29.24128532409668
2022-06-23,29.129213333129883
2022-06-24,30.203231811523438
2022-06-27,30.10049819946289
2022-06-28,29.801639556884766
2022-06-29,29.633535385131836
2022-06-30,29.372034072875977
2022-07-01,29.773624420166016
2022-07-05,29.6708927154541
2022-07-06,29.59617805480957
2022-07-07,30.025789260864258
2022-07-08,29.960412979125977
2022-07-11,29.717588424682617
2022-07-12,29.530805587768555
2022-07-13,29.269304275512695
2022-07-14,28.70895004272461
2022-07-15,29.680233001708984
2022-07-18,29.568157196044922
2022-07-19,30.455392837524414
2022-07-20,30.56745719909668
2022-07-21,30.76358985900879
2022-07-22,30.586135864257812
2022-07-25,30.782262802124023
2022-07-26,30.352659225463867
2022-07-27,30.819618225097656
2022-07-28,31.043764114379883
2022-07-29,31.482707977294922
2022-08-01,31.221214294433594
2022-08-02,30.87565803527832
2022-08-03,31.342628479003906
2022-08-04,31.239887237548828
2022-08-05,31.46402931213379
2022-08-08,31.445358276367188
2022-08-09,31.604116439819336
2022-08-10,32.31390380859375
2022-08-11,32.696815490722656
2022-08-12,33.210479736328125
2022-08-15,33.20114517211914
2022-08-16,33.44396209716797
2022-08-17,33.275856018066406
2022-08-18,33.31320571899414
2022-08-19,32.65011215209961
2022-08-22,31.93099021911621
2022-08-23,31.800243377685547
2022-08-24,31.96835708618164
2022-08-25,32.463340759277344
2022-08-26,31.49204444885254
2022-08-29,31.26790428161621
2022-08-30,31.09979820251465
2022-08-31,30.866323471069336
2022-09-01,30.959718704223633
2022-09-02,30.716890335083008
2022-09-06,30.642173767089844
2022-09-07,31.249225616455078
2022-09-08,31.800243377685547
2022-09-09,32.08976745605469
2022-09-12,32.351261138916016
2022-09-13,31.146495819091797
2022-09-14,31.053102493286133
2022-09-15,31.155832290649414
2022-09-16,30.87565803527832
2022-09-19,31.22584342956543
2022-09-20,30.76581573486328
2022-09-21,30.127405166625977
2022-09-22,29.620424270629883
2022-09-23,29.15100860595703
2022-09-26,28.690975189208984
2022-09-27,28.568927764892578
2022-09-28,29.132230758666992
2022-09-29,28.76607894897461
2022-09-30,28.50320816040039
2022-10-03,29.273056030273438
2022-10-04,30.36211395263672
2022-10-05,30.127405166625977
2022-10-06,29.704923629760742
2022-10-07,29.000791549682617
2022-10-10,28.869354248046875
2022-10-11,28.50320816040039
2022-10-12,28.437490463256836
2022-10-13,29.611042022705078
2022-10-14,29.11345863342285
2022-10-17,29.845748901367188
2022-10-18,30.32455825805664
2022-10-19,29.826976776123047
2022-10-20,29.348167419433594
2022-10-21,30.22128677368164
2022-10-24,30.62498664855957
2022-10-25,30.991138458251953
2022-10-26,31.066242218017578
2022-10-27,31.319730758666992
2022-10-28,32.09896469116211
2022-10-31,31.90180778503418
2022-11-01,31.98630714416504
2022-11-02,31.582599639892578
2022-11-03,31.263397216796875
2022-11-04,31.836088180541992
2022-11-07,32.15530014038086
2022-11-08,32.34306335449219
2022-11-09,31.79853630065918
2022-11-10,33.40395736694336
2022-11-11,33.67622756958008
2022-11-14,33.197418212890625
2022-11-15,33.272518157958984
2022-11-16,33.112911224365234
2022-11-17,32.93453598022461
2022-11-18,33.20680236816406
2022-11-21,33.31007766723633
2022-11-22,33.6480598449707
2022-11-23,33.78889083862305
2022-11-25,33.90155029296875
2022-11-28,33.3194694519043
2022-11-29,33.51661682128906
2022-11-30,34.08930969238281
2022-12-01,33.892154693603516
2022-12-02,33.73255157470703
2022-12-05,32.89698791503906
2022-12-06,32.60593795776367
2022-12-07,32.47450256347656
2022-12-08,32.50267028808594
2022-12-09,32.41817855834961
2022-12-12,32.85004806518555
2022-12-13,32.93453598022461
2022-12-14,32.52144241333008
2022-12-15,31.883031845092773
2022-12-16,31.638931274414062
2022-12-19,31.55391502380371
2022-12-20,31.686168670654297
2022-12-21,32.17742919921875
2022-12-22,31.894010543823242
2022-12-23,32.073509216308594
2022-12-27,32.064064025878906
2022-12-28,31.9506893157959
2022-12-29,32.394718170166016
2022-12-30,32.3096923828125
2023-01-03,32.423057556152344
2023-01-04,32.942657470703125
2023-01-05,32.69704055786133
2023-01-06,33.42448806762695
2023-01-09,33.30165481567383
2023-01-10,33.49060821533203
2023-01-11,33.80236053466797
2023-01-12,33.868492126464844
2023-01-13,34.12356948852539
2023-01-17,33.8968391418457
2023-01-18,33.26387023925781
2023-01-19,32.876529693603516
2023-01-20,33.3961296081543
2023-01-23,33.78347396850586
2023-01-24,33.80236053466797
2023-01-25,34.066890716552734
2023-01-26,34.24638366699219
2023-01-27,34.24638366699219
2023-01-30,34.07633590698242
2023-01-31,34.53925323486328
2023-02-01,34.53925323486328
2023-02-02,34.633724212646484
2023-02-03,34.567596435546875
2023-02-06,34.55814743041992
2023-02-07,34.95492935180664
2023-02-08,34.74708938598633
2023-02-09,34.3597526550293
2023-02-10,34.473114013671875
2023-02-13,34.86991500854492
2023-02-14,34.68095397949219
2023-02-15,34.71875
2023-02-16,34.36920166015625
2023-02-17,34.37864685058594
2023-02-21,33.670101165771484
2023-02-22,33.63231658935547
2023-02-23,33.6606559753418
2023-02-24,33.68899917602539
2023-02-27,33.679542541503906
2023-02-28,33.74568557739258
2023-03-01,33.63231658935547
2023-03-02,33.47171401977539
2023-03-03,34.000762939453125
2023-03-06,34.02909469604492
2023-03-07,33.1505012512207
2023-03-08,33.027679443359375
2023-03-09,31.686168670654297
2023-03-10,31.10988426208496
2023-03-13,29.881742477416992
2023-03-14,30.486366271972656
2023-03-15,29.673898696899414
2023-03-16,30.240737915039062
2023-03-17,29.267667770385742
2023-03-20,29.593320846557617
2023-03-21,30.34335708618164
2023-03-22,29.640789031982422
2023-03-23,29.441415786743164
2023-03-24,29.422422409057617
2023-03-27,29.83067512512207
2023-03-28,29.821176528930664
2023-03-29,30.257909774780273
2023-03-30,30.19145393371582
2023-03-31,30.52374839782715
2023-04-03,30.580713272094727
2023-04-04,30.295886993408203
2023-04-05,30.257909774780273
2023-04-06,30.371841430664062
2023-04-10,30.438297271728516
2023-04-11,30.704137802124023
2023-04-12,30.637676239013672
2023-04-13,30.913013458251953
2023-04-14,31.216821670532227
2023-04-17,31.577594757080078
2023-04-18,31.67254066467285
2023-04-19,31.748497009277344
2023-04-20,31.653553009033203
2023-04-21,31.53962516784668
2023-04-24,31.463665008544922
2023-04-25,30.922502517700195
2023-04-26,30.6281795501709
2023-04-27,31.121877670288086
2023-04-28,31.492149353027344
2023-05-01,31.406705856323242
2023-05-02,30.694643020629883
2023-05-03,30.34335708618164
2023-05-04,29.9540958404541
2023-05-05,30.694643020629883
2023-05-08,30.74211311340332
2023-05-09,30.6281795501709
2023-05-10,30.457290649414062
2023-05-11,30.40981674194336
2023-05-12,30.28639030456543
2023-05-15,30.533239364624023
2023-05-16,30.248416900634766
2023-05-17,30.856042861938477
2023-05-18,31.083908081054688
2023-05-19,30.950979232788086
2023-05-22,31.007946014404297
2023-05-23,30.647171020507812
2023-05-24,30.248416900634766
2023-05-25,30.238924026489258
2023-05-26,30.48577308654785
2023-05-30,30.476272583007812
2023-05-31,30.153474807739258
2023-06-01,30.476272583007812
2023-06-02,31.1408634185791
2023-06-05,30.97946548461914
2023-06-06,31.368724822998047
2023-06-07,31.492149353027344
2023-06-08,31.463665008544922
2023-06-09,31.47317123413086
2023-06-12,31.463665008544922
2023-06-13,31.653553009033203
2023-06-14,31.53012466430664
2023-06-15,31.947872161865234
2023-06-16,31.881412506103516
2023-06-20,31.642988204956055
2023-06-21,31.60484504699707
2023-06-22,31.356891632080078
2023-06-23,31.223377227783203
2023-06-26,31.156618118286133
2023-06-27,31.404573440551758
2023-06-28,31.328279495239258
2023-06-29,31.87187385559082
2023-06-30,32.14844512939453
2023-07-03,32.32963943481445
2023-07-05,32.262882232666016
2023-07-06,31.98631477355957
2023-07-07,32.03399658203125
2023-07-10,32.17705154418945
2023-07-11,32.558528900146484
2023-07-12,32.76832962036133
2023-07-13,32.88276672363281
2023-07-14,32.66342544555664
2023-07-17,32.978145599365234
2023-07-18,33.350074768066406
2023-07-19,33.49312210083008
2023-07-20,33.741085052490234
2023-07-21,33.62664794921875
2023-07-24,33.95090103149414
2023-07-25,33.73154830932617
2023-07-26,33.93182373046875
2023-07-27,33.50265884399414
2023-07-28,33.56942367553711
2023-07-31,33.69340896606445
2023-08-01,33.69340896606445
2023-08-02,33.40729522705078
2023-08-03,33.426368713378906
2023-08-04,33.2928466796875
2023-08-07,33.76015090942383
2023-08-08,33.454978942871094
2023-08-09,33.207027435302734
2023-08-10,33.235633850097656
2023-08-11,33.30238342285156
2023-08-14,33.235633850097656
2023-08-15,32.62527847290039
2023-08-16,32.57759475708008
2023-08-17,32.41547775268555
2023-08-18,32.40593719482422
2023-08-21,32.3677864074707
2023-08-22,32.06260299682617
2023-08-23,32.37732696533203
2023-08-24,32.262882232666016
2023-08-25,32.41547775268555
2023-08-28,32.5966682434082
2023-08-29,32.89231491088867
2023-08-30,32.911376953125
2023-08-31,32.78740692138672
2023-09-01,33.08304214477539
2023-09-05,32.7492561340332
2023-09-06,32.730186462402344
2023-09-07,32.64434814453125
2023-09-08,32.71111297607422
2023-09-11,32.86368942260742
2023-09-12,33.08304214477539
2023-09-13,33.08304214477539
2023-09-14,33.388214111328125
2023-09-15,33.21656799316406
2023-09-18,33.30756378173828
2023-09-19,33.26924514770508
2023-09-20,33.03934097290039
2023-09-21,32.49331283569336
2023-09-22,32.24425506591797
2023-09-25,32.32088851928711
2023-09-26,31.889816284179688
2023-09-27,31.8419189453125
2023-09-28,32.07182693481445
2023-09-29,31.774858474731445
2023-10-02,31.506637573242188
2023-10-03,31.008508682250977
2023-10-04,31.23841667175293
2023-10-05,31.382104873657227
2023-10-06,31.650333404541016
2023-10-09,31.66948699951172
2023-10-10,31.89939308166504
2023-10-11,31.947290420532227
2023-10-12,31.746124267578125
2023-10-13,31.81317710876465
2023-10-16,32.14846420288086
2023-10-17,32.30172348022461
2023-10-18,31.746124267578125
2023-10-19,31.324628829956055
2023-10-20,30.84566307067871
2023-10-23,30.65407371520996
2023-10-24,30.86482048034668
2023-10-25,30.749862670898438
2023-10-26,30.68280792236328
2023-10-27,30.127206802368164
2023-10-30,30.66364860534668
2023-10-31,30.998929977416992
2023-11-01,31.200096130371094
2023-11-02,31.937715530395508
2023-11-03,32.35920715332031
2023-11-06,32.26341247558594
2023-11-07,32.21551513671875
2023-11-08,32.25382614135742
2023-11-09,32.119720458984375
2023-11-10,32.48373794555664
2023-11-13,32.43584060668945
2023-11-14,33.048919677734375
2023-11-15,33.23093032836914
2023-11-16,33.365047454833984
2023-11-17,33.5374641418457
2023-11-20,33.67158889770508
2023-11-21,33.652427673339844
2023-11-22,33.78653335571289
2023-11-24,33.89191436767578
2023-11-27,33.776954650878906
2023-11-28,33.76738357543945
2023-11-29,34.00686264038086
2023-11-30,34.39003372192383
2023-12-01,34.648681640625
2023-12-04,34.61036682128906
2023-12-05,34.43793869018555
2023-12-06,34.265506744384766
2023-12-07,34.4283561706543
2023-12-08,34.61036682128906
2023-12-11,34.821109771728516
2023-12-12,35.07017135620117
2023-12-13,35.635353088378906
2023-12-14,35.98979949951172
2023-12-15,35.77904510498047
2023-12-18,35.89842224121094
2023-12-19,36.16797637939453
2023-12-20,35.52297592163086
2023-12-21,35.869544982910156
2023-12-22,35.946556091308594
2023-12-26,36.090965270996094
2023-12-27,36.20648193359375
2023-12-28,36.312374114990234
2023-12-29,36.19685745239258
2024-01-02,36.35088348388672
2024-01-03,36.04282760620117
2024-01-04,36.18722915649414
2024-01-05,36.34125900268555
2024-01-08,36.57231140136719
2024-01-09,36.34125900268555
2024-01-10,36.399017333984375
2024-01-11,36.26424026489258
2024-01-12,36.19685745239258
2024-01-16,35.946556091308594
2024-01-17,35.87916564941406
2024-01-18,35.936927795410156
2024-01-19,36.5145378112793
2024-01-22,36.68782424926758
2024-01-23,36.745582580566406
2024-01-24,36.889984130859375
2024-01-25,37.072898864746094
2024-01-26,37.207672119140625
2024-01-29,37.30393600463867
2024-01-30,37.77565002441406
2024-01-31,37.31357192993164
2024-02-01,37.3713264465332
2024-02-02,37.525360107421875
2024-02-05,37.30393600463867
2024-02-06,37.38096237182617
2024-02-07,37.66012954711914
2024-02-08,37.51573181152344
2024-02-09,37.62163162231445
2024-02-12,37.79490661621094
2024-02-13,37.284690856933594
2024-02-14,37.6408805847168
2024-02-15,38.2858772277832
2024-02-16,38.15109634399414
2024-02-20,38.04520797729492
2024-02-21,38.16072463989258
2024-02-22,38.60356521606445
2024-02-23,38.79609680175781
2024-02-26,38.60356521606445
2024-02-27,38.70945739746094
2024-02-28,38.853851318359375
2024-02-29,38.8346061706543
2024-03-01,38.786468505859375
2024-03-04,38.88273620605469
2024-03-05,38.892356872558594
2024-03-06,39.09452819824219
2024-03-07,39.036766052246094
2024-03-08,39.10415267944336
2024-03-11,39.171539306640625
2024-03-12,39.33519744873047
2024-03-13,39.624000549316406
2024-03-14,39.30632400512695
2024-03-15,39.26780700683594
2024-03-18,39.49296569824219
2024-03-19,39.68621826171875
2024-03-20,40.15970993041992
2024-03-21,40.48825454711914
2024-03-22,40.02442932128906
2024-03-25,39.869815826416016
2024-03-26,40.005104064941406
2024-03-27,40.47859191894531
2024-03-28,40.70084762573242
2024-04-01,40.47859191894531
2024-04-02,40.26601028442383
2024-04-03,40.2466926574707
2024-04-04,39.792518615722656
2024-04-05,40.169376373291016
2024-04-08,40.34331512451172
2024-04-09,40.11140060424805
2024-04-10,39.512290954589844
2024-04-11,39.2320556640625
2024-04-12,38.71025848388672
2024-04-15,38.516990661621094
2024-04-16,38.25608825683594
2024-04-17,38.35271453857422
2024-04-18,38.48801040649414
2024-04-19,39.01947021484375
2024-04-22,39.49296569824219
2024-04-23,39.744197845458984
2024-04-24,39.734535217285156
2024-04-25,39.50262451171875
2024-04-26,39.44464874267578
2024-04-29,39.386661529541016
2024-04-30,39.000144958496094
2024-05-01,39.000144958496094
2024-05-02,39.09677505493164
2024-05-03,39.183738708496094
2024-05-06,39.68621826171875
2024-05-07,39.821502685546875
2024-05-08,39.96644973754883
2024-05-09,40.26601028442383
2024-05-10,40.420623779296875
2024-05-13,40.256343841552734
2024-05-14,40.459266662597656
2024-05-15,40.75882339477539
2024-05-16,40.75882339477539
2024-05-17,41.05837631225586
2024-05-20,40.4979248046875
2024-05-21,40.75882339477539
2024-05-22,40.52690887451172
2024-05-23,39.96644973754883
2024-05-24,40.20802688598633
2024-05-28,39.76353454589844
2024-05-29,39.44464874267578
2024-05-30,39.65723419189453
2024-05-31,40.23701858520508
2024-06-03,39.985774993896484
2024-06-04,39.80218505859375
2024-06-05,39.91813659667969
2024-06-06,39.89881134033203
2024-06-07,40.0824089050293
2024-06-10,39.927799224853516
2024-06-11,39.473636627197266
2024-06-12,39.43498611450195
2024-06-13,39.40598678588867
2024-06-14,39.28037643432617
2024-06-17,39.62824630737305
2024-06-18,39.87948226928711
2024-06-20,40.09207534790039
2024-06-21,39.93746566772461
2024-06-24,40.34783172607422
2024-06-25,40.047088623046875
2024-06-26,39.79484939575195
2024-06-27,39.746341705322266
2024-06-28,39.88216018676758
2024-07-01,39.969478607177734
2024-07-02,40.43513870239258
2024-07-03,40.309024810791016
2024-07-05,40.29931640625
2024-07-08,40.19260787963867
2024-07-09,40.5030517578125
2024-07-10,40.65827560424805
2024-07-11,40.978416442871094
2024-07-12,41.114234924316406
2024-07-15,41.71571731567383
2024-07-16,42.19108581542969
2024-07-17,42.51122283935547
2024-07-18,41.99705505371094
2024-07-19,41.570194244384766
2024-07-22,41.80302429199219
2024-07-23,41.880638122558594
2024-07-24,41.308265686035156
2024-07-25,41.46348571777344
2024-07-26,42.113468170166016
2024-07-29,42.055259704589844
2024-07-30,42.54032897949219
2024-07-31,42.433616638183594
2024-08-01,41.83213424682617
2024-08-02,40.80378723144531
2024-08-05,39.62022399902344
2024-08-06,40.26051330566406
2024-08-07,40.309024810791016
2024-08-08,40.959014892578125
2024-08-09,41.13364028930664
2024-08-12,40.92020797729492
2024-08-13,41.25974655151367
2024-08-14,41.764225006103516
2024-08-15,42.15227508544922
2024-08-16,42.46271896362305
2024-08-19,42.69554901123047
2024-08-20,42.559730529785156
2024-08-21,42.4918212890625
2024-08-22,42.73435592651367
2024-08-23,43.103004455566406
2024-08-26,43.23881912231445
2024-08-27,43.46195983886719
2024-08-28,43.568660736083984
2024-08-29,43.95671844482422
2024-08-30,44.37388610839844
2024-09-03,44.04404067993164
2024-09-04,44.09253692626953
2024-09-05,43.60747146606445
2024-09-06,42.967185974121094
2024-09-09,43.60747146606445
2024-09-10,43.16121292114258
2024-09-11,42.957489013671875
2024-09-12,43.05449295043945
2024-09-13,43.18061828613281
2024-09-16,43.743289947509766
2024-09-17,43.97612762451172
2024-09-18,43.84030532836914
2024-09-19,44.32537078857422
2024-09-20,44.2962646484375
2024-09-23,44.242713928222656
2024-09-24,43.87273406982422
2024-09-25,43.60984420776367
2024-09-26,43.83378219604492
2024-09-27,43.96036148071289
2024-09-30,44.12587356567383
2024-10-01,43.89220428466797
2024-10-02,43.94089126586914
2024-10-03,43.70721435546875
2024-10-04,44.44718551635742
2024-10-07,43.90193557739258
2024-10-08,44.155086517333984
2024-10-09,44.564022064208984
2024-10-10,44.42770767211914
2024-10-11,45.284523010253906
2024-10-14,45.56688690185547
2024-10-15,45.664249420166016
2024-10-16,46.22896194458008
2024-10-17,46.35553741455078
2024-10-18,46.36528015136719
2024-10-21,45.99529266357422
2024-10-22,45.90766143798828
2024-10-23,45.868717193603516
2024-10-24,45.90766143798828
2024-10-25,45.401363372802734
2024-10-28,45.96607971191406
2024-10-29,45.683719635009766
2024-10-30,45.888187408447266
2024-10-31,45.255313873291016
2024-11-01,45.41109848022461
2024-11-04,45.06058883666992
2024-11-05,45.47925567626953
2024-11-06,48.244422912597656
2024-11-07,47.46549987792969
2024-11-08,47.8939094543457
2024-11-11,48.57546615600586
2024-11-12,48.429420471191406
2024-11-13,48.4586296081543
2024-11-14,48.33205032348633
2024-11-15,48.55598831176758
2024-11-18,48.70204162597656
2024-11-19,48.3807373046875
2024-11-20,48.23468780517578
2024-11-21,48.848087310791016
2024-11-22,49.39332962036133
2024-11-25,49.71464157104492
2024-11-26,49.81200408935547
2024-11-27,49.909366607666016
2024-11-29,49.98725891113281
2024-12-02,49.49070358276367
2024-12-03,49.12070846557617
2024-12-04,48.93571472167969
2024-12-05,49.08176803588867
2024-12-06,49.0720329284668
2024-12-09,48.40020751953125
2024-12-10,48.390472412109375
2024-12-11,48.48783874511719
2024-12-12,48.27363586425781
2024-12-13,48.23468780517578
2024-12-16,48.14706039428711
2024-12-17,47.80628204345703
2024-12-18,46.37501907348633
2024-12-19,46.540531158447266
2024-12-20,47.23182678222656
2024-12-23,47.345252990722656
2024-12-24,47.90259552001953
2024-12-26,48.019935607910156
2024-12-27,47.66792297363281
2024-12-30,47.2083625793457
2024-12-31,47.25725173950195
2025-01-02,47.139915466308594
2025-01-03,47.511478424072266
2025-01-06,47.36481475830078
2025-01-07,47.25725173950195
2025-01-08,47.41370391845703
2025-01-10,46.26966857910156
2025-01-13,46.60211944580078
2025-01-14,47.17903137207031
2025-01-15,48.3817253112793
2025-01-16,48.70439529418945
2025-01-17,49.115074157714844
2025-01-21,49.525753021240234
2025-01-22,49.291080474853516
2025-01-23,49.574642181396484
2025-01-24,49.7213134765625
2025-01-27,50.26888656616211
2025-01-28,50.180885314941406
2025-01-29,50.14176940917969
2025-01-30,50.62089157104492
2025-01-31,50.32755661010742
2025-02-03,50.122215270996094
2025-02-04,50.00487518310547
2025-02-05,50.53288650512695
2025-02-06,50.95335006713867
2025-02-07,50.66978454589844
2025-02-10,50.26888656616211
2025-02-11,50.39600372314453
2025-02-12,50.21999740600586
2025-02-13,50.55244827270508
2025-02-14,50.650230407714844
2025-02-18,51.01201629638672
2025-02-19,51.03156661987305
2025-02-20,50.249324798583984
2025-02-21,49.623531341552734
2025-02-24,49.838653564453125
2025-02-25,49.82887268066406
2025-02-26,49.7213134765625
2025-02-27,49.9951057434082
2025-02-28,51.02179718017578
2025-03-03,50.59156036376953
2025-03-04,48.811954498291016
2025-03-05,49.09552001953125
2025-03-06,48.2839469909668
2025-03-07,48.02971267700195
2025-03-10,46.95413589477539
2025-03-11,46.55323028564453
2025-03-12,46.621673583984375
2025-03-13,46.36745071411133
2025-03-14,47.443031311035156
2025-03-17,48.00038146972656
2025-03-18,47.94171142578125
2025-03-19,48.4697265625
2025-03-20,48.538169860839844
2025-03-21,48.36216735839844
2025-03-24,49.2149658203125
2025-03-25,49.489749908447266
2025-03-26,49.34254455566406
2025-03-27,49.244407653808594
2025-03-28,48.2924919128418
2025-03-31,48.88130187988281
2025-04-01,48.82242202758789
2025-04-02,49.22477722167969
2025-04-03,46.80082702636719
2025-04-04,43.37590026855469
2025-04-07,43.26795196533203
2025-04-08,43.10111618041992
2025-04-09,46.34940719604492
2025-04-10,45.054019927978516
2025-04-11,45.79985427856445
2025-04-14,46.270896911621094
2025-04-15,46.38866424560547
2025-04-16,45.66245651245117
2025-04-17,45.78022384643555
2025-04-21,44.79887008666992
2025-04-22,46.28071594238281
2025-04-23,46.83027267456055
2025-04-24,47.35039520263672
2025-04-25,47.12467956542969
2025-04-28,47.27187728881836
2025-04-29,47.76255798339844
2025-04-30,47.85087966918945
2025-05-01,47.841068267822266
2025-05-02,48.83222961425781
2025-05-05,48.51820373535156
2025-05-06,48.24342346191406
2025-05-07,48.528018951416016
2025-05-08,48.93037414550781
2025-05-09,48.93037414550781
2025-05-12,49.92154312133789
2025-05-13,50.127628326416016
2025-05-14,49.990234375
2025-05-15,50.32389450073242
2025-05-16,50.62812042236328
2025-05-19,50.657554626464844
2025-05-20,50.38277816772461
2025-05-21,49.352352142333984
2025-05-22,49.2934684753418
2025-05-23,49.1168327331543
2025-05-27,49.98042297363281
2025-05-28,49.646766662597656
2025-05-29,49.901912689208984
2025-05-30,50.00986099243164
2025-06-02,50.02948760986328
2025-06-03,50.127628326416016
2025-06-04,49.8430290222168
2025-06-05,49.70564651489258
2025-06-06,50.32389450073242
2025-06-09,50.04911422729492
2025-06-10,50.10799789428711
2025-06-11,50.04911422729492
2025-06-12,50.04911422729492
2025-06-13,49.02851104736328
2025-06-16,49.58787536621094
2025-06-17,49.303287506103516
2025-06-18,49.283660888671875
2025-06-20,49.421051025390625
2025-06-23,50.043392181396484
2025-06-24,50.791778564453125
2025-06-25,50.62437438964844
2025-06-26,50.99856948852539
2025-06-27,51.14627456665039
2025-06-30,51.5697021484375
2025-07-01,51.85527420043945
2025-07-02,51.81588363647461
2025-07-03,52.377174377441406
2025-07-07,51.87496566772461
2025-07-08,51.412147521972656
2025-07-09,51.599246978759766
2025-07-10,51.904510498046875
2025-07-11,51.362911224365234
2025-07-14,51.74695587158203
2025-07-15,50.8607063293457
2025-07-16,51.215206146240234
2025-07-17,51.70756530761719
2025-07-18,51.73710632324219
2025-07-21,51.58939743041992
2025-07-22,51.87496566772461
2025-07-23,52.28854751586914
2025-07-24,52.259002685546875
2025-07-25,52.62335205078125
2025-07-28,52.259002685546875
2025-07-29,51.99313735961914
2025-07-30,51.89466094970703
2025-07-31,51.5697021484375
2025-08-01,50.614532470703125
2025-08-04,51.116729736328125
2025-08-05,50.909942626953125
2025-08-06,51.156124114990234
2025-08-07,50.584983825683594
2025-08-08,51.05765151977539
2025-08-11,51.037960052490234
2025-08-12,51.658329010009766
2025-08-13,51.95374298095703
2025-08-14,52.19992446899414
2025-08-15,51.658329010009766
2025-08-18,51.69771957397461
2025-08-19,51.79618453979492
2025-08-20,52.06206512451172
2025-08-21,51.89466094970703
2025-08-22,52.75136947631836
2025-08-25,52.446102142333984
2025-08-26,52.84983825683594
2025-08-27,52.95815658569336
2025-08-28,53.0270881652832
2025-08-29,53.164947509765625
2025-09-02,52.77105712890625
2025-09-03,52.68244171142578
2025-09-04,53.23387908935547
2025-09-05,52.259002685546875
2025-09-08,52.298397064208984
2025-09-09,52.52488327026367
2025-09-10,52.347633361816406
2025-09-11,53.2043342590332
2025-09-12,52.977848052978516
2025-09-15,52.859683990478516
2025-09-16,52.741519927978516
2025-09-17,53.25357437133789
2025-09-18,53.30281066894531
2025-09-19,53.42097473144531
2025-09-22,53.3498420715332
2025-09-23,53.112728118896484
2025-09-24,52.96453857421875
2025-09-25,52.82622528076172
2025-09-26,53.21152877807617
2025-09-29,53.47827911376953
2025-09-30,53.22140884399414
2025-10-01,52.74718475341797
2025-10-02,52.70766830444336
2025-10-03,53.07321548461914
2025-10-06,53.0534553527832
2025-10-07,53.12261199951172
2025-10-08,52.86574172973633
2025-10-09,52.67803192138672
2025-10-10,51.53199768066406
2025-10-13,52.025978088378906
2025-10-14,52.598995208740234
2025-10-15,52.598995208740234
2025-10-16,51.136810302734375
2025-10-17,51.5517578125
2025-10-20,52.15441131591797
2025-10-21,52.09513473510742
2025-10-22,51.79874801635742
2025-10-23,51.90742111206055
2025-10-24,52.470558166503906
2025-10-27,52.68791198730469
2025-10-28,52.35200500488281
2025-10-29,51.46284103393555
2025-10-30,51.60115432739258
2025-10-31,51.739463806152344
2025-11-03,51.522117614746094
2025-11-04,51.78886413574219
2025-11-05,51.966697692871094
2025-11-06,51.778987884521484
2025-11-07,52.14453125
2025-11-10,52.332244873046875
2025-11-11,52.56935119628906
2025-11-12,53.02381134033203
2025-11-13,52.34212112426758
2025-11-14,51.818504333496094
2025-11-17,50.830543518066406
2025-11-18,50.75150680541992
2025-11-19,50.9392204284668
2025-11-20,50.4946403503418
2025-11-21,51.04789352416992
2025-11-24,51.2652473449707
2025-11-25,51.90742111206055
2025-11-26,52.31248474121094
2025-11-28,52.68791198730469
2025-12-01,52.25320816040039
2025-12-02,52.20380783081055
2025-12-03,52.9052619934082
2025-12-04,53.013938903808594
2025-12-05,53.033695220947266
2025-12-08,52.83610153198242
2025-12-09,52.638511657714844
2025-12-10,53.24116897583008
2025-12-11,54.20936584472656
2025-12-12,54.28840637207031
2025-12-15,54.32792663574219
2025-12-16,53.98213577270508
2025-12-17,53.972259521484375
2025-12-18,53.88334274291992
2025-12-19,54.17972946166992
2025-12-22,54.844970703125
2025-12-23,54.95402526855469
2025-12-24,55.25144958496094
2025-12-26,55.142391204833984
2025-12-29,54.844970703125
2025-12-30,54.70616912841797
2025-12-31,54.29969024658203
2026-01-02,54.458316802978516
2026-01-05,55.648014068603516
2026-01-06,55.91569900512695
2026-01-07,55.13248062133789
2026-01-08,55.41999053955078
2026-01-09,55.25144958496094
2026-01-12,54.81522750854492
2026-01-13,53.76432800292969
2026-01-14,53.68501663208008
2026-01-15,53.90312576293945
2026-01-16,53.9725227355957
2026-01-20,52.7431755065918
2026-01-21,53.000938415527344
2026-01-22,53.34793472290039
2026-01-23,52.614288330078125
2026-01-26,52.95137023925781
2026-01-27,52.544891357421875
2026-01-28,52.534976959228516
2026-01-29,53.09016799926758
2026-01-30,52.981109619140625
2026-02-02,53.566043853759766
2026-02-03,53.070335388183594
2026-02-04,53.496646881103516
2026-02-05,52.832401275634766
2026-02-06,53.794071197509766
2026-02-09,53.4768180847168
2026-02-10,53.09016799926758
2026-02-11,52.28712463378906
2026-02-12,51.24613952636719
2026-02-13,51.206485748291016
2026-02-17,51.75175857543945
2026-02-18,52.13841247558594
2026-02-19,51.70219039916992
2026-02-20,52.03927230834961
2026-02-23,50.29438018798828
2026-02-24,50.542236328125
2026-02-25,51.42459487915039
2026-02-26,52.0491828918457
2026-02-27,50.988372802734375
2026-03-02,50.85948944091797
2026-03-03,50.770263671875
2026-03-04,51.057769775390625
2026-03-05,50.79008865356445
2026-03-06,50.13575744628906
2026-03-09,49.89781951904297
2026-03-10,49.63013458251953
2026-03-11,49.213741302490234
2026-03-12,48.41069793701172
2026-03-13,48.470184326171875
2026-03-16,48.87665939331055
2026-03-17,49.13443374633789
2026-03-18,48.54949951171875
2026-03-19,48.56932830810547
2026-03-20,48.65855407714844
2026-03-23,49.0980110168457
2026-03-24,49.107975006103516
2026-03-25,49.16776657104492
2026-03-26,48.87877655029297
2026-03-27,47.64310836791992
2026-03-30,48.19118881225586
2026-03-31,49.197662353515625
2026-04-01,49.267417907714844
2026-04-02,49.35710144042969
2026-04-06,49.70588302612305
2026-04-07,49.70588302612305
2026-04-08,51.02127456665039
2026-04-09,51.150821685791016
2026-04-10,50.5927734375
2026-04-13,51.47966766357422
2026-04-14,51.599246978759766
2026-04-15,51.987884521484375
2026-04-16,51.84837341308594
2026-04-17,52.246978759765625
2026-04-20,52.44628143310547
2026-04-21,52.117431640625
2026-04-22,52.027748107910156
2026-04-23,51.619178771972656
2026-04-24,51.24050521850586
2026-04-27,51.629146575927734
2026-04-28,51.669002532958984
2026-04-29,51.7387580871582
2026-04-30,51.948028564453125
2026-05-01,51.7387580871582
2026-05-04,51.39994812011719
2026-05-05,51.409912109375
2026-05-06,51.65903854370117
2026-05-07,51.370052337646484
2026-05-08,51.061134338378906
2026-05-11,51.0013427734375
2026-05-12,51.39994812011719
2026-05-13,50.812007904052734
2026-05-14,51.1109619140625
2026-05-15,50.92162322998047
2026-05-18,51.559391021728516
2026-05-19,50.92162322998047
2026-05-20,51.47966766357422
2026-05-21,51.54942321777344
2026-05-22,51.758689880371094
2026-05-26,51.669002532958984
2026-05-27,51.24050521850586
2026-05-28,51.09103012084961
2026-05-29,51.39994812011719
2026-06-01,51.25047302246094
2026-06-02,51.280364990234375
2026-06-03,50.69242477416992
2026-06-04,52.007816314697266
2026-06-05,52.117431640625
2026-06-08,51.7885856628418
2026-06-09,52.27687454223633
2026-06-10,52.04767608642578
2026-06-11,52.436317443847656
2026-06-12,53.153804779052734
2026-06-15,53.3730354309082
2026-06-16,54.1602783203125
2026-06-17,53.861324310302734
2026-06-18,53.382999420166016
2026-06-22,53.70000076293945
2026-06-23,53.880001068115234
2026-06-24,53.720001220703125
2026-06-25,53.45000076293945
2026-06-26,53.56999969482422
2026-06-29,53.720001220703125
2026-06-30,53.61000061035156
2026-07-01,54.779998779296875
2026-07-02,55.619998931884766
2026-07-06,56.13999938964844
2026-07-07,56.04999923706055
2026-07-08,54.970001220703125
2026-07-09,55.540000915527344
2026-07-10,55.709999084472656
2026-07-13,56.06999969482422
2026-07-14,56.18000030517578
2026-07-15,56.560001373291016
2026-07-16,56.75
2026-07-17,56.2599983215332
2026-07-20,56.040000915527344
2026-07-21,56.11000061035156
2026-07-22,56.04999923706055
